#-----------------------------------------------------------
# Vivado v2019.2 (64-bit)
# SW Build 2708876 on Wed Nov  6 21:40:23 MST 2019
# IP Build 2700528 on Thu Nov  7 00:09:20 MST 2019
# Start of session at: Mon Jul 20 20:00:24 2026
# Process ID: 40008
# Current directory: D:/loongarch_soc/nh3_soc_dma_touch_demo
# Command line: vivado.exe -mode batch -source scripts\synth_impl_direct.tcl
# Log file: D:/loongarch_soc/nh3_soc_dma_touch_demo/vivado.log
# Journal file: D:/loongarch_soc/nh3_soc_dma_touch_demo\vivado.jou
#-----------------------------------------------------------
CRITICAL WARNING: [Common 17-741] No write access right to the local Tcl store at 'C'. XilinxTclStore is reverted to the installation area. If you want to use local Tcl Store, please change the access right and relaunch Vivado.
source {scripts\synth_impl_direct.tcl}
# set script_dir [file dirname [file normalize [info script]]]
# set root_dir [file normalize [file join $script_dir ..]]
# set project_file [file join $root_dir project nh3_soc_dma_touch_demo.xpr]
# set report_dir [file join $root_dir reports]
# set output_dir [file join $root_dir output]
# proc assert_zero_dsp {stage} {
#     set dsp_cells [get_cells -hier -filter {REF_NAME =~ DSP48* || PRIMITIVE_TYPE =~ ARITHMETIC.DSP*}]
#     set count [llength $dsp_cells]
#     puts "${stage}_DSP48_COUNT=$count"
#     if {$count != 0} {
#         error "$stage uses DSP48 cells: $dsp_cells"
#     }
# }
# set_param general.maxThreads 16
# file mkdir $report_dir
# file mkdir $output_dir
# open_project $project_file
Scanning sources...
Finished scanning sources
# if {[get_property PART [current_project]] ne "xc7a200tfbg676-1"} {
#     error "wrong FPGA part: [get_property PART [current_project]]"
# }
# synth_design -top nh3_demo_soc_top -part xc7a200tfbg676-1 \
#     -flatten_hierarchy rebuilt
Command: synth_design -top nh3_demo_soc_top -part xc7a200tfbg676-1 -flatten_hierarchy rebuilt
Starting synth_design
Attempting to get a license for feature 'Synthesis' and/or device 'xc7a200t'
INFO: [Common 17-349] Got license for feature 'Synthesis' and/or device 'xc7a200t'
INFO: [Device 21-403] Loading part xc7a200tfbg676-1
INFO: Launching helper process for spawning children vivado processes
INFO: Helper process launched with PID 48600 
---------------------------------------------------------------------------------
Starting RTL Elaboration : Time (s): cpu = 00:00:03 ; elapsed = 00:00:03 . Memory (MB): peak = 850.707 ; gain = 234.426
---------------------------------------------------------------------------------
INFO: [Synth 8-6157] synthesizing module 'nh3_demo_soc_top' [D:/loongarch_soc/nh3_soc_dma_touch_demo/rtl/nh3_demo_soc_top.v:3]
	Parameter SIMULATION bound to: 1'b0 
	Parameter MEM_INIT_FILE bound to: firmware.memh - type: string 
	Parameter NH3_MEM_DIR bound to: mem - type: string 
INFO: [Synth 8-5534] Detected attribute (* ASYNC_REG = "TRUE" *) [D:/loongarch_soc/nh3_soc_dma_touch_demo/rtl/nh3_demo_soc_top.v:86]
INFO: [Synth 8-5534] Detected attribute (* ASYNC_REG = "TRUE" *) [D:/loongarch_soc/nh3_soc_dma_touch_demo/rtl/nh3_demo_soc_top.v:87]
INFO: [Synth 8-5534] Detected attribute (* ASYNC_REG = "TRUE" *) [D:/loongarch_soc/nh3_soc_dma_touch_demo/rtl/nh3_demo_soc_top.v:145]
INFO: [Synth 8-5534] Detected attribute (* ASYNC_REG = "TRUE" *) [D:/loongarch_soc/nh3_soc_dma_touch_demo/rtl/nh3_demo_soc_top.v:146]
INFO: [Synth 8-5534] Detected attribute (* ASYNC_REG = "TRUE" *) [D:/loongarch_soc/nh3_soc_dma_touch_demo/rtl/nh3_demo_soc_top.v:147]
INFO: [Synth 8-5534] Detected attribute (* ASYNC_REG = "TRUE" *) [D:/loongarch_soc/nh3_soc_dma_touch_demo/rtl/nh3_demo_soc_top.v:148]
INFO: [Synth 8-5534] Detected attribute (* ASYNC_REG = "TRUE" *) [D:/loongarch_soc/nh3_soc_dma_touch_demo/rtl/nh3_demo_soc_top.v:149]
INFO: [Synth 8-5534] Detected attribute (* ASYNC_REG = "TRUE" *) [D:/loongarch_soc/nh3_soc_dma_touch_demo/rtl/nh3_demo_soc_top.v:150]
INFO: [Synth 8-5534] Detected attribute (* ASYNC_REG = "TRUE" *) [D:/loongarch_soc/nh3_soc_dma_touch_demo/rtl/nh3_demo_soc_top.v:151]
INFO: [Synth 8-5534] Detected attribute (* ASYNC_REG = "TRUE" *) [D:/loongarch_soc/nh3_soc_dma_touch_demo/rtl/nh3_demo_soc_top.v:152]
INFO: [Synth 8-5534] Detected attribute (* ASYNC_REG = "TRUE" *) [D:/loongarch_soc/nh3_soc_dma_touch_demo/rtl/nh3_demo_soc_top.v:153]
INFO: [Synth 8-5534] Detected attribute (* ASYNC_REG = "TRUE" *) [D:/loongarch_soc/nh3_soc_dma_touch_demo/rtl/nh3_demo_soc_top.v:154]
INFO: [Synth 8-6157] synthesizing module 'IBUF' [D:/Xilinx/Vivado/2019.2/scripts/rt/data/unisim_comp.v:32937]
	Parameter CAPACITANCE bound to: DONT_CARE - type: string 
	Parameter IBUF_DELAY_VALUE bound to: 0 - type: string 
	Parameter IBUF_LOW_PWR bound to: TRUE - type: string 
	Parameter IFD_DELAY_VALUE bound to: AUTO - type: string 
	Parameter IOSTANDARD bound to: DEFAULT - type: string 
INFO: [Synth 8-6155] done synthesizing module 'IBUF' (1#1) [D:/Xilinx/Vivado/2019.2/scripts/rt/data/unisim_comp.v:32937]
INFO: [Synth 8-6157] synthesizing module 'BUFG' [D:/Xilinx/Vivado/2019.2/scripts/rt/data/unisim_comp.v:1075]
INFO: [Synth 8-6155] done synthesizing module 'BUFG' (2#1) [D:/Xilinx/Vivado/2019.2/scripts/rt/data/unisim_comp.v:1075]
INFO: [Synth 8-6157] synthesizing module 'gt9147_touch' [D:/loongarch_soc/nh3_soc_dma_touch_demo/rtl/display/gt9147_touch.v:5]
	Parameter SIMULATION bound to: 1'b0 
	Parameter I2C_DIVIDER bound to: 250 - type: integer 
	Parameter RESET_LOW_CYCLES bound to: 2000000 - type: integer 
	Parameter RESET_HOLD_CYCLES bound to: 1000000 - type: integer 
	Parameter BOOT_WAIT_CYCLES bound to: 5000000 - type: integer 
	Parameter POLL_CYCLES bound to: 500000 - type: integer 
	Parameter ST_RESET_LOW bound to: 5'b00000 
	Parameter ST_RESET_HOLD bound to: 5'b00001 
	Parameter ST_BOOT_WAIT bound to: 5'b00010 
	Parameter ST_POLL_WAIT bound to: 5'b00011 
	Parameter ST_READ_START bound to: 5'b00100 
	Parameter ST_READ_DEV_W bound to: 5'b00101 
	Parameter ST_READ_REG_H bound to: 5'b00110 
	Parameter ST_READ_REG_L bound to: 5'b00111 
	Parameter ST_READ_RESTART bound to: 5'b01000 
	Parameter ST_READ_DEV_R bound to: 5'b01001 
	Parameter ST_READ_DATA bound to: 5'b01010 
	Parameter ST_READ_STOP bound to: 5'b01011 
	Parameter ST_EVALUATE bound to: 5'b01100 
	Parameter ST_CLEAR_START bound to: 5'b01101 
	Parameter ST_CLEAR_DEV_W bound to: 5'b01110 
	Parameter ST_CLEAR_REG_H bound to: 5'b01111 
	Parameter ST_CLEAR_REG_L bound to: 5'b10000 
	Parameter ST_CLEAR_DATA bound to: 5'b10001 
	Parameter ST_CLEAR_STOP bound to: 5'b10010 
	Parameter ST_ABORT_STOP bound to: 5'b10011 
	Parameter OP_START bound to: 3'b000 
	Parameter OP_STOP bound to: 3'b001 
	Parameter OP_WRITE bound to: 3'b010 
	Parameter OP_READ bound to: 3'b011 
INFO: [Synth 8-5534] Detected attribute (* ASYNC_REG = "TRUE" *) [D:/loongarch_soc/nh3_soc_dma_touch_demo/rtl/display/gt9147_touch.v:56]
INFO: [Synth 8-5534] Detected attribute (* ASYNC_REG = "TRUE" *) [D:/loongarch_soc/nh3_soc_dma_touch_demo/rtl/display/gt9147_touch.v:57]
INFO: [Synth 8-6157] synthesizing module 'i2c_open_drain_engine' [D:/loongarch_soc/nh3_soc_dma_touch_demo/rtl/display/gt9147_touch.v:369]
	Parameter CLOCK_DIVIDER bound to: 250 - type: integer 
	Parameter OP_START bound to: 3'b000 
	Parameter OP_STOP bound to: 3'b001 
	Parameter OP_WRITE bound to: 3'b010 
	Parameter OP_READ bound to: 3'b011 
	Parameter SAFE_DIVIDER bound to: 250 - type: integer 
INFO: [Synth 8-6155] done synthesizing module 'i2c_open_drain_engine' (3#1) [D:/loongarch_soc/nh3_soc_dma_touch_demo/rtl/display/gt9147_touch.v:369]
WARNING: [Synth 8-6014] Unused sequential element point_id_reg was removed.  [D:/loongarch_soc/nh3_soc_dma_touch_demo/rtl/display/gt9147_touch.v:120]
INFO: [Synth 8-6155] done synthesizing module 'gt9147_touch' (4#1) [D:/loongarch_soc/nh3_soc_dma_touch_demo/rtl/display/gt9147_touch.v:5]
INFO: [Synth 8-6157] synthesizing module 'nh3_touch_demo_control' [D:/loongarch_soc/nh3_soc_dma_touch_demo/rtl/display/gt9147_touch.v:521]
INFO: [Synth 8-6155] done synthesizing module 'nh3_touch_demo_control' (5#1) [D:/loongarch_soc/nh3_soc_dma_touch_demo/rtl/display/gt9147_touch.v:521]
INFO: [Synth 8-6157] synthesizing module 'soc_top' [D:/loongarch_soc/nh3_soc_dma_touch_demo/rtl/soc_top.v:40]
	Parameter SIMULATION bound to: 1'b0 
	Parameter MEM_INIT_FILE bound to: firmware.memh - type: string 
	Parameter NH3_MEM_DIR bound to: mem - type: string 
INFO: [Synth 8-6157] synthesizing module 'stage3_clk_pll' [D:/loongarch_soc/nh3_soc_dma_touch_demo/rtl/ip/stage3_pll/stage3_clk_pll.v:1]
INFO: [Synth 8-6157] synthesizing module 'stage3_clk_pll_clocking' [D:/loongarch_soc/nh3_soc_dma_touch_demo/rtl/ip/stage3_pll/stage3_clk_pll.v:30]
INFO: [Synth 8-6157] synthesizing module 'PLLE2_ADV' [D:/Xilinx/Vivado/2019.2/scripts/rt/data/unisim_comp.v:61416]
	Parameter BANDWIDTH bound to: OPTIMIZED - type: string 
	Parameter CLKFBOUT_MULT bound to: 28 - type: integer 
	Parameter CLKFBOUT_PHASE bound to: 0.000000 - type: double 
	Parameter CLKIN1_PERIOD bound to: 10.000000 - type: double 
	Parameter CLKIN2_PERIOD bound to: 0.000000 - type: double 
	Parameter CLKOUT0_DIVIDE bound to: 28 - type: integer 
	Parameter CLKOUT0_DUTY_CYCLE bound to: 0.500000 - type: double 
	Parameter CLKOUT0_PHASE bound to: 0.000000 - type: double 
	Parameter CLKOUT1_DIVIDE bound to: 16 - type: integer 
	Parameter CLKOUT1_DUTY_CYCLE bound to: 0.500000 - type: double 
	Parameter CLKOUT1_PHASE bound to: 0.000000 - type: double 
	Parameter CLKOUT2_DIVIDE bound to: 1 - type: integer 
	Parameter CLKOUT2_DUTY_CYCLE bound to: 0.500000 - type: double 
	Parameter CLKOUT2_PHASE bound to: 0.000000 - type: double 
	Parameter CLKOUT3_DIVIDE bound to: 1 - type: integer 
	Parameter CLKOUT3_DUTY_CYCLE bound to: 0.500000 - type: double 
	Parameter CLKOUT3_PHASE bound to: 0.000000 - type: double 
	Parameter CLKOUT4_DIVIDE bound to: 1 - type: integer 
	Parameter CLKOUT4_DUTY_CYCLE bound to: 0.500000 - type: double 
	Parameter CLKOUT4_PHASE bound to: 0.000000 - type: double 
	Parameter CLKOUT5_DIVIDE bound to: 1 - type: integer 
	Parameter CLKOUT5_DUTY_CYCLE bound to: 0.500000 - type: double 
	Parameter CLKOUT5_PHASE bound to: 0.000000 - type: double 
	Parameter COMPENSATION bound to: ZHOLD - type: string 
	Parameter DIVCLK_DIVIDE bound to: 3 - type: integer 
	Parameter IS_CLKINSEL_INVERTED bound to: 1'b0 
	Parameter IS_PWRDWN_INVERTED bound to: 1'b0 
	Parameter IS_RST_INVERTED bound to: 1'b0 
	Parameter REF_JITTER1 bound to: 0.010000 - type: double 
	Parameter REF_JITTER2 bound to: 0.010000 - type: double 
	Parameter STARTUP_WAIT bound to: FALSE - type: string 
INFO: [Synth 8-6155] done synthesizing module 'PLLE2_ADV' (6#1) [D:/Xilinx/Vivado/2019.2/scripts/rt/data/unisim_comp.v:61416]
INFO: [Synth 8-6155] done synthesizing module 'stage3_clk_pll_clocking' (7#1) [D:/loongarch_soc/nh3_soc_dma_touch_demo/rtl/ip/stage3_pll/stage3_clk_pll.v:30]
INFO: [Synth 8-6155] done synthesizing module 'stage3_clk_pll' (8#1) [D:/loongarch_soc/nh3_soc_dma_touch_demo/rtl/ip/stage3_pll/stage3_clk_pll.v:1]
INFO: [Synth 8-6157] synthesizing module 'rst_sync' [D:/loongarch_soc/nh3_soc_dma_touch_demo/rtl/ip/rst_sync/rst_sync.v:1]
INFO: [Synth 8-6155] done synthesizing module 'rst_sync' (9#1) [D:/loongarch_soc/nh3_soc_dma_touch_demo/rtl/ip/rst_sync/rst_sync.v:1]
INFO: [Synth 8-6157] synthesizing module 'AxiCrossbar_2x8' [D:/loongarch_soc/nh3_soc_dma_touch_demo/rtl/ip/Bus_interconnects/AxiCrossbar_2x8.v:5]
INFO: [Synth 8-6157] synthesizing module 'Axi4ReadOnlyDecoder' [D:/loongarch_soc/nh3_soc_dma_touch_demo/rtl/ip/Bus_interconnects/AxiCrossbar_2x8.v:5442]
INFO: [Synth 8-6157] synthesizing module 'Axi4ReadOnlyErrorSlave_1' [D:/loongarch_soc/nh3_soc_dma_touch_demo/rtl/ip/Bus_interconnects/AxiCrossbar_2x8.v:6133]
WARNING: [Synth 8-3848] Net io_axi_r_payload_data in module/entity Axi4ReadOnlyErrorSlave_1 does not have driver. [D:/loongarch_soc/nh3_soc_dma_touch_demo/rtl/ip/Bus_interconnects/AxiCrossbar_2x8.v:6146]
INFO: [Synth 8-6155] done synthesizing module 'Axi4ReadOnlyErrorSlave_1' (10#1) [D:/loongarch_soc/nh3_soc_dma_touch_demo/rtl/ip/Bus_interconnects/AxiCrossbar_2x8.v:6133]
INFO: [Synth 8-6155] done synthesizing module 'Axi4ReadOnlyDecoder' (11#1) [D:/loongarch_soc/nh3_soc_dma_touch_demo/rtl/ip/Bus_interconnects/AxiCrossbar_2x8.v:5442]
INFO: [Synth 8-6157] synthesizing module 'Axi4WriteOnlyDecoder' [D:/loongarch_soc/nh3_soc_dma_touch_demo/rtl/ip/Bus_interconnects/AxiCrossbar_2x8.v:4890]
INFO: [Synth 8-6157] synthesizing module 'Axi4WriteOnlyErrorSlave_1' [D:/loongarch_soc/nh3_soc_dma_touch_demo/rtl/ip/Bus_interconnects/AxiCrossbar_2x8.v:6065]
INFO: [Synth 8-6155] done synthesizing module 'Axi4WriteOnlyErrorSlave_1' (12#1) [D:/loongarch_soc/nh3_soc_dma_touch_demo/rtl/ip/Bus_interconnects/AxiCrossbar_2x8.v:6065]
INFO: [Synth 8-6155] done synthesizing module 'Axi4WriteOnlyDecoder' (13#1) [D:/loongarch_soc/nh3_soc_dma_touch_demo/rtl/ip/Bus_interconnects/AxiCrossbar_2x8.v:4890]
INFO: [Synth 8-6157] synthesizing module 'Axi4ReadOnlyDecoder_1' [D:/loongarch_soc/nh3_soc_dma_touch_demo/rtl/ip/Bus_interconnects/AxiCrossbar_2x8.v:4578]
INFO: [Synth 8-6155] done synthesizing module 'Axi4ReadOnlyDecoder_1' (14#1) [D:/loongarch_soc/nh3_soc_dma_touch_demo/rtl/ip/Bus_interconnects/AxiCrossbar_2x8.v:4578]
INFO: [Synth 8-6157] synthesizing module 'Axi4WriteOnlyDecoder_1' [D:/loongarch_soc/nh3_soc_dma_touch_demo/rtl/ip/Bus_interconnects/AxiCrossbar_2x8.v:4192]
INFO: [Synth 8-6155] done synthesizing module 'Axi4WriteOnlyDecoder_1' (15#1) [D:/loongarch_soc/nh3_soc_dma_touch_demo/rtl/ip/Bus_interconnects/AxiCrossbar_2x8.v:4192]
INFO: [Synth 8-6157] synthesizing module 'Axi4ReadOnlyArbiter' [D:/loongarch_soc/nh3_soc_dma_touch_demo/rtl/ip/Bus_interconnects/AxiCrossbar_2x8.v:4050]
INFO: [Synth 8-6157] synthesizing module 'StreamArbiter_7' [D:/loongarch_soc/nh3_soc_dma_touch_demo/rtl/ip/Bus_interconnects/AxiCrossbar_2x8.v:5959]
INFO: [Synth 8-6155] done synthesizing module 'StreamArbiter_7' (16#1) [D:/loongarch_soc/nh3_soc_dma_touch_demo/rtl/ip/Bus_interconnects/AxiCrossbar_2x8.v:5959]
INFO: [Synth 8-6155] done synthesizing module 'Axi4ReadOnlyArbiter' (17#1) [D:/loongarch_soc/nh3_soc_dma_touch_demo/rtl/ip/Bus_interconnects/AxiCrossbar_2x8.v:4050]
INFO: [Synth 8-6157] synthesizing module 'Axi4WriteOnlyArbiter' [D:/loongarch_soc/nh3_soc_dma_touch_demo/rtl/ip/Bus_interconnects/AxiCrossbar_2x8.v:3767]
INFO: [Synth 8-6157] synthesizing module 'StreamFifoLowLatency_3' [D:/loongarch_soc/nh3_soc_dma_touch_demo/rtl/ip/Bus_interconnects/AxiCrossbar_2x8.v:5916]
INFO: [Synth 8-6157] synthesizing module 'StreamFifo_3' [D:/loongarch_soc/nh3_soc_dma_touch_demo/rtl/ip/Bus_interconnects/AxiCrossbar_2x8.v:6205]
INFO: [Synth 8-5534] Detected attribute (* ram_style = "distributed" *) [D:/loongarch_soc/nh3_soc_dma_touch_demo/rtl/ip/Bus_interconnects/AxiCrossbar_2x8.v:6244]
WARNING: [Synth 8-6014] Unused sequential element logic_ptr_wentUp_reg was removed.  [D:/loongarch_soc/nh3_soc_dma_touch_demo/rtl/ip/Bus_interconnects/AxiCrossbar_2x8.v:6309]
INFO: [Synth 8-6155] done synthesizing module 'StreamFifo_3' (18#1) [D:/loongarch_soc/nh3_soc_dma_touch_demo/rtl/ip/Bus_interconnects/AxiCrossbar_2x8.v:6205]
INFO: [Synth 8-6155] done synthesizing module 'StreamFifoLowLatency_3' (19#1) [D:/loongarch_soc/nh3_soc_dma_touch_demo/rtl/ip/Bus_interconnects/AxiCrossbar_2x8.v:5916]
INFO: [Synth 8-6155] done synthesizing module 'Axi4WriteOnlyArbiter' (20#1) [D:/loongarch_soc/nh3_soc_dma_touch_demo/rtl/ip/Bus_interconnects/AxiCrossbar_2x8.v:3767]
INFO: [Synth 8-6157] synthesizing module 'Axi4WriteOnlyArbiter_1' [D:/loongarch_soc/nh3_soc_dma_touch_demo/rtl/ip/Bus_interconnects/AxiCrossbar_2x8.v:3482]
INFO: [Synth 8-6155] done synthesizing module 'Axi4WriteOnlyArbiter_1' (21#1) [D:/loongarch_soc/nh3_soc_dma_touch_demo/rtl/ip/Bus_interconnects/AxiCrossbar_2x8.v:3482]
INFO: [Synth 8-6157] synthesizing module 'Axi4WriteOnlyArbiter_2' [D:/loongarch_soc/nh3_soc_dma_touch_demo/rtl/ip/Bus_interconnects/AxiCrossbar_2x8.v:3197]
INFO: [Synth 8-6155] done synthesizing module 'Axi4WriteOnlyArbiter_2' (22#1) [D:/loongarch_soc/nh3_soc_dma_touch_demo/rtl/ip/Bus_interconnects/AxiCrossbar_2x8.v:3197]
INFO: [Synth 8-6157] synthesizing module 'Axi4WriteOnlyArbiter_3' [D:/loongarch_soc/nh3_soc_dma_touch_demo/rtl/ip/Bus_interconnects/AxiCrossbar_2x8.v:2912]
INFO: [Synth 8-6155] done synthesizing module 'Axi4WriteOnlyArbiter_3' (23#1) [D:/loongarch_soc/nh3_soc_dma_touch_demo/rtl/ip/Bus_interconnects/AxiCrossbar_2x8.v:2912]
INFO: [Synth 8-6155] done synthesizing module 'AxiCrossbar_2x8' (24#1) [D:/loongarch_soc/nh3_soc_dma_touch_demo/rtl/ip/Bus_interconnects/AxiCrossbar_2x8.v:5]
WARNING: [Synth 8-689] width (2) of port connection 'axiOut_3_awlock' does not match port width (1) of module 'AxiCrossbar_2x8' [D:/loongarch_soc/nh3_soc_dma_touch_demo/rtl/soc_top.v:919]
WARNING: [Synth 8-689] width (2) of port connection 'axiOut_3_arlock' does not match port width (1) of module 'AxiCrossbar_2x8' [D:/loongarch_soc/nh3_soc_dma_touch_demo/rtl/soc_top.v:941]
INFO: [Synth 8-6157] synthesizing module 'core_top' [D:/loongarch_soc/nh3_soc_dma_touch_demo/rtl/ip/open-la500/mycpu_top.v:1]
	Parameter TLBNUM bound to: 32 - type: integer 
INFO: [Synth 8-6157] synthesizing module 'if_stage' [D:/loongarch_soc/nh3_soc_dma_touch_demo/rtl/ip/open-la500/if_stage.v:4]
	Parameter flush_inst_req_empty bound to: 1'b0 
	Parameter flush_inst_req_full bound to: 1'b1 
	Parameter br_target_inst_req_empty bound to: 3'b001 
	Parameter br_target_inst_req_wait_slot bound to: 3'b010 
	Parameter br_target_inst_req_wait_br_target bound to: 3'b100 
INFO: [Synth 8-6155] done synthesizing module 'if_stage' (25#1) [D:/loongarch_soc/nh3_soc_dma_touch_demo/rtl/ip/open-la500/if_stage.v:4]
INFO: [Synth 8-6157] synthesizing module 'id_stage' [D:/loongarch_soc/nh3_soc_dma_touch_demo/rtl/ip/open-la500/id_stage.v:3]
INFO: [Synth 8-6157] synthesizing module 'decoder_6_64' [D:/loongarch_soc/nh3_soc_dma_touch_demo/rtl/ip/open-la500/tools.v:85]
INFO: [Synth 8-6155] done synthesizing module 'decoder_6_64' (26#1) [D:/loongarch_soc/nh3_soc_dma_touch_demo/rtl/ip/open-la500/tools.v:85]
INFO: [Synth 8-6157] synthesizing module 'decoder_4_16' [D:/loongarch_soc/nh3_soc_dma_touch_demo/rtl/ip/open-la500/tools.v:26]
INFO: [Synth 8-6155] done synthesizing module 'decoder_4_16' (27#1) [D:/loongarch_soc/nh3_soc_dma_touch_demo/rtl/ip/open-la500/tools.v:26]
INFO: [Synth 8-6157] synthesizing module 'decoder_2_4' [D:/loongarch_soc/nh3_soc_dma_touch_demo/rtl/ip/open-la500/tools.v:1]
INFO: [Synth 8-6155] done synthesizing module 'decoder_2_4' (28#1) [D:/loongarch_soc/nh3_soc_dma_touch_demo/rtl/ip/open-la500/tools.v:1]
INFO: [Synth 8-6157] synthesizing module 'decoder_5_32' [D:/loongarch_soc/nh3_soc_dma_touch_demo/rtl/ip/open-la500/tools.v:57]
INFO: [Synth 8-6155] done synthesizing module 'decoder_5_32' (29#1) [D:/loongarch_soc/nh3_soc_dma_touch_demo/rtl/ip/open-la500/tools.v:57]
INFO: [Synth 8-6157] synthesizing module 'regfile' [D:/loongarch_soc/nh3_soc_dma_touch_demo/rtl/ip/open-la500/regfile.v:1]
INFO: [Synth 8-6155] done synthesizing module 'regfile' (30#1) [D:/loongarch_soc/nh3_soc_dma_touch_demo/rtl/ip/open-la500/regfile.v:1]
INFO: [Synth 8-6155] done synthesizing module 'id_stage' (31#1) [D:/loongarch_soc/nh3_soc_dma_touch_demo/rtl/ip/open-la500/id_stage.v:3]
INFO: [Synth 8-6157] synthesizing module 'exe_stage' [D:/loongarch_soc/nh3_soc_dma_touch_demo/rtl/ip/open-la500/exe_stage.v:4]
INFO: [Synth 8-6157] synthesizing module 'alu' [D:/loongarch_soc/nh3_soc_dma_touch_demo/rtl/ip/open-la500/alu.v:1]
INFO: [Synth 8-6155] done synthesizing module 'alu' (32#1) [D:/loongarch_soc/nh3_soc_dma_touch_demo/rtl/ip/open-la500/alu.v:1]
INFO: [Synth 8-6155] done synthesizing module 'exe_stage' (33#1) [D:/loongarch_soc/nh3_soc_dma_touch_demo/rtl/ip/open-la500/exe_stage.v:4]
INFO: [Synth 8-6157] synthesizing module 'div' [D:/loongarch_soc/nh3_soc_dma_touch_demo/rtl/ip/open-la500/div.v:2]
INFO: [Synth 8-6155] done synthesizing module 'div' (34#1) [D:/loongarch_soc/nh3_soc_dma_touch_demo/rtl/ip/open-la500/div.v:2]
INFO: [Synth 8-6157] synthesizing module 'mul' [D:/loongarch_soc/nh3_soc_dma_touch_demo/rtl/ip/open-la500/mul.v:120]
INFO: [Synth 8-6157] synthesizing module 'BoothInterBase' [D:/loongarch_soc/nh3_soc_dma_touch_demo/rtl/ip/open-la500/mul.v:29]
INFO: [Synth 8-6157] synthesizing module 'BoothBase' [D:/loongarch_soc/nh3_soc_dma_touch_demo/rtl/ip/open-la500/mul.v:14]
INFO: [Synth 8-6155] done synthesizing module 'BoothBase' (35#1) [D:/loongarch_soc/nh3_soc_dma_touch_demo/rtl/ip/open-la500/mul.v:14]
INFO: [Synth 8-6157] synthesizing module 'YDecoder' [D:/loongarch_soc/nh3_soc_dma_touch_demo/rtl/ip/open-la500/mul.v:1]
INFO: [Synth 8-6155] done synthesizing module 'YDecoder' (36#1) [D:/loongarch_soc/nh3_soc_dma_touch_demo/rtl/ip/open-la500/mul.v:1]
INFO: [Synth 8-6155] done synthesizing module 'BoothInterBase' (37#1) [D:/loongarch_soc/nh3_soc_dma_touch_demo/rtl/ip/open-la500/mul.v:29]
INFO: [Synth 8-6157] synthesizing module 'WallaceTreeBase' [D:/loongarch_soc/nh3_soc_dma_touch_demo/rtl/ip/open-la500/mul.v:77]
INFO: [Synth 8-6157] synthesizing module 'addr' [D:/loongarch_soc/nh3_soc_dma_touch_demo/rtl/ip/open-la500/mul.v:66]
INFO: [Synth 8-6155] done synthesizing module 'addr' (38#1) [D:/loongarch_soc/nh3_soc_dma_touch_demo/rtl/ip/open-la500/mul.v:66]
INFO: [Synth 8-6155] done synthesizing module 'WallaceTreeBase' (39#1) [D:/loongarch_soc/nh3_soc_dma_touch_demo/rtl/ip/open-la500/mul.v:77]
INFO: [Synth 8-6155] done synthesizing module 'mul' (40#1) [D:/loongarch_soc/nh3_soc_dma_touch_demo/rtl/ip/open-la500/mul.v:120]
INFO: [Synth 8-6157] synthesizing module 'mem_stage' [D:/loongarch_soc/nh3_soc_dma_touch_demo/rtl/ip/open-la500/mem_stage.v:4]
INFO: [Synth 8-6155] done synthesizing module 'mem_stage' (41#1) [D:/loongarch_soc/nh3_soc_dma_touch_demo/rtl/ip/open-la500/mem_stage.v:4]
INFO: [Synth 8-6157] synthesizing module 'wb_stage' [D:/loongarch_soc/nh3_soc_dma_touch_demo/rtl/ip/open-la500/wb_stage.v:4]
INFO: [Synth 8-6155] done synthesizing module 'wb_stage' (42#1) [D:/loongarch_soc/nh3_soc_dma_touch_demo/rtl/ip/open-la500/wb_stage.v:4]
INFO: [Synth 8-6157] synthesizing module 'csr' [D:/loongarch_soc/nh3_soc_dma_touch_demo/rtl/ip/open-la500/csr.v:4]
	Parameter TLBNUM bound to: 32 - type: integer 
	Parameter CRMD bound to: 14'b00000000000000 
	Parameter PRMD bound to: 14'b00000000000001 
	Parameter ECTL bound to: 14'b00000000000100 
	Parameter ESTAT bound to: 14'b00000000000101 
	Parameter ERA bound to: 14'b00000000000110 
	Parameter BADV bound to: 14'b00000000000111 
	Parameter EENTRY bound to: 14'b00000000001100 
	Parameter TLBIDX bound to: 14'b00000000010000 
	Parameter TLBEHI bound to: 14'b00000000010001 
	Parameter TLBELO0 bound to: 14'b00000000010010 
	Parameter TLBELO1 bound to: 14'b00000000010011 
	Parameter ASID bound to: 14'b00000000011000 
	Parameter PGDL bound to: 14'b00000000011001 
	Parameter PGDH bound to: 14'b00000000011010 
	Parameter PGD bound to: 14'b00000000011011 
	Parameter CPUID bound to: 14'b00000000100000 
	Parameter SAVE0 bound to: 14'b00000000110000 
	Parameter SAVE1 bound to: 14'b00000000110001 
	Parameter SAVE2 bound to: 14'b00000000110010 
	Parameter SAVE3 bound to: 14'b00000000110011 
	Parameter TID bound to: 14'b00000001000000 
	Parameter TCFG bound to: 14'b00000001000001 
	Parameter TVAL bound to: 14'b00000001000010 
	Parameter CNTC bound to: 14'b00000001000011 
	Parameter TICLR bound to: 14'b00000001000100 
	Parameter LLBCTL bound to: 14'b00000001100000 
	Parameter TLBRENTRY bound to: 14'b00000010001000 
	Parameter DMW0 bound to: 14'b00000110000000 
	Parameter DMW1 bound to: 14'b00000110000001 
	Parameter BRK bound to: 14'b00000100000000 
	Parameter DISABLE_CACHE bound to: 14'b00000100000001 
	Parameter CPUCFG_1 bound to: 14'b00000010110001 
	Parameter CPUCFG_2 bound to: 14'b00000010110010 
	Parameter CPUCFG_10 bound to: 14'b00000011000000 
	Parameter CPUCFG_11 bound to: 14'b00000011000001 
	Parameter CPUCFG_12 bound to: 14'b00000011000010 
	Parameter CPUCFG_13 bound to: 14'b00000011000011 
WARNING: [Synth 8-6014] Unused sequential element csr_brk_reg was removed.  [D:/loongarch_soc/nh3_soc_dma_touch_demo/rtl/ip/open-la500/csr.v:767]
INFO: [Synth 8-6155] done synthesizing module 'csr' (43#1) [D:/loongarch_soc/nh3_soc_dma_touch_demo/rtl/ip/open-la500/csr.v:4]
INFO: [Synth 8-6157] synthesizing module 'axi_bridge' [D:/loongarch_soc/nh3_soc_dma_touch_demo/rtl/ip/open-la500/axi_bridge.v:1]
	Parameter read_requst_empty bound to: 1'b0 
	Parameter read_requst_ready bound to: 1'b1 
	Parameter read_respond_empty bound to: 1'b0 
	Parameter read_respond_transfer bound to: 1'b1 
	Parameter write_request_empty bound to: 3'b000 
	Parameter write_addr_ready bound to: 3'b001 
	Parameter write_data_ready bound to: 3'b010 
	Parameter write_all_ready bound to: 3'b011 
	Parameter write_data_transform bound to: 3'b100 
	Parameter write_data_wait bound to: 3'b101 
	Parameter write_wait_b bound to: 3'b110 
WARNING: [Synth 8-6014] Unused sequential element read_respond_state_reg was removed.  [D:/loongarch_soc/nh3_soc_dma_touch_demo/rtl/ip/open-la500/axi_bridge.v:223]
INFO: [Synth 8-6155] done synthesizing module 'axi_bridge' (44#1) [D:/loongarch_soc/nh3_soc_dma_touch_demo/rtl/ip/open-la500/axi_bridge.v:1]
INFO: [Synth 8-6157] synthesizing module 'addr_trans' [D:/loongarch_soc/nh3_soc_dma_touch_demo/rtl/ip/open-la500/addr_trans.v:3]
	Parameter TLBNUM bound to: 32 - type: integer 
INFO: [Synth 8-6157] synthesizing module 'tlb_entry' [D:/loongarch_soc/nh3_soc_dma_touch_demo/rtl/ip/open-la500/tlb_entry.v:1]
	Parameter TLBNUM bound to: 32 - type: integer 
INFO: [Synth 8-6157] synthesizing module 'encoder_32_5' [D:/loongarch_soc/nh3_soc_dma_touch_demo/rtl/ip/open-la500/tools.v:69]
INFO: [Synth 8-6157] synthesizing module 'encoder_16_4' [D:/loongarch_soc/nh3_soc_dma_touch_demo/rtl/ip/open-la500/tools.v:38]
INFO: [Synth 8-6157] synthesizing module 'encoder_4_2' [D:/loongarch_soc/nh3_soc_dma_touch_demo/rtl/ip/open-la500/tools.v:14]
INFO: [Synth 8-6155] done synthesizing module 'encoder_4_2' (45#1) [D:/loongarch_soc/nh3_soc_dma_touch_demo/rtl/ip/open-la500/tools.v:14]
INFO: [Synth 8-6155] done synthesizing module 'encoder_16_4' (46#1) [D:/loongarch_soc/nh3_soc_dma_touch_demo/rtl/ip/open-la500/tools.v:38]
INFO: [Synth 8-6155] done synthesizing module 'encoder_32_5' (47#1) [D:/loongarch_soc/nh3_soc_dma_touch_demo/rtl/ip/open-la500/tools.v:69]
WARNING: [Synth 8-693] zero replication count - replication ignored [D:/loongarch_soc/nh3_soc_dma_touch_demo/rtl/ip/open-la500/tlb_entry.v:135]
WARNING: [Synth 8-693] zero replication count - replication ignored [D:/loongarch_soc/nh3_soc_dma_touch_demo/rtl/ip/open-la500/tlb_entry.v:136]
WARNING: [Synth 8-693] zero replication count - replication ignored [D:/loongarch_soc/nh3_soc_dma_touch_demo/rtl/ip/open-la500/tlb_entry.v:139]
WARNING: [Synth 8-693] zero replication count - replication ignored [D:/loongarch_soc/nh3_soc_dma_touch_demo/rtl/ip/open-la500/tlb_entry.v:148]
WARNING: [Synth 8-6014] Unused sequential element s0_fetch_r_reg was removed.  [D:/loongarch_soc/nh3_soc_dma_touch_demo/rtl/ip/open-la500/tlb_entry.v:110]
WARNING: [Synth 8-6014] Unused sequential element s1_fetch_r_reg was removed.  [D:/loongarch_soc/nh3_soc_dma_touch_demo/rtl/ip/open-la500/tlb_entry.v:116]
INFO: [Synth 8-6155] done synthesizing module 'tlb_entry' (48#1) [D:/loongarch_soc/nh3_soc_dma_touch_demo/rtl/ip/open-la500/tlb_entry.v:1]
INFO: [Synth 8-6155] done synthesizing module 'addr_trans' (49#1) [D:/loongarch_soc/nh3_soc_dma_touch_demo/rtl/ip/open-la500/addr_trans.v:3]
INFO: [Synth 8-6157] synthesizing module 'icache' [D:/loongarch_soc/nh3_soc_dma_touch_demo/rtl/ip/open-la500/icache.v:1]
	Parameter main_idle bound to: 5'b00001 
	Parameter main_lookup bound to: 5'b00010 
	Parameter main_replace bound to: 5'b01000 
	Parameter main_refill bound to: 5'b10000 
	Parameter write_buffer_idle bound to: 1'b0 
	Parameter write_buffer_write bound to: 1'b1 
INFO: [Synth 8-6157] synthesizing module 'data_bank_sram' [D:/loongarch_soc/nh3_soc_dma_touch_demo/rtl/ip/ram_wrap/cache_sram.v:3]
	Parameter V_STYLE bound to: block - type: string 
	Parameter P_STYLE bound to: block_ram - type: string 
INFO: [Synth 8-6155] done synthesizing module 'data_bank_sram' (50#1) [D:/loongarch_soc/nh3_soc_dma_touch_demo/rtl/ip/ram_wrap/cache_sram.v:3]
INFO: [Synth 8-6157] synthesizing module 'tagv_sram' [D:/loongarch_soc/nh3_soc_dma_touch_demo/rtl/ip/ram_wrap/cache_sram.v:52]
	Parameter V_STYLE bound to: block - type: string 
	Parameter P_STYLE bound to: block_ram - type: string 
INFO: [Synth 8-6155] done synthesizing module 'tagv_sram' (51#1) [D:/loongarch_soc/nh3_soc_dma_touch_demo/rtl/ip/ram_wrap/cache_sram.v:52]
INFO: [Synth 8-6157] synthesizing module 'one_valid_n' [D:/loongarch_soc/nh3_soc_dma_touch_demo/rtl/ip/open-la500/tools.v:100]
	Parameter n bound to: 2 - type: integer 
INFO: [Synth 8-6155] done synthesizing module 'one_valid_n' (52#1) [D:/loongarch_soc/nh3_soc_dma_touch_demo/rtl/ip/open-la500/tools.v:100]
INFO: [Synth 8-6157] synthesizing module 'lfsr' [D:/loongarch_soc/nh3_soc_dma_touch_demo/rtl/ip/open-la500/dcache.v:623]
INFO: [Synth 8-6155] done synthesizing module 'lfsr' (53#1) [D:/loongarch_soc/nh3_soc_dma_touch_demo/rtl/ip/open-la500/dcache.v:623]
WARNING: [Synth 8-6014] Unused sequential element request_buffer_op_reg was removed.  [D:/loongarch_soc/nh3_soc_dma_touch_demo/rtl/ip/open-la500/icache.v:128]
WARNING: [Synth 8-6014] Unused sequential element request_buffer_wstrb_reg was removed.  [D:/loongarch_soc/nh3_soc_dma_touch_demo/rtl/ip/open-la500/icache.v:132]
WARNING: [Synth 8-6014] Unused sequential element request_buffer_wdata_reg was removed.  [D:/loongarch_soc/nh3_soc_dma_touch_demo/rtl/ip/open-la500/icache.v:133]
WARNING: [Synth 8-3848] Net wr_type in module/entity icache does not have driver. [D:/loongarch_soc/nh3_soc_dma_touch_demo/rtl/ip/open-la500/icache.v:33]
WARNING: [Synth 8-3848] Net wr_addr in module/entity icache does not have driver. [D:/loongarch_soc/nh3_soc_dma_touch_demo/rtl/ip/open-la500/icache.v:34]
WARNING: [Synth 8-3848] Net wr_wstrb in module/entity icache does not have driver. [D:/loongarch_soc/nh3_soc_dma_touch_demo/rtl/ip/open-la500/icache.v:35]
WARNING: [Synth 8-3848] Net wr_data in module/entity icache does not have driver. [D:/loongarch_soc/nh3_soc_dma_touch_demo/rtl/ip/open-la500/icache.v:36]
INFO: [Synth 8-6155] done synthesizing module 'icache' (54#1) [D:/loongarch_soc/nh3_soc_dma_touch_demo/rtl/ip/open-la500/icache.v:1]
INFO: [Synth 8-6157] synthesizing module 'dcache' [D:/loongarch_soc/nh3_soc_dma_touch_demo/rtl/ip/open-la500/dcache.v:1]
	Parameter main_idle bound to: 5'b00001 
	Parameter main_lookup bound to: 5'b00010 
	Parameter main_miss bound to: 5'b00100 
	Parameter main_replace bound to: 5'b01000 
	Parameter main_refill bound to: 5'b10000 
	Parameter write_buffer_idle bound to: 1'b0 
	Parameter write_buffer_write bound to: 1'b1 
INFO: [Synth 8-6155] done synthesizing module 'dcache' (55#1) [D:/loongarch_soc/nh3_soc_dma_touch_demo/rtl/ip/open-la500/dcache.v:1]
INFO: [Synth 8-6157] synthesizing module 'btb' [D:/loongarch_soc/nh3_soc_dma_touch_demo/rtl/ip/open-la500/btb.v:1]
	Parameter BTBNUM bound to: 32 - type: integer 
	Parameter RASNUM bound to: 16 - type: integer 
INFO: [Synth 8-6157] synthesizing module 'one_valid_32' [D:/loongarch_soc/nh3_soc_dma_touch_demo/rtl/ip/open-la500/tools.v:147]
INFO: [Synth 8-6155] done synthesizing module 'one_valid_32' (56#1) [D:/loongarch_soc/nh3_soc_dma_touch_demo/rtl/ip/open-la500/tools.v:147]
INFO: [Synth 8-6157] synthesizing module 'one_valid_16' [D:/loongarch_soc/nh3_soc_dma_touch_demo/rtl/ip/open-la500/tools.v:126]
INFO: [Synth 8-6155] done synthesizing module 'one_valid_16' (57#1) [D:/loongarch_soc/nh3_soc_dma_touch_demo/rtl/ip/open-la500/tools.v:126]
INFO: [Synth 8-6155] done synthesizing module 'btb' (58#1) [D:/loongarch_soc/nh3_soc_dma_touch_demo/rtl/ip/open-la500/btb.v:1]
WARNING: [Synth 8-4446] all outputs are unconnected for this instance and logic may be removed [D:/loongarch_soc/nh3_soc_dma_touch_demo/rtl/ip/open-la500/mycpu_top.v:1117]
INFO: [Synth 8-6157] synthesizing module 'perf_counter' [D:/loongarch_soc/nh3_soc_dma_touch_demo/rtl/ip/open-la500/perf_counter.v:1]
INFO: [Synth 8-6155] done synthesizing module 'perf_counter' (59#1) [D:/loongarch_soc/nh3_soc_dma_touch_demo/rtl/ip/open-la500/perf_counter.v:1]
INFO: [Synth 8-6155] done synthesizing module 'core_top' (60#1) [D:/loongarch_soc/nh3_soc_dma_touch_demo/rtl/ip/open-la500/mycpu_top.v:1]
INFO: [Synth 8-6157] synthesizing module 'Axi_CDC' [D:/loongarch_soc/nh3_soc_dma_touch_demo/rtl/ip/Bus_interconnects/Axi_CDC.v:6]
INFO: [Synth 8-6157] synthesizing module 'StreamFifoCC' [D:/loongarch_soc/nh3_soc_dma_touch_demo/rtl/ip/Bus_interconnects/Axi_CDC.v:1122]
INFO: [Synth 8-6157] synthesizing module 'BufferCC_9' [D:/loongarch_soc/nh3_soc_dma_touch_demo/rtl/ip/Bus_interconnects/Axi_CDC.v:1586]
INFO: [Synth 8-5534] Detected attribute (* async_reg = "true" *) [D:/loongarch_soc/nh3_soc_dma_touch_demo/rtl/ip/Bus_interconnects/Axi_CDC.v:1593]
INFO: [Synth 8-5534] Detected attribute (* async_reg = "true" *) [D:/loongarch_soc/nh3_soc_dma_touch_demo/rtl/ip/Bus_interconnects/Axi_CDC.v:1594]
INFO: [Synth 8-6155] done synthesizing module 'BufferCC_9' (61#1) [D:/loongarch_soc/nh3_soc_dma_touch_demo/rtl/ip/Bus_interconnects/Axi_CDC.v:1586]
INFO: [Synth 8-6157] synthesizing module 'BufferCC_10' [D:/loongarch_soc/nh3_soc_dma_touch_demo/rtl/ip/Bus_interconnects/Axi_CDC.v:1562]
INFO: [Synth 8-5534] Detected attribute (* async_reg = "true" *) [D:/loongarch_soc/nh3_soc_dma_touch_demo/rtl/ip/Bus_interconnects/Axi_CDC.v:1569]
INFO: [Synth 8-5534] Detected attribute (* async_reg = "true" *) [D:/loongarch_soc/nh3_soc_dma_touch_demo/rtl/ip/Bus_interconnects/Axi_CDC.v:1570]
INFO: [Synth 8-6155] done synthesizing module 'BufferCC_10' (62#1) [D:/loongarch_soc/nh3_soc_dma_touch_demo/rtl/ip/Bus_interconnects/Axi_CDC.v:1562]
INFO: [Synth 8-6157] synthesizing module 'BufferCC_11' [D:/loongarch_soc/nh3_soc_dma_touch_demo/rtl/ip/Bus_interconnects/Axi_CDC.v:1538]
INFO: [Synth 8-5534] Detected attribute (* async_reg = "true" *) [D:/loongarch_soc/nh3_soc_dma_touch_demo/rtl/ip/Bus_interconnects/Axi_CDC.v:1545]
INFO: [Synth 8-5534] Detected attribute (* async_reg = "true" *) [D:/loongarch_soc/nh3_soc_dma_touch_demo/rtl/ip/Bus_interconnects/Axi_CDC.v:1546]
INFO: [Synth 8-6155] done synthesizing module 'BufferCC_11' (63#1) [D:/loongarch_soc/nh3_soc_dma_touch_demo/rtl/ip/Bus_interconnects/Axi_CDC.v:1538]
WARNING: [Synth 8-6014] Unused sequential element popCC_addressGen_rData_reg was removed.  [D:/loongarch_soc/nh3_soc_dma_touch_demo/rtl/ip/Bus_interconnects/Axi_CDC.v:1282]
INFO: [Synth 8-6155] done synthesizing module 'StreamFifoCC' (64#1) [D:/loongarch_soc/nh3_soc_dma_touch_demo/rtl/ip/Bus_interconnects/Axi_CDC.v:1122]
INFO: [Synth 8-6157] synthesizing module 'StreamFifoCC_1' [D:/loongarch_soc/nh3_soc_dma_touch_demo/rtl/ip/Bus_interconnects/Axi_CDC.v:921]
INFO: [Synth 8-6157] synthesizing module 'BufferCC_7' [D:/loongarch_soc/nh3_soc_dma_touch_demo/rtl/ip/Bus_interconnects/Axi_CDC.v:1514]
INFO: [Synth 8-5534] Detected attribute (* async_reg = "true" *) [D:/loongarch_soc/nh3_soc_dma_touch_demo/rtl/ip/Bus_interconnects/Axi_CDC.v:1521]
INFO: [Synth 8-5534] Detected attribute (* async_reg = "true" *) [D:/loongarch_soc/nh3_soc_dma_touch_demo/rtl/ip/Bus_interconnects/Axi_CDC.v:1522]
INFO: [Synth 8-6155] done synthesizing module 'BufferCC_7' (65#1) [D:/loongarch_soc/nh3_soc_dma_touch_demo/rtl/ip/Bus_interconnects/Axi_CDC.v:1514]
INFO: [Synth 8-6157] synthesizing module 'BufferCC_8' [D:/loongarch_soc/nh3_soc_dma_touch_demo/rtl/ip/Bus_interconnects/Axi_CDC.v:1490]
INFO: [Synth 8-5534] Detected attribute (* async_reg = "true" *) [D:/loongarch_soc/nh3_soc_dma_touch_demo/rtl/ip/Bus_interconnects/Axi_CDC.v:1497]
INFO: [Synth 8-5534] Detected attribute (* async_reg = "true" *) [D:/loongarch_soc/nh3_soc_dma_touch_demo/rtl/ip/Bus_interconnects/Axi_CDC.v:1498]
INFO: [Synth 8-6155] done synthesizing module 'BufferCC_8' (66#1) [D:/loongarch_soc/nh3_soc_dma_touch_demo/rtl/ip/Bus_interconnects/Axi_CDC.v:1490]
WARNING: [Synth 8-6014] Unused sequential element popCC_addressGen_rData_reg was removed.  [D:/loongarch_soc/nh3_soc_dma_touch_demo/rtl/ip/Bus_interconnects/Axi_CDC.v:1053]
INFO: [Synth 8-6155] done synthesizing module 'StreamFifoCC_1' (67#1) [D:/loongarch_soc/nh3_soc_dma_touch_demo/rtl/ip/Bus_interconnects/Axi_CDC.v:921]
INFO: [Synth 8-6157] synthesizing module 'StreamFifoCC_2' [D:/loongarch_soc/nh3_soc_dma_touch_demo/rtl/ip/Bus_interconnects/Axi_CDC.v:719]
INFO: [Synth 8-6157] synthesizing module 'BufferCC_4' [D:/loongarch_soc/nh3_soc_dma_touch_demo/rtl/ip/Bus_interconnects/Axi_CDC.v:1466]
INFO: [Synth 8-5534] Detected attribute (* async_reg = "true" *) [D:/loongarch_soc/nh3_soc_dma_touch_demo/rtl/ip/Bus_interconnects/Axi_CDC.v:1473]
INFO: [Synth 8-5534] Detected attribute (* async_reg = "true" *) [D:/loongarch_soc/nh3_soc_dma_touch_demo/rtl/ip/Bus_interconnects/Axi_CDC.v:1474]
INFO: [Synth 8-6155] done synthesizing module 'BufferCC_4' (68#1) [D:/loongarch_soc/nh3_soc_dma_touch_demo/rtl/ip/Bus_interconnects/Axi_CDC.v:1466]
INFO: [Synth 8-6157] synthesizing module 'BufferCC_5' [D:/loongarch_soc/nh3_soc_dma_touch_demo/rtl/ip/Bus_interconnects/Axi_CDC.v:1442]
INFO: [Synth 8-5534] Detected attribute (* async_reg = "true" *) [D:/loongarch_soc/nh3_soc_dma_touch_demo/rtl/ip/Bus_interconnects/Axi_CDC.v:1449]
INFO: [Synth 8-5534] Detected attribute (* async_reg = "true" *) [D:/loongarch_soc/nh3_soc_dma_touch_demo/rtl/ip/Bus_interconnects/Axi_CDC.v:1450]
INFO: [Synth 8-6155] done synthesizing module 'BufferCC_5' (69#1) [D:/loongarch_soc/nh3_soc_dma_touch_demo/rtl/ip/Bus_interconnects/Axi_CDC.v:1442]
INFO: [Synth 8-6157] synthesizing module 'BufferCC_6' [D:/loongarch_soc/nh3_soc_dma_touch_demo/rtl/ip/Bus_interconnects/Axi_CDC.v:1418]
INFO: [Synth 8-5534] Detected attribute (* async_reg = "true" *) [D:/loongarch_soc/nh3_soc_dma_touch_demo/rtl/ip/Bus_interconnects/Axi_CDC.v:1425]
INFO: [Synth 8-5534] Detected attribute (* async_reg = "true" *) [D:/loongarch_soc/nh3_soc_dma_touch_demo/rtl/ip/Bus_interconnects/Axi_CDC.v:1426]
INFO: [Synth 8-6155] done synthesizing module 'BufferCC_6' (70#1) [D:/loongarch_soc/nh3_soc_dma_touch_demo/rtl/ip/Bus_interconnects/Axi_CDC.v:1418]
WARNING: [Synth 8-6014] Unused sequential element popCC_addressGen_rData_reg was removed.  [D:/loongarch_soc/nh3_soc_dma_touch_demo/rtl/ip/Bus_interconnects/Axi_CDC.v:855]
INFO: [Synth 8-6155] done synthesizing module 'StreamFifoCC_2' (71#1) [D:/loongarch_soc/nh3_soc_dma_touch_demo/rtl/ip/Bus_interconnects/Axi_CDC.v:719]
INFO: [Synth 8-6157] synthesizing module 'StreamFifoCC_3' [D:/loongarch_soc/nh3_soc_dma_touch_demo/rtl/ip/Bus_interconnects/Axi_CDC.v:487]
WARNING: [Synth 8-6014] Unused sequential element popCC_addressGen_rData_reg was removed.  [D:/loongarch_soc/nh3_soc_dma_touch_demo/rtl/ip/Bus_interconnects/Axi_CDC.v:636]
INFO: [Synth 8-6155] done synthesizing module 'StreamFifoCC_3' (72#1) [D:/loongarch_soc/nh3_soc_dma_touch_demo/rtl/ip/Bus_interconnects/Axi_CDC.v:487]
INFO: [Synth 8-6157] synthesizing module 'StreamFifoCC_4' [D:/loongarch_soc/nh3_soc_dma_touch_demo/rtl/ip/Bus_interconnects/Axi_CDC.v:279]
INFO: [Synth 8-6157] synthesizing module 'BufferCC' [D:/loongarch_soc/nh3_soc_dma_touch_demo/rtl/ip/Bus_interconnects/Axi_CDC.v:1390]
INFO: [Synth 8-5534] Detected attribute (* async_reg = "true" *) [D:/loongarch_soc/nh3_soc_dma_touch_demo/rtl/ip/Bus_interconnects/Axi_CDC.v:1397]
INFO: [Synth 8-5534] Detected attribute (* async_reg = "true" *) [D:/loongarch_soc/nh3_soc_dma_touch_demo/rtl/ip/Bus_interconnects/Axi_CDC.v:1398]
INFO: [Synth 8-6155] done synthesizing module 'BufferCC' (73#1) [D:/loongarch_soc/nh3_soc_dma_touch_demo/rtl/ip/Bus_interconnects/Axi_CDC.v:1390]
INFO: [Synth 8-6157] synthesizing module 'BufferCC_1' [D:/loongarch_soc/nh3_soc_dma_touch_demo/rtl/ip/Bus_interconnects/Axi_CDC.v:1366]
INFO: [Synth 8-5534] Detected attribute (* async_reg = "true" *) [D:/loongarch_soc/nh3_soc_dma_touch_demo/rtl/ip/Bus_interconnects/Axi_CDC.v:1373]
INFO: [Synth 8-5534] Detected attribute (* async_reg = "true" *) [D:/loongarch_soc/nh3_soc_dma_touch_demo/rtl/ip/Bus_interconnects/Axi_CDC.v:1374]
INFO: [Synth 8-6155] done synthesizing module 'BufferCC_1' (74#1) [D:/loongarch_soc/nh3_soc_dma_touch_demo/rtl/ip/Bus_interconnects/Axi_CDC.v:1366]
WARNING: [Synth 8-6014] Unused sequential element popCC_addressGen_rData_reg was removed.  [D:/loongarch_soc/nh3_soc_dma_touch_demo/rtl/ip/Bus_interconnects/Axi_CDC.v:415]
INFO: [Synth 8-6155] done synthesizing module 'StreamFifoCC_4' (75#1) [D:/loongarch_soc/nh3_soc_dma_touch_demo/rtl/ip/Bus_interconnects/Axi_CDC.v:279]
INFO: [Synth 8-6155] done synthesizing module 'Axi_CDC' (76#1) [D:/loongarch_soc/nh3_soc_dma_touch_demo/rtl/ip/Bus_interconnects/Axi_CDC.v:6]
INFO: [Synth 8-6157] synthesizing module 'axi_wrap_ram_sp' [D:/loongarch_soc/nh3_soc_dma_touch_demo/rtl/ip/ram_wrap/axi_wrap_ram_sp.v:34]
	Parameter Init_File bound to: firmware.memh - type: string 
INFO: [Synth 8-6157] synthesizing module 'axi2sram_sp' [D:/loongarch_soc/nh3_soc_dma_touch_demo/rtl/ip/Bus_interconnects/axi2sram_sp.v:20]
	Parameter AXI_ID_WIDTH bound to: 5 - type: integer 
	Parameter AXI_ADDR_WIDTH bound to: 32 - type: integer 
	Parameter AXI_DATA_WIDTH bound to: 32 - type: integer 
	Parameter LOG_NR_BYTES bound to: 2 - type: integer 
	Parameter IDLE bound to: 3'b000 
	Parameter READ bound to: 3'b001 
	Parameter WRITE bound to: 3'b010 
	Parameter SEND_B bound to: 3'b011 
	Parameter WAIT_WVALID bound to: 3'b100 
	Parameter FIXED bound to: 2'b00 
	Parameter INCR bound to: 2'b01 
	Parameter WRAP bound to: 2'b10 
INFO: [Synth 8-155] case statement is not full and has no default [D:/loongarch_soc/nh3_soc_dma_touch_demo/rtl/ip/Bus_interconnects/axi2sram_sp.v:247]
INFO: [Synth 8-155] case statement is not full and has no default [D:/loongarch_soc/nh3_soc_dma_touch_demo/rtl/ip/Bus_interconnects/axi2sram_sp.v:289]
INFO: [Synth 8-155] case statement is not full and has no default [D:/loongarch_soc/nh3_soc_dma_touch_demo/rtl/ip/Bus_interconnects/axi2sram_sp.v:170]
WARNING: [Synth 8-6014] Unused sequential element ax_req_q_size_reg was removed.  [D:/loongarch_soc/nh3_soc_dma_touch_demo/rtl/ip/Bus_interconnects/axi2sram_sp.v:335]
INFO: [Synth 8-6155] done synthesizing module 'axi2sram_sp' (77#1) [D:/loongarch_soc/nh3_soc_dma_touch_demo/rtl/ip/Bus_interconnects/axi2sram_sp.v:20]
WARNING: [Synth 8-689] width (8) of port connection 's_arlen' does not match port width (4) of module 'axi2sram_sp' [D:/loongarch_soc/nh3_soc_dma_touch_demo/rtl/ip/ram_wrap/axi_wrap_ram_sp.v:188]
WARNING: [Synth 8-689] width (8) of port connection 's_awlen' does not match port width (4) of module 'axi2sram_sp' [D:/loongarch_soc/nh3_soc_dma_touch_demo/rtl/ip/ram_wrap/axi_wrap_ram_sp.v:197]
WARNING: [Synth 8-689] width (5) of port connection 's_rid' does not match port width (6) of module 'axi2sram_sp' [D:/loongarch_soc/nh3_soc_dma_touch_demo/rtl/ip/ram_wrap/axi_wrap_ram_sp.v:214]
INFO: [Synth 8-6157] synthesizing module 'fpga_sram_sp' [D:/loongarch_soc/nh3_soc_dma_touch_demo/rtl/ip/ram_wrap/fpga_sram_sp.v:1]
	Parameter AW bound to: 18 - type: integer 
	Parameter Init_File bound to: firmware.memh - type: string 
	Parameter AWT bound to: 262143 - type: integer 
	Parameter V_STYLE bound to: block - type: string 
	Parameter P_STYLE bound to: block_ram - type: string 
INFO: [Synth 8-3876] $readmem data file 'firmware.memh' is read successfully [D:/loongarch_soc/nh3_soc_dma_touch_demo/rtl/ip/ram_wrap/fpga_sram_sp.v:24]
INFO: [Synth 8-6155] done synthesizing module 'fpga_sram_sp' (78#1) [D:/loongarch_soc/nh3_soc_dma_touch_demo/rtl/ip/ram_wrap/fpga_sram_sp.v:1]
INFO: [Synth 8-6155] done synthesizing module 'axi_wrap_ram_sp' (79#1) [D:/loongarch_soc/nh3_soc_dma_touch_demo/rtl/ip/ram_wrap/axi_wrap_ram_sp.v:34]
INFO: [Synth 8-6157] synthesizing module 'axi_uart_controller' [D:/loongarch_soc/nh3_soc_dma_touch_demo/rtl/ip/APB_UART/axi_uart_controller.v:36]
	Parameter ADDR_APB bound to: 20 - type: integer 
	Parameter DATA_APB bound to: 8 - type: integer 
INFO: [Synth 8-6157] synthesizing module 'axi2apb_bridge' [D:/loongarch_soc/nh3_soc_dma_touch_demo/rtl/ip/APB_UART/axi2apb.v:36]
	Parameter L_ADDR_APB bound to: 20 - type: integer 
	Parameter CSR_RW_SM_IDLE bound to: 4'b0001 
	Parameter CSR_RW_SM_GET_AXI_ADDR bound to: 4'b0010 
	Parameter CSR_RW_SM_SEND_AXI_RSP bound to: 4'b1000 
INFO: [Synth 8-226] default block is never used [D:/loongarch_soc/nh3_soc_dma_touch_demo/rtl/ip/APB_UART/axi2apb.v:337]
WARNING: [Synth 8-6014] Unused sequential element apb_wr_size_reg was removed.  [D:/loongarch_soc/nh3_soc_dma_touch_demo/rtl/ip/APB_UART/axi2apb.v:201]
INFO: [Synth 8-6155] done synthesizing module 'axi2apb_bridge' (80#1) [D:/loongarch_soc/nh3_soc_dma_touch_demo/rtl/ip/APB_UART/axi2apb.v:36]
INFO: [Synth 8-6157] synthesizing module 'apb_mux2' [D:/loongarch_soc/nh3_soc_dma_touch_demo/rtl/ip/APB_UART/apb_mux2.v:38]
	Parameter ADDR_APB bound to: 20 - type: integer 
	Parameter DATA_APB bound to: 8 - type: integer 
	Parameter DATA_APB_32 bound to: 32 - type: integer 
INFO: [Synth 8-6157] synthesizing module 'arb_2_1' [D:/loongarch_soc/nh3_soc_dma_touch_demo/rtl/ip/APB_UART/apb_mux2.v:185]
INFO: [Synth 8-6155] done synthesizing module 'arb_2_1' (81#1) [D:/loongarch_soc/nh3_soc_dma_touch_demo/rtl/ip/APB_UART/apb_mux2.v:185]
INFO: [Synth 8-6155] done synthesizing module 'apb_mux2' (82#1) [D:/loongarch_soc/nh3_soc_dma_touch_demo/rtl/ip/APB_UART/apb_mux2.v:38]
INFO: [Synth 8-6157] synthesizing module 'UART_TOP' [D:/loongarch_soc/nh3_soc_dma_touch_demo/rtl/ip/APB_UART/URT/uart_top.v:36]
INFO: [Synth 8-6157] synthesizing module 'uart_regs' [D:/loongarch_soc/nh3_soc_dma_touch_demo/rtl/ip/APB_UART/URT/uart_regs.v:39]
INFO: [Synth 8-6157] synthesizing module 'uart_transmitter' [D:/loongarch_soc/nh3_soc_dma_touch_demo/rtl/ip/APB_UART/URT/uart_transmitter.v:36]
	Parameter s_idle bound to: 3'b000 
	Parameter s_send_start bound to: 3'b001 
	Parameter s_send_byte bound to: 3'b010 
	Parameter s_send_parity bound to: 3'b011 
	Parameter s_send_stop bound to: 3'b100 
	Parameter s_pop_byte bound to: 3'b101 
	Parameter s_send_guard1 bound to: 3'b110 
INFO: [Synth 8-6157] synthesizing module 'uart_tfifo' [D:/loongarch_soc/nh3_soc_dma_touch_demo/rtl/ip/APB_UART/URT/uart_tfifo.v:36]
	Parameter fifo_width bound to: 8 - type: integer 
	Parameter fifo_depth bound to: 16 - type: integer 
	Parameter fifo_pointer_w bound to: 4 - type: integer 
	Parameter fifo_counter_w bound to: 5 - type: integer 
INFO: [Synth 8-6157] synthesizing module 'raminfr' [D:/loongarch_soc/nh3_soc_dma_touch_demo/rtl/ip/APB_UART/URT/raminfr.v:34]
	Parameter addr_width bound to: 4 - type: integer 
	Parameter data_width bound to: 8 - type: integer 
	Parameter depth bound to: 16 - type: integer 
INFO: [Synth 8-6155] done synthesizing module 'raminfr' (83#1) [D:/loongarch_soc/nh3_soc_dma_touch_demo/rtl/ip/APB_UART/URT/raminfr.v:34]
INFO: [Synth 8-6155] done synthesizing module 'uart_tfifo' (84#1) [D:/loongarch_soc/nh3_soc_dma_touch_demo/rtl/ip/APB_UART/URT/uart_tfifo.v:36]
INFO: [Synth 8-6155] done synthesizing module 'uart_transmitter' (85#1) [D:/loongarch_soc/nh3_soc_dma_touch_demo/rtl/ip/APB_UART/URT/uart_transmitter.v:36]
INFO: [Synth 8-6157] synthesizing module 'uart_sync_flops' [D:/loongarch_soc/nh3_soc_dma_touch_demo/rtl/ip/APB_UART/URT/uart_sync_flops.v:34]
	Parameter Tp bound to: 1 - type: integer 
	Parameter width bound to: 1 - type: integer 
	Parameter init_value bound to: 1'b1 
INFO: [Synth 8-6155] done synthesizing module 'uart_sync_flops' (86#1) [D:/loongarch_soc/nh3_soc_dma_touch_demo/rtl/ip/APB_UART/URT/uart_sync_flops.v:34]
INFO: [Synth 8-6157] synthesizing module 'uart_receiver' [D:/loongarch_soc/nh3_soc_dma_touch_demo/rtl/ip/APB_UART/URT/uart_receiver.v:36]
	Parameter sr_idle bound to: 4'b0000 
	Parameter sr_rec_start bound to: 4'b0001 
	Parameter sr_rec_bit bound to: 4'b0010 
	Parameter sr_rec_parity bound to: 4'b0011 
	Parameter sr_rec_stop bound to: 4'b0100 
	Parameter sr_check_parity bound to: 4'b0101 
	Parameter sr_rec_prepare bound to: 4'b0110 
	Parameter sr_end_bit bound to: 4'b0111 
	Parameter sr_ca_lc_parity bound to: 4'b1000 
	Parameter sr_wait1 bound to: 4'b1001 
	Parameter sr_push bound to: 4'b1010 
INFO: [Synth 8-6157] synthesizing module 'uart_rfifo' [D:/loongarch_soc/nh3_soc_dma_touch_demo/rtl/ip/APB_UART/URT/uart_rfifo.v:36]
	Parameter fifo_width bound to: 11 - type: integer 
	Parameter fifo_depth bound to: 16 - type: integer 
	Parameter fifo_pointer_w bound to: 4 - type: integer 
	Parameter fifo_counter_w bound to: 5 - type: integer 
INFO: [Synth 8-6155] done synthesizing module 'uart_rfifo' (87#1) [D:/loongarch_soc/nh3_soc_dma_touch_demo/rtl/ip/APB_UART/URT/uart_rfifo.v:36]
WARNING: [Synth 8-6014] Unused sequential element rbit_in_reg was removed.  [D:/loongarch_soc/nh3_soc_dma_touch_demo/rtl/ip/APB_UART/URT/uart_receiver.v:115]
INFO: [Synth 8-6155] done synthesizing module 'uart_receiver' (88#1) [D:/loongarch_soc/nh3_soc_dma_touch_demo/rtl/ip/APB_UART/URT/uart_receiver.v:36]
INFO: [Synth 8-6155] done synthesizing module 'uart_regs' (89#1) [D:/loongarch_soc/nh3_soc_dma_touch_demo/rtl/ip/APB_UART/URT/uart_regs.v:39]
INFO: [Synth 8-6155] done synthesizing module 'UART_TOP' (90#1) [D:/loongarch_soc/nh3_soc_dma_touch_demo/rtl/ip/APB_UART/URT/uart_top.v:36]
INFO: [Synth 8-6155] done synthesizing module 'axi_uart_controller' (91#1) [D:/loongarch_soc/nh3_soc_dma_touch_demo/rtl/ip/APB_UART/axi_uart_controller.v:36]
INFO: [Synth 8-6157] synthesizing module 'dma_top' [D:/loongarch_soc/nh3_soc_dma_touch_demo/rtl/ip/dma/dma_top.v:1]
INFO: [Synth 8-6157] synthesizing module 'dma_master' [D:/loongarch_soc/nh3_soc_dma_touch_demo/rtl/ip/dma/dma_master.v:1]
	Parameter S_IDLE bound to: 5'b00000 
	Parameter S_INIT bound to: 5'b00001 
	Parameter S_READ bound to: 5'b00010 
	Parameter S_WRITE bound to: 5'b00011 
	Parameter S_JUDGE bound to: 5'b00100 
INFO: [Synth 8-155] case statement is not full and has no default [D:/loongarch_soc/nh3_soc_dma_touch_demo/rtl/ip/dma/dma_master.v:227]
INFO: [Synth 8-6157] synthesizing module 'memreq_axi' [D:/loongarch_soc/nh3_soc_dma_touch_demo/rtl/ip/dma/memreq_axi.v:1]
	Parameter S_IDLE bound to: 3'b000 
	Parameter S_STORE_ADDR bound to: 3'b001 
	Parameter S_STORE_DATA bound to: 3'b010 
	Parameter S_STORE_RES bound to: 3'b011 
	Parameter S_LOAD_ADDR bound to: 3'b100 
	Parameter S_LOAD_DATA bound to: 3'b101 
INFO: [Synth 8-226] default block is never used [D:/loongarch_soc/nh3_soc_dma_touch_demo/rtl/ip/dma/memreq_axi.v:257]
INFO: [Synth 8-6155] done synthesizing module 'memreq_axi' (92#1) [D:/loongarch_soc/nh3_soc_dma_touch_demo/rtl/ip/dma/memreq_axi.v:1]
INFO: [Synth 8-6155] done synthesizing module 'dma_master' (93#1) [D:/loongarch_soc/nh3_soc_dma_touch_demo/rtl/ip/dma/dma_master.v:1]
WARNING: [Synth 8-6014] Unused sequential element buf_len_reg was removed.  [D:/loongarch_soc/nh3_soc_dma_touch_demo/rtl/ip/dma/dma_top.v:122]
WARNING: [Synth 8-6014] Unused sequential element buf_size_reg was removed.  [D:/loongarch_soc/nh3_soc_dma_touch_demo/rtl/ip/dma/dma_top.v:123]
WARNING: [Synth 8-6014] Unused sequential element buf_burst_reg was removed.  [D:/loongarch_soc/nh3_soc_dma_touch_demo/rtl/ip/dma/dma_top.v:124]
WARNING: [Synth 8-6014] Unused sequential element buf_lock_reg was removed.  [D:/loongarch_soc/nh3_soc_dma_touch_demo/rtl/ip/dma/dma_top.v:125]
WARNING: [Synth 8-6014] Unused sequential element buf_cache_reg was removed.  [D:/loongarch_soc/nh3_soc_dma_touch_demo/rtl/ip/dma/dma_top.v:126]
WARNING: [Synth 8-6014] Unused sequential element buf_prot_reg was removed.  [D:/loongarch_soc/nh3_soc_dma_touch_demo/rtl/ip/dma/dma_top.v:127]
INFO: [Synth 8-6155] done synthesizing module 'dma_top' (94#1) [D:/loongarch_soc/nh3_soc_dma_touch_demo/rtl/ip/dma/dma_top.v:1]
INFO: [Synth 8-6157] synthesizing module 'nh3_axi_slave' [D:/loongarch_soc/nh3_soc_dma_touch_demo/rtl/ip/nh3/nh3_axi_slave.sv:5]
	Parameter CORE_MEM_DIR bound to: mem - type: string 
	Parameter INPUT_WORDS bound to: 3672 - type: integer 
	Parameter REG_CTRL bound to: 16'b0000000000000000 
	Parameter REG_COUNT bound to: 16'b0000000000000100 
	Parameter REG_RESULT bound to: 16'b0000000000001000 
	Parameter REG_CYCLES bound to: 16'b0000000000001100 
	Parameter REG_ID bound to: 16'b0000000000010000 
	Parameter INPUT_BASE bound to: 16'b0001000000000000 
	Parameter CORE_ID bound to: 1313354497 - type: integer 
INFO: [Synth 8-6157] synthesizing module 'nh3_input_buffer' [D:/loongarch_soc/nh3_soc_dma_touch_demo/rtl/ip/nh3/nh3_axi_slave.sv:351]
	Parameter WORDS bound to: 3672 - type: integer 
	Parameter ADDR_W bound to: 12 - type: integer 
INFO: [Synth 8-5534] Detected attribute (* ram_style = "block" *) [D:/loongarch_soc/nh3_soc_dma_touch_demo/rtl/ip/nh3/nh3_axi_slave.sv:363]
INFO: [Synth 8-6155] done synthesizing module 'nh3_input_buffer' (95#1) [D:/loongarch_soc/nh3_soc_dma_touch_demo/rtl/ip/nh3/nh3_axi_slave.sv:351]
INFO: [Synth 8-6157] synthesizing module 'nh3_cnn_lstm_core' [D:/loongarch_soc/nh3_soc_dma_touch_demo/rtl/ip/nh3/nh3_cnn_lstm_core.sv:7]
	Parameter MEM_DIR bound to: mem - type: string 
	Parameter OUT_B_VALUE bound to: 16'sb0000000101100110 
INFO: [Synth 8-5534] Detected attribute (* ram_style = "block" *) [D:/loongarch_soc/nh3_soc_dma_touch_demo/rtl/ip/nh3/nh3_cnn_lstm_core.sv:43]
INFO: [Synth 8-5534] Detected attribute (* ram_style = "block" *) [D:/loongarch_soc/nh3_soc_dma_touch_demo/rtl/ip/nh3/nh3_cnn_lstm_core.sv:44]
INFO: [Synth 8-5534] Detected attribute (* ram_style = "block" *) [D:/loongarch_soc/nh3_soc_dma_touch_demo/rtl/ip/nh3/nh3_cnn_lstm_core.sv:45]
INFO: [Synth 8-5534] Detected attribute (* rom_style = "block" *) [D:/loongarch_soc/nh3_soc_dma_touch_demo/rtl/ip/nh3/nh3_cnn_lstm_core.sv:51]
INFO: [Synth 8-5534] Detected attribute (* rom_style = "distributed" *) [D:/loongarch_soc/nh3_soc_dma_touch_demo/rtl/ip/nh3/nh3_cnn_lstm_core.sv:52]
INFO: [Synth 8-5534] Detected attribute (* rom_style = "block" *) [D:/loongarch_soc/nh3_soc_dma_touch_demo/rtl/ip/nh3/nh3_cnn_lstm_core.sv:53]
INFO: [Synth 8-5534] Detected attribute (* rom_style = "block" *) [D:/loongarch_soc/nh3_soc_dma_touch_demo/rtl/ip/nh3/nh3_cnn_lstm_core.sv:54]
INFO: [Synth 8-5534] Detected attribute (* rom_style = "distributed" *) [D:/loongarch_soc/nh3_soc_dma_touch_demo/rtl/ip/nh3/nh3_cnn_lstm_core.sv:55]
INFO: [Synth 8-5534] Detected attribute (* rom_style = "block" *) [D:/loongarch_soc/nh3_soc_dma_touch_demo/rtl/ip/nh3/nh3_cnn_lstm_core.sv:56]
INFO: [Synth 8-5534] Detected attribute (* rom_style = "distributed" *) [D:/loongarch_soc/nh3_soc_dma_touch_demo/rtl/ip/nh3/nh3_cnn_lstm_core.sv:57]
INFO: [Synth 8-5534] Detected attribute (* rom_style = "distributed" *) [D:/loongarch_soc/nh3_soc_dma_touch_demo/rtl/ip/nh3/nh3_cnn_lstm_core.sv:58]
INFO: [Synth 8-5534] Detected attribute (* rom_style = "block" *) [D:/loongarch_soc/nh3_soc_dma_touch_demo/rtl/ip/nh3/nh3_cnn_lstm_core.sv:59]
INFO: [Synth 8-5534] Detected attribute (* rom_style = "block" *) [D:/loongarch_soc/nh3_soc_dma_touch_demo/rtl/ip/nh3/nh3_cnn_lstm_core.sv:60]
INFO: [Synth 8-3876] $readmem data file 'mem/conv_w.memh' is read successfully [D:/loongarch_soc/nh3_soc_dma_touch_demo/rtl/ip/nh3/nh3_cnn_lstm_core.sv:80]
INFO: [Synth 8-3876] $readmem data file 'mem/conv_b.memh' is read successfully [D:/loongarch_soc/nh3_soc_dma_touch_demo/rtl/ip/nh3/nh3_cnn_lstm_core.sv:81]
INFO: [Synth 8-3876] $readmem data file 'mem/lstm_w.memh' is read successfully [D:/loongarch_soc/nh3_soc_dma_touch_demo/rtl/ip/nh3/nh3_cnn_lstm_core.sv:82]
INFO: [Synth 8-3876] $readmem data file 'mem/lstm_r.memh' is read successfully [D:/loongarch_soc/nh3_soc_dma_touch_demo/rtl/ip/nh3/nh3_cnn_lstm_core.sv:83]
INFO: [Synth 8-3876] $readmem data file 'mem/lstm_b.memh' is read successfully [D:/loongarch_soc/nh3_soc_dma_touch_demo/rtl/ip/nh3/nh3_cnn_lstm_core.sv:84]
INFO: [Synth 8-3876] $readmem data file 'mem/dense_w.memh' is read successfully [D:/loongarch_soc/nh3_soc_dma_touch_demo/rtl/ip/nh3/nh3_cnn_lstm_core.sv:85]
INFO: [Synth 8-3876] $readmem data file 'mem/dense_b.memh' is read successfully [D:/loongarch_soc/nh3_soc_dma_touch_demo/rtl/ip/nh3/nh3_cnn_lstm_core.sv:86]
INFO: [Synth 8-3876] $readmem data file 'mem/out_w.memh' is read successfully [D:/loongarch_soc/nh3_soc_dma_touch_demo/rtl/ip/nh3/nh3_cnn_lstm_core.sv:87]
INFO: [Synth 8-3876] $readmem data file 'mem/sigmoid_lut.memh' is read successfully [D:/loongarch_soc/nh3_soc_dma_touch_demo/rtl/ip/nh3/nh3_cnn_lstm_core.sv:88]
INFO: [Synth 8-3876] $readmem data file 'mem/tanh_lut.memh' is read successfully [D:/loongarch_soc/nh3_soc_dma_touch_demo/rtl/ip/nh3/nh3_cnn_lstm_core.sv:89]
INFO: [Synth 8-294] found qualifier unique on case statement: implementing as parallel_case [D:/loongarch_soc/nh3_soc_dma_touch_demo/rtl/ip/nh3/nh3_cnn_lstm_core.sv:133]
INFO: [Synth 8-5534] Detected attribute (* use_dsp = "no" *) [D:/loongarch_soc/nh3_soc_dma_touch_demo/rtl/ip/nh3/nh3_cnn_lstm_pkg.sv:73]
WARNING: [Synth 8-6014] Unused sequential element src_t_reg was removed.  [D:/loongarch_soc/nh3_soc_dma_touch_demo/rtl/ip/nh3/nh3_cnn_lstm_core.sv:165]
WARNING: [Synth 8-6014] Unused sequential element mac_next_reg was removed.  [D:/loongarch_soc/nh3_soc_dma_touch_demo/rtl/ip/nh3/nh3_cnn_lstm_core.sv:166]
WARNING: [Synth 8-6014] Unused sequential element mac_next_reg was removed.  [D:/loongarch_soc/nh3_soc_dma_touch_demo/rtl/ip/nh3/nh3_cnn_lstm_core.sv:228]
WARNING: [Synth 8-6014] Unused sequential element mac_next_reg was removed.  [D:/loongarch_soc/nh3_soc_dma_touch_demo/rtl/ip/nh3/nh3_cnn_lstm_core.sv:245]
WARNING: [Synth 8-6014] Unused sequential element i_gate_reg was removed.  [D:/loongarch_soc/nh3_soc_dma_touch_demo/rtl/ip/nh3/nh3_cnn_lstm_core.sv:274]
WARNING: [Synth 8-6014] Unused sequential element f_gate_reg was removed.  [D:/loongarch_soc/nh3_soc_dma_touch_demo/rtl/ip/nh3/nh3_cnn_lstm_core.sv:275]
WARNING: [Synth 8-6014] Unused sequential element g_gate_reg was removed.  [D:/loongarch_soc/nh3_soc_dma_touch_demo/rtl/ip/nh3/nh3_cnn_lstm_core.sv:276]
WARNING: [Synth 8-6014] Unused sequential element o_gate_reg was removed.  [D:/loongarch_soc/nh3_soc_dma_touch_demo/rtl/ip/nh3/nh3_cnn_lstm_core.sv:277]
WARNING: [Synth 8-6014] Unused sequential element c_acc_reg was removed.  [D:/loongarch_soc/nh3_soc_dma_touch_demo/rtl/ip/nh3/nh3_cnn_lstm_core.sv:278]
WARNING: [Synth 8-6014] Unused sequential element c_new_reg was removed.  [D:/loongarch_soc/nh3_soc_dma_touch_demo/rtl/ip/nh3/nh3_cnn_lstm_core.sv:279]
WARNING: [Synth 8-6014] Unused sequential element h_new_reg was removed.  [D:/loongarch_soc/nh3_soc_dma_touch_demo/rtl/ip/nh3/nh3_cnn_lstm_core.sv:280]
WARNING: [Synth 8-6014] Unused sequential element mac_next_reg was removed.  [D:/loongarch_soc/nh3_soc_dma_touch_demo/rtl/ip/nh3/nh3_cnn_lstm_core.sv:308]
WARNING: [Synth 8-6014] Unused sequential element mac_next_reg was removed.  [D:/loongarch_soc/nh3_soc_dma_touch_demo/rtl/ip/nh3/nh3_cnn_lstm_core.sv:335]
INFO: [Synth 8-6155] done synthesizing module 'nh3_cnn_lstm_core' (96#1) [D:/loongarch_soc/nh3_soc_dma_touch_demo/rtl/ip/nh3/nh3_cnn_lstm_core.sv:7]
INFO: [Synth 8-6155] done synthesizing module 'nh3_axi_slave' (97#1) [D:/loongarch_soc/nh3_soc_dma_touch_demo/rtl/ip/nh3/nh3_axi_slave.sv:5]
INFO: [Synth 8-6157] synthesizing module 'matmul_axi_slave' [D:/loongarch_soc/nh3_soc_dma_touch_demo/rtl/ip/matmul/matmul_axi_slave.v:1]
INFO: [Common 17-14] Message 'Synth 8-6157' appears 100 times and further instances of the messages will be disabled. Use the Tcl command set_msg_config to change the current settings.
	Parameter AUTO_START_DMA bound to: 1'b0 
	Parameter AUTO_SRC_BASE bound to: 473956352 - type: integer 
	Parameter AUTO_GROUP_COUNT bound to: 5000 - type: integer 
	Parameter REG_CTRL bound to: 16'b0000000000000000 
	Parameter REG_GROUPS bound to: 16'b0000000000000100 
	Parameter REG_SRC_BASE bound to: 16'b0000000000001000 
	Parameter REG_DST_BASE bound to: 16'b0000000000001100 
	Parameter REG_CRC32 bound to: 16'b0000000000010000 
	Parameter REG_A_BASE bound to: 16'b0000000100000000 
	Parameter REG_B_BASE bound to: 16'b0000001000000000 
	Parameter REG_C_BASE bound to: 16'b0000001100000000 
	Parameter DMA_BATCH_GROUPS bound to: 4'b1000 
	Parameter DIRECT_CRC_OUTPUT bound to: 1'b1 
	Parameter DMA_MAX_READ_BURST_BEATS bound to: 10'b0100000000 
	Parameter RD_IDLE bound to: 3'b000 
	Parameter RD_REQ bound to: 3'b001 
	Parameter RD_ADDR bound to: 3'b010 
	Parameter RD_DATA bound to: 3'b011 
	Parameter WR_IDLE bound to: 3'b000 
	Parameter WR_PRIME bound to: 3'b001 
	Parameter WR_PIPE bound to: 3'b010 
	Parameter WR_ADDR bound to: 3'b011 
	Parameter WR_DATA bound to: 3'b100 
	Parameter WR_RESP bound to: 3'b101 
	Parameter LOCAL_IDLE bound to: 2'b00 
	Parameter LOCAL_ISSUE bound to: 2'b01 
	Parameter LOCAL_WAIT bound to: 2'b10 
	Parameter UTX_IDLE bound to: 4'b0000 
	Parameter UTX_PREFIX_SETUP bound to: 4'b0001 
	Parameter UTX_PREFIX_ENABLE bound to: 4'b0010 
	Parameter UTX_PREFIX_GAP bound to: 4'b0011 
	Parameter UTX_WAIT_TAIL bound to: 4'b0100 
	Parameter UTX_TAIL_SETUP bound to: 4'b0101 
	Parameter UTX_TAIL_ENABLE bound to: 4'b0110 
	Parameter UTX_TAIL_GAP bound to: 4'b0111 
	Parameter UTX_INIT_SETUP bound to: 4'b1000 
	Parameter UTX_INIT_ENABLE bound to: 4'b1001 
	Parameter UTX_TAIL_DRAIN bound to: 4'b1010 
	Parameter UART_CHAR_GAP bound to: 13'b1010000010100 
	Parameter UART_PREFIX_DRAIN_CYCLES bound to: 17'b10100001001000100 
	Parameter UART_TAIL_DRAIN_CYCLES bound to: 17'b10100001001000100 
INFO: [Synth 8-5534] Detected attribute (* use_dsp = "no" *) [D:/loongarch_soc/nh3_soc_dma_touch_demo/rtl/ip/matmul/matmul_batch_core.v:42]
INFO: [Synth 8-5534] Detected attribute (* use_dsp = "no" *) [D:/loongarch_soc/nh3_soc_dma_touch_demo/rtl/ip/matmul/matmul_batch_core.v:43]
INFO: [Synth 8-5534] Detected attribute (* use_dsp = "no" *) [D:/loongarch_soc/nh3_soc_dma_touch_demo/rtl/ip/matmul/matmul_batch_core.v:44]
INFO: [Synth 8-5534] Detected attribute (* use_dsp = "no" *) [D:/loongarch_soc/nh3_soc_dma_touch_demo/rtl/ip/matmul/matmul_batch_core.v:45]
INFO: [Synth 8-6155] done synthesizing module 'matmul_batch_core' (98#1) [D:/loongarch_soc/nh3_soc_dma_touch_demo/rtl/ip/matmul/matmul_batch_core.v:1]
WARNING: [Synth 8-6014] Unused sequential element buf_len_reg was removed.  [D:/loongarch_soc/nh3_soc_dma_touch_demo/rtl/ip/matmul/matmul_axi_slave.v:144]
WARNING: [Synth 8-6014] Unused sequential element buf_size_reg was removed.  [D:/loongarch_soc/nh3_soc_dma_touch_demo/rtl/ip/matmul/matmul_axi_slave.v:145]
WARNING: [Synth 8-6014] Unused sequential element buf_burst_reg was removed.  [D:/loongarch_soc/nh3_soc_dma_touch_demo/rtl/ip/matmul/matmul_axi_slave.v:146]
WARNING: [Synth 8-6014] Unused sequential element buf_lock_reg was removed.  [D:/loongarch_soc/nh3_soc_dma_touch_demo/rtl/ip/matmul/matmul_axi_slave.v:147]
WARNING: [Synth 8-6014] Unused sequential element buf_cache_reg was removed.  [D:/loongarch_soc/nh3_soc_dma_touch_demo/rtl/ip/matmul/matmul_axi_slave.v:148]
WARNING: [Synth 8-6014] Unused sequential element buf_prot_reg was removed.  [D:/loongarch_soc/nh3_soc_dma_touch_demo/rtl/ip/matmul/matmul_axi_slave.v:149]
WARNING: [Synth 8-6014] Unused sequential element stream_elem_idx_reg was removed.  [D:/loongarch_soc/nh3_soc_dma_touch_demo/rtl/ip/matmul/matmul_axi_slave.v:653]
WARNING: [Synth 8-6014] Unused sequential element m_awvalid_r_reg was removed.  [D:/loongarch_soc/nh3_soc_dma_touch_demo/rtl/ip/matmul/matmul_axi_slave.v:660]
INFO: [Synth 8-6155] done synthesizing module 'matmul_axi_slave' (99#1) [D:/loongarch_soc/nh3_soc_dma_touch_demo/rtl/ip/matmul/matmul_axi_slave.v:1]
	Parameter SIMULATION bound to: 1'b0 
INFO: [Synth 8-5534] Detected attribute (* ASYNC_REG = "TRUE" *) [D:/loongarch_soc/nh3_soc_dma_touch_demo/rtl/ip/confreg/confreg.v:113]
INFO: [Synth 8-5534] Detected attribute (* ASYNC_REG = "TRUE" *) [D:/loongarch_soc/nh3_soc_dma_touch_demo/rtl/ip/confreg/confreg.v:114]
INFO: [Synth 8-5534] Detected attribute (* ASYNC_REG = "TRUE" *) [D:/loongarch_soc/nh3_soc_dma_touch_demo/rtl/ip/confreg/confreg.v:115]
INFO: [Synth 8-5534] Detected attribute (* ASYNC_REG = "TRUE" *) [D:/loongarch_soc/nh3_soc_dma_touch_demo/rtl/ip/confreg/confreg.v:116]
INFO: [Synth 8-5534] Detected attribute (* ram_style = "distributed" *) [D:/loongarch_soc/nh3_soc_dma_touch_demo/rtl/ip/confreg/confreg.v:141]
WARNING: [Synth 8-5788] Register dpy0_data_reg in module digitaltube_controller is has both Set and reset with same priority. This may cause simulation mismatches. Consider rewriting code  [D:/loongarch_soc/nh3_soc_dma_touch_demo/rtl/ip/confreg/digitaltube_controller.v:61]
WARNING: [Synth 8-5788] Register dpy1_data_reg in module digitaltube_controller is has both Set and reset with same priority. This may cause simulation mismatches. Consider rewriting code  [D:/loongarch_soc/nh3_soc_dma_touch_demo/rtl/ip/confreg/digitaltube_controller.v:84]
INFO: [Synth 8-6155] done synthesizing module 'digitaltube_controller' (100#1) [D:/loongarch_soc/nh3_soc_dma_touch_demo/rtl/ip/confreg/digitaltube_controller.v:1]
INFO: [Common 17-14] Message 'Synth 8-6155' appears 100 times and further instances of the messages will be disabled. Use the Tcl command set_msg_config to change the current settings.
	Parameter N bound to: 32 - type: integer 
WARNING: [Synth 8-6014] Unused sequential element buf_len_reg was removed.  [D:/loongarch_soc/nh3_soc_dma_touch_demo/rtl/ip/confreg/confreg.v:174]
WARNING: [Synth 8-6014] Unused sequential element buf_size_reg was removed.  [D:/loongarch_soc/nh3_soc_dma_touch_demo/rtl/ip/confreg/confreg.v:175]
WARNING: [Synth 8-6014] Unused sequential element buf_burst_reg was removed.  [D:/loongarch_soc/nh3_soc_dma_touch_demo/rtl/ip/confreg/confreg.v:176]
WARNING: [Synth 8-6014] Unused sequential element buf_lock_reg was removed.  [D:/loongarch_soc/nh3_soc_dma_touch_demo/rtl/ip/confreg/confreg.v:177]
WARNING: [Synth 8-6014] Unused sequential element buf_cache_reg was removed.  [D:/loongarch_soc/nh3_soc_dma_touch_demo/rtl/ip/confreg/confreg.v:178]
WARNING: [Synth 8-6014] Unused sequential element buf_prot_reg was removed.  [D:/loongarch_soc/nh3_soc_dma_touch_demo/rtl/ip/confreg/confreg.v:179]
WARNING: [Synth 8-3848] Net video_red in module/entity soc_top does not have driver. [D:/loongarch_soc/nh3_soc_dma_touch_demo/rtl/soc_top.v:50]
WARNING: [Synth 8-3848] Net video_green in module/entity soc_top does not have driver. [D:/loongarch_soc/nh3_soc_dma_touch_demo/rtl/soc_top.v:51]
WARNING: [Synth 8-3848] Net video_blue in module/entity soc_top does not have driver. [D:/loongarch_soc/nh3_soc_dma_touch_demo/rtl/soc_top.v:52]
WARNING: [Synth 8-3848] Net video_hsync in module/entity soc_top does not have driver. [D:/loongarch_soc/nh3_soc_dma_touch_demo/rtl/soc_top.v:53]
WARNING: [Synth 8-3848] Net video_vsync in module/entity soc_top does not have driver. [D:/loongarch_soc/nh3_soc_dma_touch_demo/rtl/soc_top.v:54]
WARNING: [Synth 8-3848] Net video_clk in module/entity soc_top does not have driver. [D:/loongarch_soc/nh3_soc_dma_touch_demo/rtl/soc_top.v:55]
WARNING: [Synth 8-3848] Net video_de in module/entity soc_top does not have driver. [D:/loongarch_soc/nh3_soc_dma_touch_demo/rtl/soc_top.v:56]
WARNING: [Synth 8-3848] Net confreg_wid in module/entity soc_top does not have driver. [D:/loongarch_soc/nh3_soc_dma_touch_demo/rtl/soc_top.v:606]
WARNING: [Synth 8-3848] Net cpu_sync_bid_4 in module/entity soc_top does not have driver. [D:/loongarch_soc/nh3_soc_dma_touch_demo/rtl/soc_top.v:1227]
WARNING: [Synth 8-3848] Net cpu_sync_rid_4 in module/entity soc_top does not have driver. [D:/loongarch_soc/nh3_soc_dma_touch_demo/rtl/soc_top.v:1232]
	Parameter SIMULATION bound to: 1'b0 
	Parameter BUS_HOLD_CYCLES bound to: 5 - type: integer 
	Parameter ST_RESET_LOW bound to: 4'b0000 
	Parameter ST_RESET_WAIT bound to: 4'b0001 
	Parameter ST_PRE bound to: 4'b0010 
	Parameter ST_GAMMA bound to: 4'b0011 
	Parameter ST_POST bound to: 4'b0100 
	Parameter ST_SLEEP_OUT bound to: 4'b0101 
	Parameter ST_SLEEP_WAIT bound to: 4'b0110 
	Parameter ST_DISPLAY_ON bound to: 4'b0111 
	Parameter ST_WINDOW bound to: 4'b1000 
	Parameter ST_DISPLAY_WAIT bound to: 4'b1001 
	Parameter ST_RAM_COMMAND bound to: 4'b1010 
	Parameter ST_PIXELS bound to: 4'b1011 
	Parameter RESET_LOW_CYCLES bound to: 2000000 - type: integer 
	Parameter RESET_WAIT_CYCLES bound to: 5000000 - type: integer 
	Parameter SLEEP_WAIT_CYCLES bound to: 12000000 - type: integer 
	Parameter DISPLAY_WAIT_CYCLES bound to: 2000000 - type: integer 
	Parameter HOLD_CYCLES bound to: 5 - type: integer 
	Parameter BUS_IDLE bound to: 2'b00 
	Parameter BUS_SETUP bound to: 2'b01 
	Parameter BUS_LOW bound to: 2'b10 
	Parameter BUS_HIGH bound to: 2'b11 
	Parameter SAFE_HOLD_CYCLES bound to: 5 - type: integer 
INFO: [Synth 8-226] default block is never used [D:/loongarch_soc/nh3_soc_dma_touch_demo/rtl/display/nt35510_lcd_demo.v:556]
	Parameter C_BG bound to: 16'b0000100001100001 
	Parameter C_TOP bound to: 16'b0001000010100010 
	Parameter C_PANEL bound to: 16'b0001100011100011 
	Parameter C_PANEL_2 bound to: 16'b0010000100100100 
	Parameter C_GRID bound to: 16'b0011000110100110 
	Parameter C_WHITE bound to: 16'b1111111111111111 
	Parameter C_MUTED bound to: 16'b1001110011110011 
	Parameter C_TEAL bound to: 16'b0000010111110011 
	Parameter C_BLUE bound to: 16'b0010010010011111 
	Parameter C_GREEN bound to: 16'b0011011010101000 
	Parameter C_AMBER bound to: 16'b1111110100100000 
	Parameter C_RED bound to: 16'b1111001010101010 
	Parameter UI_READY bound to: 4'b0000 
	Parameter UI_LOADING bound to: 4'b0001 
	Parameter UI_RUNNING bound to: 4'b0010 
	Parameter UI_COMPLETED bound to: 4'b0011 
	Parameter UI_ERROR bound to: 4'b0100 
WARNING: [Synth 8-3331] design nh3_lcd_ui_renderer has unconnected port led_state[15]
WARNING: [Synth 8-3331] design nh3_lcd_ui_renderer has unconnected port led_state[14]
WARNING: [Synth 8-3331] design nh3_lcd_ui_renderer has unconnected port led_state[13]
WARNING: [Synth 8-3331] design nh3_lcd_ui_renderer has unconnected port led_state[12]
WARNING: [Synth 8-3331] design nh3_lcd_ui_renderer has unconnected port led_state[11]
WARNING: [Synth 8-3331] design nh3_lcd_ui_renderer has unconnected port led_state[10]
WARNING: [Synth 8-3331] design nh3_lcd_ui_renderer has unconnected port led_state[9]
WARNING: [Synth 8-3331] design nh3_lcd_ui_renderer has unconnected port led_state[8]
WARNING: [Synth 8-3331] design nh3_lcd_ui_renderer has unconnected port led_state[7]
WARNING: [Synth 8-3331] design nh3_lcd_ui_renderer has unconnected port led_state[6]
WARNING: [Synth 8-3331] design nh3_lcd_ui_renderer has unconnected port led_state[5]
WARNING: [Synth 8-3331] design nh3_lcd_ui_renderer has unconnected port led_state[4]
WARNING: [Synth 8-3331] design nh3_lcd_ui_renderer has unconnected port led_state[3]
WARNING: [Synth 8-3331] design nh3_lcd_ui_renderer has unconnected port led_state[2]
WARNING: [Synth 8-3331] design nh3_lcd_ui_renderer has unconnected port led_state[1]
WARNING: [Synth 8-3331] design nh3_lcd_ui_renderer has unconnected port led_state[0]
WARNING: [Synth 8-3331] design nh3_lcd_ui_renderer has unconnected port ui_status[31]
WARNING: [Synth 8-3331] design nh3_lcd_ui_renderer has unconnected port ui_status[30]
WARNING: [Synth 8-3331] design nh3_lcd_ui_renderer has unconnected port ui_status[29]
WARNING: [Synth 8-3331] design nh3_lcd_ui_renderer has unconnected port ui_status[28]
WARNING: [Synth 8-3331] design nh3_lcd_ui_renderer has unconnected port ui_status[27]
WARNING: [Synth 8-3331] design nh3_lcd_ui_renderer has unconnected port ui_status[26]
WARNING: [Synth 8-3331] design nh3_lcd_ui_renderer has unconnected port ui_status[25]
WARNING: [Synth 8-3331] design nh3_lcd_ui_renderer has unconnected port ui_status[24]
WARNING: [Synth 8-3331] design nh3_lcd_ui_renderer has unconnected port ui_status[23]
WARNING: [Synth 8-3331] design nh3_lcd_ui_renderer has unconnected port ui_status[22]
WARNING: [Synth 8-3331] design nh3_lcd_ui_renderer has unconnected port ui_status[21]
WARNING: [Synth 8-3331] design nh3_lcd_ui_renderer has unconnected port ui_status[20]
WARNING: [Synth 8-3331] design nh3_lcd_ui_renderer has unconnected port ui_status[19]
WARNING: [Synth 8-3331] design nh3_lcd_ui_renderer has unconnected port ui_status[18]
WARNING: [Synth 8-3331] design nh3_lcd_ui_renderer has unconnected port ui_status[17]
WARNING: [Synth 8-3331] design nh3_lcd_ui_renderer has unconnected port ui_status[16]
WARNING: [Synth 8-3331] design nh3_lcd_ui_renderer has unconnected port ui_status[15]
WARNING: [Synth 8-3331] design nh3_lcd_ui_renderer has unconnected port ui_status[14]
WARNING: [Synth 8-3331] design nh3_lcd_ui_renderer has unconnected port ui_status[13]
WARNING: [Synth 8-3331] design nh3_lcd_ui_renderer has unconnected port ui_status[12]
WARNING: [Synth 8-3331] design nh3_lcd_ui_renderer has unconnected port ui_status[11]
WARNING: [Synth 8-3331] design nh3_lcd_ui_renderer has unconnected port ui_status[10]
WARNING: [Synth 8-3331] design nh3_lcd_ui_renderer has unconnected port ui_status[9]
WARNING: [Synth 8-3331] design nh3_lcd_ui_renderer has unconnected port ui_status[8]
WARNING: [Synth 8-3331] design nh3_lcd_ui_renderer has unconnected port ui_status[7]
WARNING: [Synth 8-3331] design nh3_lcd_ui_renderer has unconnected port ui_status[6]
WARNING: [Synth 8-3331] design nh3_lcd_ui_renderer has unconnected port ui_status[5]
WARNING: [Synth 8-3331] design nh3_lcd_ui_renderer has unconnected port ui_status[4]
WARNING: [Synth 8-3331] design nh3_lcd_ui_renderer has unconnected port ui_group[31]
WARNING: [Synth 8-3331] design nh3_lcd_ui_renderer has unconnected port ui_group[30]
WARNING: [Synth 8-3331] design nh3_lcd_ui_renderer has unconnected port ui_group[29]
WARNING: [Synth 8-3331] design nh3_lcd_ui_renderer has unconnected port ui_group[28]
WARNING: [Synth 8-3331] design nh3_lcd_ui_renderer has unconnected port ui_group[27]
WARNING: [Synth 8-3331] design nh3_lcd_ui_renderer has unconnected port ui_group[26]
WARNING: [Synth 8-3331] design nh3_lcd_ui_renderer has unconnected port ui_group[25]
WARNING: [Synth 8-3331] design nh3_lcd_ui_renderer has unconnected port ui_group[24]
WARNING: [Synth 8-3331] design nh3_lcd_ui_renderer has unconnected port ui_group[23]
WARNING: [Synth 8-3331] design nh3_lcd_ui_renderer has unconnected port ui_group[22]
WARNING: [Synth 8-3331] design nh3_lcd_ui_renderer has unconnected port ui_group[21]
WARNING: [Synth 8-3331] design nh3_lcd_ui_renderer has unconnected port ui_group[20]
WARNING: [Synth 8-3331] design nh3_lcd_ui_renderer has unconnected port ui_group[19]
WARNING: [Synth 8-3331] design nh3_lcd_ui_renderer has unconnected port ui_group[18]
WARNING: [Synth 8-3331] design nh3_lcd_ui_renderer has unconnected port ui_group[17]
WARNING: [Synth 8-3331] design nh3_lcd_ui_renderer has unconnected port ui_group[16]
WARNING: [Synth 8-3331] design nh3_lcd_ui_renderer has unconnected port ui_group[15]
WARNING: [Synth 8-3331] design nh3_lcd_ui_renderer has unconnected port ui_group[14]
WARNING: [Synth 8-3331] design nh3_lcd_ui_renderer has unconnected port ui_group[13]
WARNING: [Synth 8-3331] design nh3_lcd_ui_renderer has unconnected port ui_group[12]
WARNING: [Synth 8-3331] design nh3_lcd_ui_renderer has unconnected port ui_group[11]
WARNING: [Synth 8-3331] design nh3_lcd_ui_renderer has unconnected port ui_group[10]
WARNING: [Synth 8-3331] design nh3_lcd_ui_renderer has unconnected port ui_group[9]
WARNING: [Synth 8-3331] design nh3_lcd_ui_renderer has unconnected port ui_group[8]
WARNING: [Synth 8-3331] design nh3_lcd_ui_renderer has unconnected port ui_group[7]
WARNING: [Synth 8-3331] design nh3_lcd_ui_renderer has unconnected port ui_group[6]
WARNING: [Synth 8-3331] design nh3_lcd_ui_renderer has unconnected port ui_group[5]
WARNING: [Synth 8-3331] design nh3_lcd_ui_renderer has unconnected port ui_group[4]
WARNING: [Synth 8-3331] design nh3_lcd_ui_renderer has unconnected port ui_group[3]
WARNING: [Synth 8-3331] design nh3_lcd_ui_renderer has unconnected port ui_group[2]
WARNING: [Synth 8-3331] design nh3_lcd_ui_renderer has unconnected port ui_group[1]
WARNING: [Synth 8-3331] design nh3_lcd_ui_renderer has unconnected port ui_group[0]
WARNING: [Synth 8-3331] design nh3_lcd_ui_renderer has unconnected port ui_predicted[30]
WARNING: [Synth 8-3331] design nh3_lcd_ui_renderer has unconnected port ui_predicted[29]
WARNING: [Synth 8-3331] design nh3_lcd_ui_renderer has unconnected port ui_predicted[28]
WARNING: [Synth 8-3331] design nh3_lcd_ui_renderer has unconnected port ui_predicted[27]
WARNING: [Synth 8-3331] design nh3_lcd_ui_renderer has unconnected port ui_predicted[26]
WARNING: [Synth 8-3331] design nh3_lcd_ui_renderer has unconnected port ui_predicted[25]
WARNING: [Synth 8-3331] design nh3_lcd_ui_renderer has unconnected port ui_predicted[24]
WARNING: [Synth 8-3331] design nh3_lcd_ui_renderer has unconnected port ui_predicted[23]
WARNING: [Synth 8-3331] design nh3_lcd_ui_renderer has unconnected port ui_predicted[22]
WARNING: [Synth 8-3331] design nh3_lcd_ui_renderer has unconnected port ui_predicted[21]
WARNING: [Synth 8-3331] design nh3_lcd_ui_renderer has unconnected port ui_predicted[20]
WARNING: [Synth 8-3331] design nh3_lcd_ui_renderer has unconnected port ui_observed[30]
WARNING: [Synth 8-3331] design nh3_lcd_ui_renderer has unconnected port ui_observed[29]
WARNING: [Synth 8-3331] design nh3_lcd_ui_renderer has unconnected port ui_observed[28]
WARNING: [Synth 8-3331] design nh3_lcd_ui_renderer has unconnected port ui_observed[27]
WARNING: [Synth 8-3331] design nh3_lcd_ui_renderer has unconnected port ui_observed[26]
WARNING: [Synth 8-3331] design nh3_lcd_ui_renderer has unconnected port ui_observed[25]
WARNING: [Synth 8-3331] design nh3_lcd_ui_renderer has unconnected port ui_observed[24]
WARNING: [Synth 8-3331] design nh3_lcd_ui_renderer has unconnected port ui_observed[23]
WARNING: [Synth 8-3331] design nh3_lcd_ui_renderer has unconnected port ui_observed[22]
WARNING: [Synth 8-3331] design nh3_lcd_ui_renderer has unconnected port ui_observed[21]
WARNING: [Synth 8-3331] design nh3_lcd_ui_renderer has unconnected port ui_observed[20]
WARNING: [Synth 8-3331] design nh3_lcd_ui_renderer has unconnected port ui_bias[30]
WARNING: [Synth 8-3331] design nh3_lcd_ui_renderer has unconnected port ui_bias[29]
INFO: [Common 17-14] Message 'Synth 8-3331' appears 100 times and further instances of the messages will be disabled. Use the Tcl command set_msg_config to change the current settings.
---------------------------------------------------------------------------------
Finished RTL Elaboration : Time (s): cpu = 00:00:15 ; elapsed = 00:00:16 . Memory (MB): peak = 1444.449 ; gain = 828.168
---------------------------------------------------------------------------------

Report Check Netlist: 
+------+------------------+-------+---------+-------+------------------+
|      |Item              |Errors |Warnings |Status |Description       |
+------+------------------+-------+---------+-------+------------------+
|1     |multi_driven_nets |      0|        0|Passed |Multi driven nets |
+------+------------------+-------+---------+-------+------------------+
---------------------------------------------------------------------------------
Start Handling Custom Attributes
---------------------------------------------------------------------------------
---------------------------------------------------------------------------------
Finished Handling Custom Attributes : Time (s): cpu = 00:00:18 ; elapsed = 00:00:20 . Memory (MB): peak = 1444.449 ; gain = 828.168
---------------------------------------------------------------------------------
---------------------------------------------------------------------------------
Finished RTL Optimization Phase 1 : Time (s): cpu = 00:00:18 ; elapsed = 00:00:20 . Memory (MB): peak = 1444.449 ; gain = 828.168
---------------------------------------------------------------------------------
Netlist sorting complete. Time (s): cpu = 00:00:02 ; elapsed = 00:00:01 . Memory (MB): peak = 1444.449 ; gain = 0.000
INFO: [Netlist 29-17] Analyzing 1 Unisim elements for replacement
INFO: [Netlist 29-28] Unisim Transformation completed in 0 CPU seconds
INFO: [Project 1-570] Preparing netlist for logic optimization

Processing XDC Constraints
Initializing timing engine
Parsing XDC File [D:/loongarch_soc/nh3_soc_dma_touch_demo/constraints/experiment_box.xdc]
WARNING: [Designutils 20-1567] Use of 'set_multicycle_path' with '-hold' is not supported by synthesis. The constraint will not be passed to synthesis. [D:/loongarch_soc/nh3_soc_dma_touch_demo/constraints/experiment_box.xdc:114]
WARNING: [Designutils 20-1567] Use of 'set_multicycle_path' with '-hold' is not supported by synthesis. The constraint will not be passed to synthesis. [D:/loongarch_soc/nh3_soc_dma_touch_demo/constraints/experiment_box.xdc:121]
Finished Parsing XDC File [D:/loongarch_soc/nh3_soc_dma_touch_demo/constraints/experiment_box.xdc]
INFO: [Project 1-236] Implementation specific constraints were found while reading constraint file [D:/loongarch_soc/nh3_soc_dma_touch_demo/constraints/experiment_box.xdc]. These constraints will be ignored for synthesis but will be used in implementation. Impacted constraints are listed in the file [.Xil/nh3_demo_soc_top_propImpl.xdc].
Resolution: To avoid this warning, move constraints listed in [.Xil/nh3_demo_soc_top_propImpl.xdc] to another XDC file and exclude this new file from synthesis with the used_in_synthesis property (File Properties dialog in GUI) and re-run elaboration/synthesis.
INFO: [Timing 38-2] Deriving generated clocks
Completed Processing XDC Constraints

Netlist sorting complete. Time (s): cpu = 00:00:00 ; elapsed = 00:00:00.034 . Memory (MB): peak = 1695.219 ; gain = 0.000
INFO: [Project 1-111] Unisim Transformation Summary:
No Unisim elements were transformed.

Constraint Validation Runtime : Time (s): cpu = 00:00:00 ; elapsed = 00:00:00.464 . Memory (MB): peak = 1695.219 ; gain = 0.000
---------------------------------------------------------------------------------
Finished Constraint Validation : Time (s): cpu = 00:00:42 ; elapsed = 00:00:42 . Memory (MB): peak = 1695.219 ; gain = 1078.938
---------------------------------------------------------------------------------
INFO: [Synth 8-5580] Multithreading enabled for synth_design using a maximum of 4 processes.
---------------------------------------------------------------------------------
Start Loading Part and Timing Information
---------------------------------------------------------------------------------
Loading part: xc7a200tfbg676-1
---------------------------------------------------------------------------------
Finished Loading Part and Timing Information : Time (s): cpu = 00:00:42 ; elapsed = 00:00:42 . Memory (MB): peak = 1695.219 ; gain = 1078.938
---------------------------------------------------------------------------------
---------------------------------------------------------------------------------
Start Applying 'set_property' XDC Constraints
---------------------------------------------------------------------------------
---------------------------------------------------------------------------------
Finished applying 'set_property' XDC Constraints : Time (s): cpu = 00:00:43 ; elapsed = 00:00:43 . Memory (MB): peak = 1695.219 ; gain = 1078.938
---------------------------------------------------------------------------------
INFO: [Synth 8-802] inferred FSM for state register 'state_reg' in module 'gt9147_touch'
INFO: [Synth 8-802] inferred FSM for state register 'device_address_reg' in module 'gt9147_touch'
INFO: [Synth 8-5546] ROM "touch_reset_n" won't be mapped to RAM because it is too sparse
INFO: [Synth 8-4471] merging register 'fs_excp_num_reg' into 'fs_excp_reg' [D:/loongarch_soc/nh3_soc_dma_touch_demo/rtl/ip/open-la500/if_stage.v:308]
INFO: [Synth 8-802] inferred FSM for state register 'br_target_inst_req_state_reg' in module 'if_stage'
WARNING: [Synth 8-3936] Found unconnected internal register 'SecStageCarry_reg' and it is trimmed from '17' to '16' bits. [D:/loongarch_soc/nh3_soc_dma_touch_demo/rtl/ip/open-la500/mul.v:158]
WARNING: [Synth 8-3936] Found unconnected internal register 'ms_to_ws_bus_r_reg' and it is trimmed from '493' to '283' bits. [D:/loongarch_soc/nh3_soc_dma_touch_demo/rtl/ip/open-la500/wb_stage.v:178]
INFO: [Synth 8-4471] merging register 'csr_ticlr_reg[31:0]' into 'csr_cpuid_reg[31:0]' [D:/loongarch_soc/nh3_soc_dma_touch_demo/rtl/ip/open-la500/csr.v:305]
INFO: [Synth 8-4471] merging register 'csr_cpucfg2_reg[31:0]' into 'csr_cpuid_reg[31:0]' [D:/loongarch_soc/nh3_soc_dma_touch_demo/rtl/ip/open-la500/csr.v:312]
INFO: [Synth 8-4471] merging register 'csr_cpucfg12_reg[31:0]' into 'csr_cpucfg11_reg[31:0]' [D:/loongarch_soc/nh3_soc_dma_touch_demo/rtl/ip/open-la500/csr.v:315]
INFO: [Synth 8-4471] merging register 'csr_cpucfg13_reg[31:0]' into 'csr_cpuid_reg[31:0]' [D:/loongarch_soc/nh3_soc_dma_touch_demo/rtl/ip/open-la500/csr.v:316]
INFO: [Synth 8-802] inferred FSM for state register 'write_requst_state_reg' in module 'axi_bridge'
INFO: [Synth 8-802] inferred FSM for state register 'main_state_reg' in module 'icache'
INFO: [Synth 8-802] inferred FSM for state register 'state_q_reg' in module 'axi2sram_sp'
INFO: [Synth 8-4471] merging register 'axi_s_rvalid_reg' into 'axi_s_rlast_reg' [D:/loongarch_soc/nh3_soc_dma_touch_demo/rtl/ip/APB_UART/axi2apb.v:203]
INFO: [Synth 8-802] inferred FSM for state register 'csr_rw_sm_reg' in module 'axi2apb_bridge'
INFO: [Synth 8-5818] HDL ADVISOR - The operator resource <adder> is shared. To prevent sharing consider applying a KEEP on the output of the operator [D:/loongarch_soc/nh3_soc_dma_touch_demo/rtl/ip/APB_UART/URT/uart_tfifo.v:97]
INFO: [Synth 8-802] inferred FSM for state register 'tstate_reg' in module 'uart_transmitter'
INFO: [Synth 8-5818] HDL ADVISOR - The operator resource <adder> is shared. To prevent sharing consider applying a KEEP on the output of the operator [D:/loongarch_soc/nh3_soc_dma_touch_demo/rtl/ip/APB_UART/URT/uart_rfifo.v:133]
INFO: [Synth 8-802] inferred FSM for state register 'rstate_reg' in module 'uart_receiver'
INFO: [Synth 8-5544] ROM "toc_value" won't be mapped to Block RAM because address size (4) smaller than threshold (5)
INFO: [Synth 8-5544] ROM "rparity_xor" won't be mapped to Block RAM because address size (4) smaller than threshold (5)
INFO: [Synth 8-5818] HDL ADVISOR - The operator resource <adder> is shared. To prevent sharing consider applying a KEEP on the output of the operator [D:/loongarch_soc/nh3_soc_dma_touch_demo/rtl/ip/APB_UART/URT/uart_regs.v:533]
INFO: [Synth 8-5544] ROM "block_value" won't be mapped to Block RAM because address size (4) smaller than threshold (5)
INFO: [Synth 8-5544] ROM "block_value" won't be mapped to Block RAM because address size (4) smaller than threshold (5)
INFO: [Synth 8-5544] ROM "trigger_level" won't be mapped to Block RAM because address size (2) smaller than threshold (5)
INFO: [Synth 8-802] inferred FSM for state register 'state_reg' in module 'memreq_axi'
INFO: [Synth 8-5818] HDL ADVISOR - The operator resource <adder> is shared. To prevent sharing consider applying a KEEP on the output of the operator [D:/loongarch_soc/nh3_soc_dma_touch_demo/rtl/ip/nh3/nh3_cnn_lstm_pkg.sv:48]
INFO: [Synth 8-5818] HDL ADVISOR - The operator resource <adder> is shared. To prevent sharing consider applying a KEEP on the output of the operator [D:/loongarch_soc/nh3_soc_dma_touch_demo/rtl/ip/nh3/nh3_cnn_lstm_pkg.sv:48]
INFO: [Synth 8-5818] HDL ADVISOR - The operator resource <adder> is shared. To prevent sharing consider applying a KEEP on the output of the operator [D:/loongarch_soc/nh3_soc_dma_touch_demo/rtl/ip/nh3/nh3_cnn_lstm_pkg.sv:48]
INFO: [Synth 8-5818] HDL ADVISOR - The operator resource <adder> is shared. To prevent sharing consider applying a KEEP on the output of the operator [D:/loongarch_soc/nh3_soc_dma_touch_demo/rtl/ip/nh3/nh3_cnn_lstm_pkg.sv:48]
INFO: [Synth 8-5818] HDL ADVISOR - The operator resource <adder> is shared. To prevent sharing consider applying a KEEP on the output of the operator [D:/loongarch_soc/nh3_soc_dma_touch_demo/rtl/ip/nh3/nh3_cnn_lstm_pkg.sv:48]
INFO: [Synth 8-5818] HDL ADVISOR - The operator resource <adder> is shared. To prevent sharing consider applying a KEEP on the output of the operator [D:/loongarch_soc/nh3_soc_dma_touch_demo/rtl/ip/nh3/nh3_cnn_lstm_pkg.sv:48]
INFO: [Synth 8-5818] HDL ADVISOR - The operator resource <adder> is shared. To prevent sharing consider applying a KEEP on the output of the operator [D:/loongarch_soc/nh3_soc_dma_touch_demo/rtl/ip/nh3/nh3_cnn_lstm_pkg.sv:48]
INFO: [Synth 8-5818] HDL ADVISOR - The operator resource <adder> is shared. To prevent sharing consider applying a KEEP on the output of the operator [D:/loongarch_soc/nh3_soc_dma_touch_demo/rtl/ip/nh3/nh3_cnn_lstm_pkg.sv:48]
INFO: [Synth 8-5818] HDL ADVISOR - The operator resource <adder> is shared. To prevent sharing consider applying a KEEP on the output of the operator [D:/loongarch_soc/nh3_soc_dma_touch_demo/rtl/ip/nh3/nh3_cnn_lstm_pkg.sv:44]
INFO: [Synth 8-5818] HDL ADVISOR - The operator resource <adder> is shared. To prevent sharing consider applying a KEEP on the output of the operator [D:/loongarch_soc/nh3_soc_dma_touch_demo/rtl/ip/nh3/nh3_cnn_lstm_pkg.sv:44]
INFO: [Synth 8-5818] HDL ADVISOR - The operator resource <adder> is shared. To prevent sharing consider applying a KEEP on the output of the operator [D:/loongarch_soc/nh3_soc_dma_touch_demo/rtl/ip/nh3/nh3_cnn_lstm_pkg.sv:44]
INFO: [Synth 8-5818] HDL ADVISOR - The operator resource <adder> is shared. To prevent sharing consider applying a KEEP on the output of the operator [D:/loongarch_soc/nh3_soc_dma_touch_demo/rtl/ip/nh3/nh3_cnn_lstm_pkg.sv:44]
INFO: [Synth 8-5818] HDL ADVISOR - The operator resource <adder> is shared. To prevent sharing consider applying a KEEP on the output of the operator [D:/loongarch_soc/nh3_soc_dma_touch_demo/rtl/ip/nh3/nh3_cnn_lstm_pkg.sv:44]
INFO: [Synth 8-5818] HDL ADVISOR - The operator resource <adder> is shared. To prevent sharing consider applying a KEEP on the output of the operator [D:/loongarch_soc/nh3_soc_dma_touch_demo/rtl/ip/nh3/nh3_cnn_lstm_pkg.sv:44]
INFO: [Synth 8-5818] HDL ADVISOR - The operator resource <adder> is shared. To prevent sharing consider applying a KEEP on the output of the operator [D:/loongarch_soc/nh3_soc_dma_touch_demo/rtl/ip/nh3/nh3_cnn_lstm_pkg.sv:44]
INFO: [Synth 8-5818] HDL ADVISOR - The operator resource <adder> is shared. To prevent sharing consider applying a KEEP on the output of the operator [D:/loongarch_soc/nh3_soc_dma_touch_demo/rtl/ip/nh3/nh3_cnn_lstm_pkg.sv:44]
INFO: [Synth 8-5546] ROM "input_mem" won't be mapped to RAM because it is too sparse
INFO: [Synth 8-5546] ROM "conv_mem" won't be mapped to RAM because it is too sparse
INFO: [Synth 8-5546] ROM "pool_mem" won't be mapped to RAM because it is too sparse
INFO: [Synth 8-7031] Trying to map ROM "tanh_lut" into Block RAM due to explicit "ram_style" or "rom_style" specification
INFO: [Synth 8-7031] Trying to map ROM "sigmoid_lut" into Block RAM due to explicit "ram_style" or "rom_style" specification
INFO: [Synth 8-7031] Trying to map ROM "tanh_lut" into Block RAM due to explicit "ram_style" or "rom_style" specification
INFO: [Synth 8-7031] Trying to map ROM "sigmoid_lut" into Block RAM due to explicit "ram_style" or "rom_style" specification
INFO: [Synth 8-7031] Trying to map ROM "sigmoid_lut" into Block RAM due to explicit "ram_style" or "rom_style" specification
INFO: [Synth 8-7031] Trying to map ROM "lstm_r" into Block RAM due to explicit "ram_style" or "rom_style" specification
INFO: [Synth 8-7031] Trying to map ROM "dense_w" into Block RAM due to explicit "ram_style" or "rom_style" specification
INFO: [Synth 8-7031] Trying to map ROM "conv_w" into Block RAM due to explicit "ram_style" or "rom_style" specification
INFO: [Synth 8-5542] Attribute ram_style/rom_style = distributed specified for ROM  "conv_b". This will be implemented in logic
INFO: [Synth 8-5542] Attribute ram_style/rom_style = distributed specified for ROM  "lstm_b". This will be implemented in logic
INFO: [Synth 8-7031] Trying to map ROM "lstm_w" into Block RAM due to explicit "ram_style" or "rom_style" specification
INFO: [Synth 8-5542] Attribute ram_style/rom_style = distributed specified for ROM  "dense_b". This will be implemented in logic
INFO: [Synth 8-5542] Attribute ram_style/rom_style = distributed specified for ROM  "out_w". This will be implemented in logic
INFO: [Synth 8-4471] merging register 's_rlast_reg' into 's_rvalid_reg' [D:/loongarch_soc/nh3_soc_dma_touch_demo/rtl/ip/matmul/matmul_axi_slave.v:121]
INFO: [Synth 8-802] inferred FSM for state register 'wr_state_reg' in module 'matmul_axi_slave'
INFO: [Synth 8-5587] ROM size for "uart_prefix_char" is below threshold of ROM address width. It will be mapped to LUTs
INFO: [Synth 8-5587] ROM size for "uart_prefix_char" is below threshold of ROM address width. It will be mapped to LUTs
INFO: [Synth 8-5544] ROM "uart_init_addr" won't be mapped to Block RAM because address size (3) smaller than threshold (5)
INFO: [Synth 8-5544] ROM "uart_init_data" won't be mapped to Block RAM because address size (3) smaller than threshold (5)
INFO: [Synth 8-802] inferred FSM for state register 'state_reg' in module 'lcd8080_writer'
INFO: [Synth 8-5544] ROM "status_color" won't be mapped to Block RAM because address size (4) smaller than threshold (5)
INFO: [Synth 8-5587] ROM size for "line_char" is below threshold of ROM address width. It will be mapped to LUTs
INFO: [Synth 8-5587] ROM size for "line_char" is below threshold of ROM address width. It will be mapped to LUTs
INFO: [Synth 8-5546] ROM "line_char" won't be mapped to RAM because it is too sparse
INFO: [Synth 8-5546] ROM "line_char" won't be mapped to RAM because it is too sparse
INFO: [Synth 8-5546] ROM "line_char" won't be mapped to RAM because it is too sparse
INFO: [Synth 8-5546] ROM "line_char" won't be mapped to RAM because it is too sparse
INFO: [Synth 8-5546] ROM "line_char" won't be mapped to RAM because it is too sparse
INFO: [Synth 8-5546] ROM "line_char" won't be mapped to RAM because it is too sparse
INFO: [Synth 8-5546] ROM "line_char" won't be mapped to RAM because it is too sparse
INFO: [Synth 8-5546] ROM "line_char" won't be mapped to RAM because it is too sparse
INFO: [Synth 8-5546] ROM "line_char" won't be mapped to RAM because it is too sparse
INFO: [Synth 8-5587] ROM size for "line_char" is below threshold of ROM address width. It will be mapped to LUTs
INFO: [Synth 8-5546] ROM "line_char" won't be mapped to RAM because it is too sparse
INFO: [Synth 8-5546] ROM "line_char" won't be mapped to RAM because it is too sparse
INFO: [Synth 8-5546] ROM "line_char" won't be mapped to RAM because it is too sparse
INFO: [Synth 8-5546] ROM "line_char" won't be mapped to RAM because it is too sparse
INFO: [Synth 8-5546] ROM "line_char" won't be mapped to RAM because it is too sparse
INFO: [Synth 8-5546] ROM "line_char" won't be mapped to RAM because it is too sparse
INFO: [Synth 8-5546] ROM "line_char" won't be mapped to RAM because it is too sparse
INFO: [Synth 8-5587] ROM size for "line_char" is below threshold of ROM address width. It will be mapped to LUTs
INFO: [Synth 8-5587] ROM size for "line_char" is below threshold of ROM address width. It will be mapped to LUTs
INFO: [Synth 8-5587] ROM size for "line_char" is below threshold of ROM address width. It will be mapped to LUTs
INFO: [Synth 8-5587] ROM size for "line_char" is below threshold of ROM address width. It will be mapped to LUTs
INFO: [Synth 8-5587] ROM size for "line_char" is below threshold of ROM address width. It will be mapped to LUTs
INFO: [Synth 8-5587] ROM size for "line_char" is below threshold of ROM address width. It will be mapped to LUTs
INFO: [Synth 8-5587] ROM size for "line_char" is below threshold of ROM address width. It will be mapped to LUTs
INFO: [Synth 8-5546] ROM "line_char" won't be mapped to RAM because it is too sparse
INFO: [Synth 8-5546] ROM "line_char" won't be mapped to RAM because it is too sparse
INFO: [Synth 8-5546] ROM "line_char" won't be mapped to RAM because it is too sparse
INFO: [Synth 8-5587] ROM size for "line_char" is below threshold of ROM address width. It will be mapped to LUTs
INFO: [Synth 8-5544] ROM "status_color" won't be mapped to Block RAM because address size (4) smaller than threshold (5)
INFO: [Synth 8-5587] ROM size for "line_char" is below threshold of ROM address width. It will be mapped to LUTs
INFO: [Synth 8-5587] ROM size for "line_char" is below threshold of ROM address width. It will be mapped to LUTs
INFO: [Synth 8-5546] ROM "line_char" won't be mapped to RAM because it is too sparse
INFO: [Synth 8-5546] ROM "line_char" won't be mapped to RAM because it is too sparse
INFO: [Synth 8-5546] ROM "line_char" won't be mapped to RAM because it is too sparse
INFO: [Synth 8-5546] ROM "line_char" won't be mapped to RAM because it is too sparse
INFO: [Synth 8-5546] ROM "line_char" won't be mapped to RAM because it is too sparse
INFO: [Synth 8-5546] ROM "line_char" won't be mapped to RAM because it is too sparse
INFO: [Synth 8-5546] ROM "line_char" won't be mapped to RAM because it is too sparse
INFO: [Synth 8-5546] ROM "line_char" won't be mapped to RAM because it is too sparse
INFO: [Synth 8-5546] ROM "line_char" won't be mapped to RAM because it is too sparse
INFO: [Synth 8-5587] ROM size for "line_char" is below threshold of ROM address width. It will be mapped to LUTs
INFO: [Synth 8-5546] ROM "line_char" won't be mapped to RAM because it is too sparse
INFO: [Synth 8-5546] ROM "line_char" won't be mapped to RAM because it is too sparse
INFO: [Synth 8-5546] ROM "line_char" won't be mapped to RAM because it is too sparse
INFO: [Synth 8-5546] ROM "line_char" won't be mapped to RAM because it is too sparse
INFO: [Synth 8-5546] ROM "line_char" won't be mapped to RAM because it is too sparse
INFO: [Synth 8-5546] ROM "line_char" won't be mapped to RAM because it is too sparse
INFO: [Synth 8-5546] ROM "line_char" won't be mapped to RAM because it is too sparse
INFO: [Synth 8-5587] ROM size for "line_char" is below threshold of ROM address width. It will be mapped to LUTs
INFO: [Synth 8-5587] ROM size for "line_char" is below threshold of ROM address width. It will be mapped to LUTs
INFO: [Synth 8-5587] ROM size for "line_char" is below threshold of ROM address width. It will be mapped to LUTs
INFO: [Synth 8-5587] ROM size for "line_char" is below threshold of ROM address width. It will be mapped to LUTs
INFO: [Synth 8-5587] ROM size for "line_char" is below threshold of ROM address width. It will be mapped to LUTs
INFO: [Synth 8-5587] ROM size for "line_char" is below threshold of ROM address width. It will be mapped to LUTs
INFO: [Synth 8-5587] ROM size for "line_char" is below threshold of ROM address width. It will be mapped to LUTs
INFO: [Synth 8-5546] ROM "line_char" won't be mapped to RAM because it is too sparse
INFO: [Synth 8-5546] ROM "line_char" won't be mapped to RAM because it is too sparse
INFO: [Synth 8-5546] ROM "line_char" won't be mapped to RAM because it is too sparse
INFO: [Synth 8-5587] ROM size for "line_char" is below threshold of ROM address width. It will be mapped to LUTs
INFO: [Synth 8-802] inferred FSM for state register 'state_reg' in module 'nt35510_lcd_demo'
INFO: [Synth 8-5546] ROM "pre_data" won't be mapped to RAM because it is too sparse
INFO: [Synth 8-5544] ROM "lcd_reset_n" won't be mapped to Block RAM because address size (4) smaller than threshold (5)
INFO: [Synth 8-5544] ROM "state" won't be mapped to Block RAM because address size (4) smaller than threshold (5)
---------------------------------------------------------------------------------------------------
                   State |                     New Encoding |                Previous Encoding 
---------------------------------------------------------------------------------------------------
            ST_RESET_LOW |                            00000 |                            00000
           ST_RESET_HOLD |                            00001 |                            00001
            ST_BOOT_WAIT |                            00010 |                            00010
           ST_READ_START |                            00011 |                            00100
           ST_READ_DEV_W |                            00100 |                            00101
           ST_READ_REG_H |                            00101 |                            00110
           ST_READ_REG_L |                            00110 |                            00111
         ST_READ_RESTART |                            00111 |                            01000
           ST_READ_DEV_R |                            01000 |                            01001
            ST_READ_DATA |                            01001 |                            01010
            ST_READ_STOP |                            01010 |                            01011
             ST_EVALUATE |                            01011 |                            01100
          ST_CLEAR_START |                            01100 |                            01101
          ST_CLEAR_DEV_W |                            01101 |                            01110
          ST_CLEAR_REG_H |                            01110 |                            01111
          ST_CLEAR_REG_L |                            01111 |                            10000
           ST_CLEAR_DATA |                            10000 |                            10001
           ST_CLEAR_STOP |                            10001 |                            10010
           ST_ABORT_STOP |                            10010 |                            10011
            ST_POLL_WAIT |                            10011 |                            00011
---------------------------------------------------------------------------------------------------
INFO: [Synth 8-3354] encoded FSM with state register 'state_reg' using encoding 'sequential' in module 'gt9147_touch'
---------------------------------------------------------------------------------------------------
                   State |                     New Encoding |                Previous Encoding 
---------------------------------------------------------------------------------------------------
*
br_target_inst_req_empty |                              001 |                              001
br_target_inst_req_wait_slot |                              010 |                              010
br_target_inst_req_wait_br_target |                              100 |                              100
---------------------------------------------------------------------------------------------------
INFO: [Synth 8-3898] No Re-encoding of one hot register 'br_target_inst_req_state_reg' in module 'if_stage'
---------------------------------------------------------------------------------------------------
                   State |                     New Encoding |                Previous Encoding 
---------------------------------------------------------------------------------------------------
     write_request_empty |                               00 |                              000
         write_data_wait |                               01 |                              101
    write_data_transform |                               10 |                              100
            write_wait_b |                               11 |                              110
---------------------------------------------------------------------------------------------------
INFO: [Synth 8-3354] encoded FSM with state register 'write_requst_state_reg' using encoding 'sequential' in module 'axi_bridge'
---------------------------------------------------------------------------------------------------
                   State |                     New Encoding |                Previous Encoding 
---------------------------------------------------------------------------------------------------
*
               main_idle |                            00001 |                            00001
             main_lookup |                            00010 |                            00010
            main_replace |                            01000 |                            01000
             main_refill |                            10000 |                            10000
---------------------------------------------------------------------------------------------------
INFO: [Synth 8-3898] No Re-encoding of one hot register 'main_state_reg' in module 'icache'
---------------------------------------------------------------------------------------------------
                   State |                     New Encoding |                Previous Encoding 
---------------------------------------------------------------------------------------------------
                    IDLE |                              000 |                              000
                    READ |                              001 |                              001
             WAIT_WVALID |                              010 |                              100
                   WRITE |                              011 |                              010
                  SEND_B |                              100 |                              011
---------------------------------------------------------------------------------------------------
INFO: [Synth 8-3354] encoded FSM with state register 'state_q_reg' using encoding 'sequential' in module 'axi2sram_sp'
INFO: [Synth 8-6430] The Block RAM "fpga_sram_sp:/BRAM_reg" may get memory collision error if read and write address collide. Use attribute (* rw_addr_collision= "yes" *) to avoid collision 
WARNING: [Synth 8-6841] Block RAM (BRAM_reg) originally specified as a Byte Wide Write Enable RAM cannot take advantage of ByteWide feature and is implemented with single write enable per RAM due to following reason.
(address width (18) is more than optimal threshold of 12. Implementing using BWWE will require more logic and timing would be suboptimal. Please use attribute ram_decomp = power if BWWE is desired.)
---------------------------------------------------------------------------------------------------
                   State |                     New Encoding |                Previous Encoding 
---------------------------------------------------------------------------------------------------
*
          CSR_RW_SM_IDLE |                             0001 |                             0001
  CSR_RW_SM_GET_AXI_ADDR |                             0010 |                             0010
  CSR_RW_SM_SEND_AXI_RSP |                             1000 |                             1000
---------------------------------------------------------------------------------------------------
INFO: [Synth 8-3898] No Re-encoding of one hot register 'csr_rw_sm_reg' in module 'axi2apb_bridge'
---------------------------------------------------------------------------------------------------
                   State |                     New Encoding |                Previous Encoding 
---------------------------------------------------------------------------------------------------
                  s_idle |                              000 |                              000
              s_pop_byte |                              001 |                              101
            s_send_start |                              010 |                              001
             s_send_byte |                              011 |                              010
           s_send_parity |                              100 |                              011
           s_send_guard1 |                              101 |                              110
             s_send_stop |                              110 |                              100
---------------------------------------------------------------------------------------------------
INFO: [Synth 8-3354] encoded FSM with state register 'tstate_reg' using encoding 'sequential' in module 'uart_transmitter'
---------------------------------------------------------------------------------------------------
                   State |                     New Encoding |                Previous Encoding 
---------------------------------------------------------------------------------------------------
                 sr_idle |                             0000 |                             0000
            sr_rec_start |                             0001 |                             0001
          sr_rec_prepare |                             0010 |                             0110
              sr_rec_bit |                             0011 |                             0010
              sr_end_bit |                             0100 |                             0111
           sr_rec_parity |                             0101 |                             0011
         sr_ca_lc_parity |                             0110 |                             1000
         sr_check_parity |                             0111 |                             0101
                sr_wait1 |                             1000 |                             1001
             sr_rec_stop |                             1001 |                             0100
                 sr_push |                             1010 |                             1010
---------------------------------------------------------------------------------------------------
INFO: [Synth 8-3354] encoded FSM with state register 'rstate_reg' using encoding 'sequential' in module 'uart_receiver'
---------------------------------------------------------------------------------------------------
                   State |                     New Encoding |                Previous Encoding 
---------------------------------------------------------------------------------------------------
                  S_IDLE |                              000 |                              000
            S_STORE_ADDR |                              001 |                              001
            S_STORE_DATA |                              010 |                              010
             S_STORE_RES |                              011 |                              011
             S_LOAD_ADDR |                              100 |                              100
             S_LOAD_DATA |                              101 |                              101
---------------------------------------------------------------------------------------------------
INFO: [Synth 8-3354] encoded FSM with state register 'state_reg' using encoding 'sequential' in module 'memreq_axi'
---------------------------------------------------------------------------------------------------
                   State |                     New Encoding |                Previous Encoding 
---------------------------------------------------------------------------------------------------
                 WR_IDLE |                              000 |                              000
                WR_PRIME |                              010 |                              001
                 WR_PIPE |                              011 |                              010
                 WR_ADDR |                              101 |                              011
                 WR_DATA |                              100 |                              100
                 WR_RESP |                              001 |                              101
---------------------------------------------------------------------------------------------------
INFO: [Synth 8-3354] encoded FSM with state register 'wr_state_reg' using encoding 'sequential' in module 'matmul_axi_slave'
---------------------------------------------------------------------------------------------------
                   State |                     New Encoding |                Previous Encoding 
---------------------------------------------------------------------------------------------------
                BUS_IDLE |                               00 |                               00
               BUS_SETUP |                               01 |                               01
                 BUS_LOW |                               10 |                               10
                BUS_HIGH |                               11 |                               11
---------------------------------------------------------------------------------------------------
INFO: [Synth 8-3354] encoded FSM with state register 'state_reg' using encoding 'sequential' in module 'lcd8080_writer'
---------------------------------------------------------------------------------------------------
                   State |                     New Encoding |                Previous Encoding 
---------------------------------------------------------------------------------------------------
            ST_RESET_LOW |                             0000 |                             0000
           ST_RESET_WAIT |                             0001 |                             0001
                  ST_PRE |                             0010 |                             0010
                ST_GAMMA |                             0011 |                             0011
                 ST_POST |                             0100 |                             0100
            ST_SLEEP_OUT |                             0101 |                             0101
           ST_SLEEP_WAIT |                             0110 |                             0110
           ST_DISPLAY_ON |                             0111 |                             0111
               ST_WINDOW |                             1000 |                             1000
         ST_DISPLAY_WAIT |                             1001 |                             1001
          ST_RAM_COMMAND |                             1010 |                             1010
               ST_PIXELS |                             1011 |                             1011
---------------------------------------------------------------------------------------------------
INFO: [Synth 8-3354] encoded FSM with state register 'state_reg' using encoding 'sequential' in module 'nt35510_lcd_demo'
---------------------------------------------------------------------------------
Finished RTL Optimization Phase 2 : Time (s): cpu = 00:01:25 ; elapsed = 00:01:29 . Memory (MB): peak = 1695.219 ; gain = 1078.938
---------------------------------------------------------------------------------
RAM Pipeline Warning: Read Address Register Found For RAM BRAM_reg. We will not be able to pipeline it. This may degrade performance. 

Report RTL Partitions: 
+------+-------------------------+------------+----------+
|      |RTL Partition            |Replication |Instances |
+------+-------------------------+------------+----------+
|1     |core_top__GB0            |           1|     36301|
|2     |core_top__GB1            |           1|     16406|
|3     |core_top__GB2            |           1|     26674|
|4     |nh3_cnn_lstm_core__GB0   |           1|     36659|
|5     |nh3_cnn_lstm_core__GB1   |           1|      6969|
|6     |nh3_cnn_lstm_core__GB2   |           1|      6269|
|7     |nh3_cnn_lstm_core__GB3   |           1|      8090|
|8     |nh3_cnn_lstm_core__GB4   |           1|      9974|
|9     |nh3_cnn_lstm_core__GB5   |           1|     17135|
|10    |nh3_cnn_lstm_core__GB6   |           1|     23983|
|11    |nh3_cnn_lstm_core__GB7   |           1|     27314|
|12    |nh3_cnn_lstm_core__GB8   |           1|     26688|
|13    |nh3_cnn_lstm_core__GB9   |           1|     38013|
|14    |nh3_cnn_lstm_core__GB10  |           1|      9628|
|15    |nh3_cnn_lstm_core__GB11  |           1|     36083|
|16    |nh3_cnn_lstm_core__GB12  |           1|      9659|
|17    |nh3_cnn_lstm_core__GB13  |           1|     36926|
|18    |nh3_cnn_lstm_core__GB14  |           1|     12800|
|19    |nh3_cnn_lstm_core__GB15  |           1|     24090|
|20    |nh3_cnn_lstm_core__GB16  |           1|     20562|
|21    |nh3_cnn_lstm_core__GB17  |           1|     18099|
|22    |nh3_axi_slave__GC0       |           1|      2453|
|23    |matmul_batch_core__GB0   |           1|     22038|
|24    |matmul_batch_core__GB1   |           1|      7478|
|25    |matmul_axi_slave__GC0    |           1|     28711|
|26    |soc_top__GC0             |           1|     18362|
|27    |nh3_lcd_ui_renderer__GB0 |           1|     46914|
|28    |nh3_lcd_ui_renderer__GB1 |           1|     13560|
|29    |nt35510_lcd_demo__GC0    |           1|      6742|
|30    |nh3_demo_soc_top__GC0    |           1|      7974|
+------+-------------------------+------------+----------+
---------------------------------------------------------------------------------
Start RTL Component Statistics 
---------------------------------------------------------------------------------
Detailed RTL Component Info : 
+---Adders : 
	   2 Input     66 Bit       Adders := 1     
	   2 Input     65 Bit       Adders := 2     
	   2 Input     64 Bit       Adders := 1     
	   3 Input     64 Bit       Adders := 1     
	  32 Input     64 Bit       Adders := 4     
	   2 Input     40 Bit       Adders := 6     
	   3 Input     33 Bit       Adders := 2     
	   2 Input     32 Bit       Adders := 68    
	  18 Input     32 Bit       Adders := 8     
	   3 Input     32 Bit       Adders := 5     
	   2 Input     30 Bit       Adders := 1     
	   2 Input     28 Bit       Adders := 1     
	   2 Input     20 Bit       Adders := 3     
	   2 Input     17 Bit       Adders := 7     
	   2 Input     16 Bit       Adders := 4     
	   3 Input     16 Bit       Adders := 2     
	   2 Input     14 Bit       Adders := 2     
	   2 Input     13 Bit       Adders := 4     
	   2 Input     12 Bit       Adders := 4     
	   2 Input     11 Bit       Adders := 2     
	   3 Input     10 Bit       Adders := 1     
	   2 Input     10 Bit       Adders := 18    
	   2 Input      9 Bit       Adders := 10    
	   3 Input      9 Bit       Adders := 1     
	   2 Input      8 Bit       Adders := 11    
	   2 Input      7 Bit       Adders := 8     
	   2 Input      6 Bit       Adders := 26    
	   2 Input      5 Bit       Adders := 4     
	   2 Input      4 Bit       Adders := 18    
	   3 Input      4 Bit       Adders := 12    
	   2 Input      3 Bit       Adders := 36    
	   3 Input      3 Bit       Adders := 10    
	   2 Input      2 Bit       Adders := 2     
+---XORs : 
	   2 Input     32 Bit         XORs := 106   
	   2 Input      4 Bit         XORs := 5     
	   3 Input      3 Bit         XORs := 4     
	   2 Input      3 Bit         XORs := 6     
	   2 Input      1 Bit         XORs := 40    
+---XORs : 
	                9 Bit    Wide XORs := 1     
	                8 Bit    Wide XORs := 2     
	                7 Bit    Wide XORs := 2     
	                6 Bit    Wide XORs := 2     
	                5 Bit    Wide XORs := 2     
+---Registers : 
	              425 Bit    Registers := 1     
	              350 Bit    Registers := 1     
	              283 Bit    Registers := 1     
	              128 Bit    Registers := 1     
	              109 Bit    Registers := 1     
	               66 Bit    Registers := 3     
	               64 Bit    Registers := 21    
	               58 Bit    Registers := 2     
	               40 Bit    Registers := 2     
	               38 Bit    Registers := 1     
	               37 Bit    Registers := 1     
	               33 Bit    Registers := 3     
	               32 Bit    Registers := 260   
	               30 Bit    Registers := 48    
	               28 Bit    Registers := 1     
	               24 Bit    Registers := 1     
	               21 Bit    Registers := 4     
	               20 Bit    Registers := 3     
	               19 Bit    Registers := 34    
	               18 Bit    Registers := 1     
	               17 Bit    Registers := 2     
	               16 Bit    Registers := 430   
	               13 Bit    Registers := 3     
	               11 Bit    Registers := 1     
	               10 Bit    Registers := 41    
	                9 Bit    Registers := 8     
	                8 Bit    Registers := 44    
	                7 Bit    Registers := 19    
	                6 Bit    Registers := 35    
	                5 Bit    Registers := 14    
	                4 Bit    Registers := 55    
	                3 Bit    Registers := 63    
	                2 Bit    Registers := 52    
	                1 Bit    Registers := 335   
+---Multipliers : 
	                 7x32  Multipliers := 1     
	                 6x12  Multipliers := 1     
+---RAMs : 
	            8192K Bit         RAMs := 1     
	              57K Bit         RAMs := 2     
	              36K Bit         RAMs := 1     
	              18K Bit         RAMs := 1     
	               8K Bit         RAMs := 16    
	               5K Bit         RAMs := 4     
	             1024 Bit         RAMs := 17    
	              960 Bit         RAMs := 1     
	              320 Bit         RAMs := 1     
	              296 Bit         RAMs := 1     
	              240 Bit         RAMs := 1     
	              232 Bit         RAMs := 2     
	              128 Bit         RAMs := 2     
	               28 Bit         RAMs := 1     
+---Muxes : 
	   2 Input    130 Bit        Muxes := 1     
	   4 Input    128 Bit        Muxes := 1     
	   2 Input    128 Bit        Muxes := 1     
	   2 Input     66 Bit        Muxes := 6     
	   4 Input     66 Bit        Muxes := 1     
	   6 Input     66 Bit        Muxes := 2     
	   2 Input     65 Bit        Muxes := 4     
	   2 Input     64 Bit        Muxes := 1     
	   2 Input     63 Bit        Muxes := 4     
	   2 Input     62 Bit        Muxes := 4     
	   2 Input     61 Bit        Muxes := 4     
	   2 Input     60 Bit        Muxes := 4     
	   2 Input     59 Bit        Muxes := 4     
	   2 Input     58 Bit        Muxes := 4     
	   2 Input     57 Bit        Muxes := 4     
	   2 Input     56 Bit        Muxes := 4     
	   2 Input     55 Bit        Muxes := 4     
	   2 Input     54 Bit        Muxes := 4     
	   2 Input     53 Bit        Muxes := 4     
	   2 Input     52 Bit        Muxes := 4     
	   2 Input     51 Bit        Muxes := 4     
	   2 Input     50 Bit        Muxes := 4     
	   2 Input     49 Bit        Muxes := 4     
	   2 Input     48 Bit        Muxes := 4     
	   2 Input     47 Bit        Muxes := 4     
	   2 Input     46 Bit        Muxes := 4     
	   2 Input     45 Bit        Muxes := 4     
	   2 Input     44 Bit        Muxes := 4     
	   2 Input     43 Bit        Muxes := 4     
	   2 Input     42 Bit        Muxes := 4     
	   2 Input     41 Bit        Muxes := 4     
	   2 Input     40 Bit        Muxes := 5     
	   2 Input     39 Bit        Muxes := 4     
	   2 Input     38 Bit        Muxes := 4     
	   2 Input     37 Bit        Muxes := 4     
	   2 Input     36 Bit        Muxes := 4     
	   2 Input     35 Bit        Muxes := 5     
	   2 Input     34 Bit        Muxes := 4     
	   2 Input     33 Bit        Muxes := 7     
	   3 Input     33 Bit        Muxes := 1     
	   2 Input     32 Bit        Muxes := 553   
	   3 Input     32 Bit        Muxes := 29    
	   7 Input     32 Bit        Muxes := 1     
	   4 Input     32 Bit        Muxes := 45    
	  15 Input     32 Bit        Muxes := 9     
	   6 Input     32 Bit        Muxes := 6     
	   5 Input     32 Bit        Muxes := 6     
	  28 Input     32 Bit        Muxes := 1     
	  12 Input     32 Bit        Muxes := 1     
	  20 Input     32 Bit        Muxes := 1     
	   2 Input     30 Bit        Muxes := 3     
	   3 Input     28 Bit        Muxes := 1     
	   2 Input     28 Bit        Muxes := 5     
	   2 Input     24 Bit        Muxes := 2     
	   2 Input     20 Bit        Muxes := 13    
	   2 Input     19 Bit        Muxes := 7     
	   2 Input     17 Bit        Muxes := 4     
	  11 Input     17 Bit        Muxes := 2     
	   2 Input     16 Bit        Muxes := 1611  
	  15 Input     16 Bit        Muxes := 416   
	  34 Input     16 Bit        Muxes := 1     
	   4 Input     16 Bit        Muxes := 2     
	   5 Input     16 Bit        Muxes := 1     
	  47 Input     16 Bit        Muxes := 1     
	  35 Input     16 Bit        Muxes := 1     
	  12 Input     16 Bit        Muxes := 1     
	   2 Input     14 Bit        Muxes := 8     
	   3 Input     14 Bit        Muxes := 1     
	   7 Input     13 Bit        Muxes := 1     
	   2 Input     13 Bit        Muxes := 10    
	   3 Input     13 Bit        Muxes := 1     
	  11 Input     13 Bit        Muxes := 1     
	   6 Input     13 Bit        Muxes := 1     
	   2 Input     11 Bit        Muxes := 2     
	  11 Input     11 Bit        Muxes := 1     
	   2 Input     10 Bit        Muxes := 28    
	   8 Input     10 Bit        Muxes := 1     
	  12 Input     10 Bit        Muxes := 1     
	   6 Input     10 Bit        Muxes := 1     
	   2 Input      9 Bit        Muxes := 15    
	   4 Input      9 Bit        Muxes := 3     
	   6 Input      9 Bit        Muxes := 2     
	  12 Input      9 Bit        Muxes := 1     
	   2 Input      8 Bit        Muxes := 117   
	   8 Input      8 Bit        Muxes := 2     
	   5 Input      8 Bit        Muxes := 2     
	   4 Input      8 Bit        Muxes := 9     
	  11 Input      8 Bit        Muxes := 2     
	   3 Input      8 Bit        Muxes := 2     
	   6 Input      8 Bit        Muxes := 4     
	  26 Input      8 Bit        Muxes := 1     
	  34 Input      8 Bit        Muxes := 1     
	  20 Input      8 Bit        Muxes := 1     
	   2 Input      7 Bit        Muxes := 20    
	  28 Input      7 Bit        Muxes := 1     
	   7 Input      7 Bit        Muxes := 3     
	   6 Input      7 Bit        Muxes := 3     
	   8 Input      7 Bit        Muxes := 1     
	   2 Input      6 Bit        Muxes := 32    
	  11 Input      6 Bit        Muxes := 1     
	   6 Input      6 Bit        Muxes := 1     
	   9 Input      6 Bit        Muxes := 1     
	   4 Input      6 Bit        Muxes := 1     
	  17 Input      6 Bit        Muxes := 1     
	  34 Input      6 Bit        Muxes := 1     
	  12 Input      6 Bit        Muxes := 1     
	   2 Input      5 Bit        Muxes := 26    
	   5 Input      5 Bit        Muxes := 3     
	   6 Input      5 Bit        Muxes := 2     
	   7 Input      5 Bit        Muxes := 1     
	  28 Input      5 Bit        Muxes := 1     
	  20 Input      5 Bit        Muxes := 1     
	   2 Input      4 Bit        Muxes := 66    
	   5 Input      4 Bit        Muxes := 10    
	   6 Input      4 Bit        Muxes := 4     
	   4 Input      4 Bit        Muxes := 8     
	  11 Input      4 Bit        Muxes := 3     
	  12 Input      4 Bit        Muxes := 1     
	  10 Input      4 Bit        Muxes := 1     
	   9 Input      4 Bit        Muxes := 1     
	   4 Input      3 Bit        Muxes := 4     
	   2 Input      3 Bit        Muxes := 71    
	  11 Input      3 Bit        Muxes := 2     
	   6 Input      3 Bit        Muxes := 2     
	   8 Input      3 Bit        Muxes := 1     
	   5 Input      3 Bit        Muxes := 1     
	   7 Input      3 Bit        Muxes := 4     
	  12 Input      3 Bit        Muxes := 2     
	  20 Input      3 Bit        Muxes := 2     
	   2 Input      2 Bit        Muxes := 63    
	   4 Input      2 Bit        Muxes := 24    
	   5 Input      2 Bit        Muxes := 1     
	   6 Input      2 Bit        Muxes := 2     
	   3 Input      2 Bit        Muxes := 12    
	   7 Input      2 Bit        Muxes := 1     
	   2 Input      1 Bit        Muxes := 2106  
	   4 Input      1 Bit        Muxes := 181   
	   5 Input      1 Bit        Muxes := 27    
	   6 Input      1 Bit        Muxes := 43    
	  15 Input      1 Bit        Muxes := 366   
	   3 Input      1 Bit        Muxes := 353   
	  16 Input      1 Bit        Muxes := 2     
	  11 Input      1 Bit        Muxes := 22    
	  12 Input      1 Bit        Muxes := 25    
	   7 Input      1 Bit        Muxes := 17    
	  33 Input      1 Bit        Muxes := 1     
	  14 Input      1 Bit        Muxes := 1     
	  20 Input      1 Bit        Muxes := 23    
	   9 Input      1 Bit        Muxes := 2     
---------------------------------------------------------------------------------
Finished RTL Component Statistics 
---------------------------------------------------------------------------------
---------------------------------------------------------------------------------
Start RTL Hierarchical Component Statistics 
---------------------------------------------------------------------------------
Hierarchical RTL Component report 
Module nh3_demo_soc_top 
Detailed RTL Component Info : 
+---Registers : 
	               32 Bit    Registers := 20    
	               16 Bit    Registers := 2     
Module if_stage 
Detailed RTL Component Info : 
+---Adders : 
	   2 Input     32 Bit       Adders := 2     
+---Registers : 
	               38 Bit    Registers := 1     
	               32 Bit    Registers := 4     
	                1 Bit    Registers := 6     
+---Muxes : 
	   2 Input     32 Bit        Muxes := 23    
	   4 Input      3 Bit        Muxes := 1     
	   2 Input      3 Bit        Muxes := 3     
	   2 Input      1 Bit        Muxes := 8     
	   4 Input      1 Bit        Muxes := 2     
Module regfile 
Detailed RTL Component Info : 
+---Muxes : 
	   2 Input     32 Bit        Muxes := 4     
Module id_stage 
Detailed RTL Component Info : 
+---Adders : 
	   2 Input     32 Bit       Adders := 3     
	   2 Input     14 Bit       Adders := 1     
+---XORs : 
	   2 Input      1 Bit         XORs := 1     
+---Registers : 
	              109 Bit    Registers := 1     
	                1 Bit    Registers := 2     
+---Muxes : 
	   2 Input     65 Bit        Muxes := 4     
	   2 Input     32 Bit        Muxes := 3     
	   2 Input     14 Bit        Muxes := 1     
	   2 Input      5 Bit        Muxes := 4     
	   2 Input      1 Bit        Muxes := 3     
Module alu 
Detailed RTL Component Info : 
+---Adders : 
	   3 Input     33 Bit       Adders := 1     
+---XORs : 
	   2 Input     32 Bit         XORs := 1     
	   2 Input      1 Bit         XORs := 1     
+---Muxes : 
	   2 Input     32 Bit        Muxes := 1     
Module exe_stage 
Detailed RTL Component Info : 
+---Registers : 
	              350 Bit    Registers := 1     
	                1 Bit    Registers := 1     
+---Muxes : 
	   2 Input     32 Bit        Muxes := 6     
Module div 
Detailed RTL Component Info : 
+---Adders : 
	   3 Input     33 Bit       Adders := 1     
	   2 Input     32 Bit       Adders := 4     
	   2 Input      8 Bit       Adders := 1     
+---Registers : 
	               33 Bit    Registers := 3     
	                8 Bit    Registers := 1     
	                1 Bit    Registers := 3     
+---Muxes : 
	   2 Input     33 Bit        Muxes := 2     
	   3 Input     33 Bit        Muxes := 1     
	   2 Input     32 Bit        Muxes := 8     
	   2 Input      8 Bit        Muxes := 1     
	   2 Input      1 Bit        Muxes := 7     
	   4 Input      1 Bit        Muxes := 1     
Module mem_stage 
Detailed RTL Component Info : 
+---Registers : 
	              425 Bit    Registers := 1     
	               32 Bit    Registers := 1     
	                8 Bit    Registers := 1     
	                4 Bit    Registers := 1     
	                1 Bit    Registers := 2     
+---Muxes : 
	   2 Input     32 Bit        Muxes := 1     
Module wb_stage 
Detailed RTL Component Info : 
+---Registers : 
	              283 Bit    Registers := 1     
	                1 Bit    Registers := 1     
Module csr 
Detailed RTL Component Info : 
+---Adders : 
	   2 Input     64 Bit       Adders := 1     
	   2 Input     32 Bit       Adders := 1     
+---Registers : 
	               32 Bit    Registers := 31    
	               28 Bit    Registers := 1     
	                1 Bit    Registers := 2     
+---Muxes : 
	   2 Input     32 Bit        Muxes := 38    
	   3 Input     32 Bit        Muxes := 2     
	   7 Input     32 Bit        Muxes := 1     
	   3 Input     28 Bit        Muxes := 1     
	   2 Input     28 Bit        Muxes := 4     
	   2 Input     19 Bit        Muxes := 7     
	   2 Input     10 Bit        Muxes := 4     
	   2 Input      3 Bit        Muxes := 2     
	   2 Input      1 Bit        Muxes := 10    
Module tlb_entry 
Detailed RTL Component Info : 
+---Registers : 
	               19 Bit    Registers := 34    
	               10 Bit    Registers := 34    
	                6 Bit    Registers := 32    
	                1 Bit    Registers := 66    
+---Muxes : 
	   2 Input     20 Bit        Muxes := 2     
	   2 Input      2 Bit        Muxes := 4     
	   2 Input      1 Bit        Muxes := 388   
Module addr_trans 
Detailed RTL Component Info : 
+---Registers : 
	               32 Bit    Registers := 2     
+---Muxes : 
	   2 Input     32 Bit        Muxes := 4     
	   2 Input     20 Bit        Muxes := 4     
	   2 Input      1 Bit        Muxes := 1     
Module axi_bridge 
Detailed RTL Component Info : 
+---Adders : 
	   2 Input      3 Bit       Adders := 1     
+---Registers : 
	              128 Bit    Registers := 1     
	               32 Bit    Registers := 3     
	                8 Bit    Registers := 1     
	                4 Bit    Registers := 2     
	                3 Bit    Registers := 3     
	                2 Bit    Registers := 1     
	                1 Bit    Registers := 7     
+---Muxes : 
	   4 Input    128 Bit        Muxes := 1     
	   4 Input     32 Bit        Muxes := 1     
	   2 Input     32 Bit        Muxes := 1     
	   2 Input      8 Bit        Muxes := 4     
	   2 Input      4 Bit        Muxes := 2     
	   5 Input      4 Bit        Muxes := 1     
	   4 Input      3 Bit        Muxes := 1     
	   2 Input      3 Bit        Muxes := 4     
	   2 Input      2 Bit        Muxes := 7     
	   4 Input      2 Bit        Muxes := 1     
	   2 Input      1 Bit        Muxes := 19    
	   4 Input      1 Bit        Muxes := 11    
Module lfsr 
Detailed RTL Component Info : 
+---XORs : 
	   2 Input      1 Bit         XORs := 3     
+---Registers : 
	                8 Bit    Registers := 1     
Module tagv_sram__3 
Detailed RTL Component Info : 
+---Registers : 
	               21 Bit    Registers := 1     
+---RAMs : 
	               5K Bit         RAMs := 1     
Module tagv_sram 
Detailed RTL Component Info : 
+---Registers : 
	               21 Bit    Registers := 1     
+---RAMs : 
	               5K Bit         RAMs := 1     
Module data_bank_sram__9 
Detailed RTL Component Info : 
+---Registers : 
	               32 Bit    Registers := 1     
+---RAMs : 
	               8K Bit         RAMs := 1     
+---Muxes : 
	   4 Input     32 Bit        Muxes := 2     
	   2 Input     32 Bit        Muxes := 4     
	   2 Input      8 Bit        Muxes := 1     
	   4 Input      1 Bit        Muxes := 1     
Module data_bank_sram__10 
Detailed RTL Component Info : 
+---Registers : 
	               32 Bit    Registers := 1     
+---RAMs : 
	               8K Bit         RAMs := 1     
+---Muxes : 
	   4 Input     32 Bit        Muxes := 2     
	   2 Input     32 Bit        Muxes := 4     
	   2 Input      8 Bit        Muxes := 1     
	   4 Input      1 Bit        Muxes := 1     
Module data_bank_sram__11 
Detailed RTL Component Info : 
+---Registers : 
	               32 Bit    Registers := 1     
+---RAMs : 
	               8K Bit         RAMs := 1     
+---Muxes : 
	   4 Input     32 Bit        Muxes := 2     
	   2 Input     32 Bit        Muxes := 4     
	   2 Input      8 Bit        Muxes := 1     
	   4 Input      1 Bit        Muxes := 1     
Module data_bank_sram__12 
Detailed RTL Component Info : 
+---Registers : 
	               32 Bit    Registers := 1     
+---RAMs : 
	               8K Bit         RAMs := 1     
+---Muxes : 
	   4 Input     32 Bit        Muxes := 2     
	   2 Input     32 Bit        Muxes := 4     
	   2 Input      8 Bit        Muxes := 1     
	   4 Input      1 Bit        Muxes := 1     
Module data_bank_sram__13 
Detailed RTL Component Info : 
+---Registers : 
	               32 Bit    Registers := 1     
+---RAMs : 
	               8K Bit         RAMs := 1     
+---Muxes : 
	   4 Input     32 Bit        Muxes := 2     
	   2 Input     32 Bit        Muxes := 4     
	   2 Input      8 Bit        Muxes := 1     
	   4 Input      1 Bit        Muxes := 1     
Module data_bank_sram__14 
Detailed RTL Component Info : 
+---Registers : 
	               32 Bit    Registers := 1     
+---RAMs : 
	               8K Bit         RAMs := 1     
+---Muxes : 
	   4 Input     32 Bit        Muxes := 2     
	   2 Input     32 Bit        Muxes := 4     
	   2 Input      8 Bit        Muxes := 1     
	   4 Input      1 Bit        Muxes := 1     
Module data_bank_sram__15 
Detailed RTL Component Info : 
+---Registers : 
	               32 Bit    Registers := 1     
+---RAMs : 
	               8K Bit         RAMs := 1     
+---Muxes : 
	   4 Input     32 Bit        Muxes := 2     
	   2 Input     32 Bit        Muxes := 4     
	   2 Input      8 Bit        Muxes := 1     
	   4 Input      1 Bit        Muxes := 1     
Module data_bank_sram 
Detailed RTL Component Info : 
+---Registers : 
	               32 Bit    Registers := 1     
+---RAMs : 
	               8K Bit         RAMs := 1     
+---Muxes : 
	   4 Input     32 Bit        Muxes := 2     
	   2 Input     32 Bit        Muxes := 4     
	   2 Input      8 Bit        Muxes := 1     
	   4 Input      1 Bit        Muxes := 1     
Module icache 
Detailed RTL Component Info : 
+---XORs : 
	   2 Input      1 Bit         XORs := 2     
+---Registers : 
	               20 Bit    Registers := 1     
	                8 Bit    Registers := 1     
	                4 Bit    Registers := 1     
	                2 Bit    Registers := 4     
	                1 Bit    Registers := 4     
+---Muxes : 
	   4 Input     32 Bit        Muxes := 2     
	   2 Input     32 Bit        Muxes := 1     
	   2 Input     20 Bit        Muxes := 1     
	   2 Input      8 Bit        Muxes := 2     
	   5 Input      5 Bit        Muxes := 1     
	   2 Input      4 Bit        Muxes := 4     
	   2 Input      3 Bit        Muxes := 1     
	   5 Input      2 Bit        Muxes := 1     
	   2 Input      2 Bit        Muxes := 1     
	   2 Input      1 Bit        Muxes := 1     
	   5 Input      1 Bit        Muxes := 6     
Module lfsr__1 
Detailed RTL Component Info : 
+---XORs : 
	   2 Input      1 Bit         XORs := 3     
+---Registers : 
	                8 Bit    Registers := 1     
Module tagv_sram__1 
Detailed RTL Component Info : 
+---Registers : 
	               21 Bit    Registers := 1     
+---RAMs : 
	               5K Bit         RAMs := 1     
Module tagv_sram__2 
Detailed RTL Component Info : 
+---Registers : 
	               21 Bit    Registers := 1     
+---RAMs : 
	               5K Bit         RAMs := 1     
Module data_bank_sram__1 
Detailed RTL Component Info : 
+---Registers : 
	               32 Bit    Registers := 1     
+---RAMs : 
	               8K Bit         RAMs := 1     
+---Muxes : 
	   4 Input     32 Bit        Muxes := 2     
	   2 Input     32 Bit        Muxes := 4     
	   2 Input      8 Bit        Muxes := 1     
	   4 Input      1 Bit        Muxes := 1     
Module data_bank_sram__2 
Detailed RTL Component Info : 
+---Registers : 
	               32 Bit    Registers := 1     
+---RAMs : 
	               8K Bit         RAMs := 1     
+---Muxes : 
	   4 Input     32 Bit        Muxes := 2     
	   2 Input     32 Bit        Muxes := 4     
	   2 Input      8 Bit        Muxes := 1     
	   4 Input      1 Bit        Muxes := 1     
Module data_bank_sram__3 
Detailed RTL Component Info : 
+---Registers : 
	               32 Bit    Registers := 1     
+---RAMs : 
	               8K Bit         RAMs := 1     
+---Muxes : 
	   4 Input     32 Bit        Muxes := 2     
	   2 Input     32 Bit        Muxes := 4     
	   2 Input      8 Bit        Muxes := 1     
	   4 Input      1 Bit        Muxes := 1     
Module data_bank_sram__4 
Detailed RTL Component Info : 
+---Registers : 
	               32 Bit    Registers := 1     
+---RAMs : 
	               8K Bit         RAMs := 1     
+---Muxes : 
	   4 Input     32 Bit        Muxes := 2     
	   2 Input     32 Bit        Muxes := 4     
	   2 Input      8 Bit        Muxes := 1     
	   4 Input      1 Bit        Muxes := 1     
Module data_bank_sram__5 
Detailed RTL Component Info : 
+---Registers : 
	               32 Bit    Registers := 1     
+---RAMs : 
	               8K Bit         RAMs := 1     
+---Muxes : 
	   4 Input     32 Bit        Muxes := 2     
	   2 Input     32 Bit        Muxes := 4     
	   2 Input      8 Bit        Muxes := 1     
	   4 Input      1 Bit        Muxes := 1     
Module data_bank_sram__6 
Detailed RTL Component Info : 
+---Registers : 
	               32 Bit    Registers := 1     
+---RAMs : 
	               8K Bit         RAMs := 1     
+---Muxes : 
	   4 Input     32 Bit        Muxes := 2     
	   2 Input     32 Bit        Muxes := 4     
	   2 Input      8 Bit        Muxes := 1     
	   4 Input      1 Bit        Muxes := 1     
Module data_bank_sram__7 
Detailed RTL Component Info : 
+---Registers : 
	               32 Bit    Registers := 1     
+---RAMs : 
	               8K Bit         RAMs := 1     
+---Muxes : 
	   4 Input     32 Bit        Muxes := 2     
	   2 Input     32 Bit        Muxes := 4     
	   2 Input      8 Bit        Muxes := 1     
	   4 Input      1 Bit        Muxes := 1     
Module data_bank_sram__8 
Detailed RTL Component Info : 
+---Registers : 
	               32 Bit    Registers := 1     
+---RAMs : 
	               8K Bit         RAMs := 1     
+---Muxes : 
	   4 Input     32 Bit        Muxes := 2     
	   2 Input     32 Bit        Muxes := 4     
	   2 Input      8 Bit        Muxes := 1     
	   4 Input      1 Bit        Muxes := 1     
Module dcache 
Detailed RTL Component Info : 
+---XORs : 
	   2 Input      1 Bit         XORs := 2     
+---Registers : 
	               32 Bit    Registers := 2     
	               20 Bit    Registers := 1     
	                8 Bit    Registers := 2     
	                5 Bit    Registers := 1     
	                4 Bit    Registers := 4     
	                3 Bit    Registers := 1     
	                2 Bit    Registers := 3     
	                1 Bit    Registers := 9     
+---Muxes : 
	   2 Input    128 Bit        Muxes := 1     
	   4 Input     32 Bit        Muxes := 2     
	   2 Input     32 Bit        Muxes := 3     
	   2 Input      8 Bit        Muxes := 14    
	   6 Input      5 Bit        Muxes := 1     
	   5 Input      4 Bit        Muxes := 1     
	   2 Input      4 Bit        Muxes := 1     
	   2 Input      3 Bit        Muxes := 2     
	   2 Input      2 Bit        Muxes := 3     
	   6 Input      2 Bit        Muxes := 1     
	   6 Input      1 Bit        Muxes := 7     
	   2 Input      1 Bit        Muxes := 4     
Module btb 
Detailed RTL Component Info : 
+---Adders : 
	   2 Input     30 Bit       Adders := 1     
	   2 Input      4 Bit       Adders := 3     
	   2 Input      2 Bit       Adders := 1     
+---XORs : 
	   2 Input      1 Bit         XORs := 2     
+---Registers : 
	               32 Bit    Registers := 3     
	               30 Bit    Registers := 48    
	               16 Bit    Registers := 1     
	                6 Bit    Registers := 1     
	                5 Bit    Registers := 1     
	                4 Bit    Registers := 1     
	                2 Bit    Registers := 32    
	                1 Bit    Registers := 2     
+---RAMs : 
	              960 Bit         RAMs := 1     
	              240 Bit         RAMs := 1     
+---Muxes : 
	   2 Input     32 Bit        Muxes := 2     
	   2 Input     30 Bit        Muxes := 3     
	   2 Input     16 Bit        Muxes := 3     
	   2 Input      5 Bit        Muxes := 3     
	   2 Input      4 Bit        Muxes := 2     
	   2 Input      2 Bit        Muxes := 1     
	   2 Input      1 Bit        Muxes := 145   
Module mul 
Detailed RTL Component Info : 
+---Adders : 
	   3 Input     64 Bit       Adders := 1     
+---Registers : 
	               64 Bit    Registers := 17    
	               16 Bit    Registers := 1     
+---Muxes : 
	   2 Input     64 Bit        Muxes := 1     
	   2 Input     33 Bit        Muxes := 1     
Module core_top 
Detailed RTL Component Info : 
+---Registers : 
	                1 Bit    Registers := 1     
Module nh3_cnn_lstm_core 
Detailed RTL Component Info : 
+---Adders : 
	   2 Input     40 Bit       Adders := 6     
	  18 Input     32 Bit       Adders := 8     
	   2 Input     32 Bit       Adders := 14    
	   3 Input     32 Bit       Adders := 1     
	   2 Input     17 Bit       Adders := 5     
	   2 Input     12 Bit       Adders := 4     
	   2 Input     11 Bit       Adders := 2     
+---Registers : 
	               40 Bit    Registers := 1     
	               32 Bit    Registers := 7     
	               16 Bit    Registers := 417   
	                1 Bit    Registers := 1     
+---Multipliers : 
	                 7x32  Multipliers := 1     
	                 6x12  Multipliers := 1     
+---RAMs : 
	              57K Bit         RAMs := 1     
	              36K Bit         RAMs := 1     
	              18K Bit         RAMs := 1     
+---Muxes : 
	   2 Input     40 Bit        Muxes := 1     
	   2 Input     32 Bit        Muxes := 133   
	  15 Input     32 Bit        Muxes := 9     
	   2 Input     16 Bit        Muxes := 1577  
	  15 Input     16 Bit        Muxes := 416   
	   2 Input     10 Bit        Muxes := 9     
	   2 Input      4 Bit        Muxes := 3     
	   2 Input      1 Bit        Muxes := 732   
	  15 Input      1 Bit        Muxes := 366   
	   3 Input      1 Bit        Muxes := 290   
	  16 Input      1 Bit        Muxes := 1     
Module nh3_input_buffer 
Detailed RTL Component Info : 
+---Registers : 
	               16 Bit    Registers := 1     
+---RAMs : 
	              57K Bit         RAMs := 1     
Module nh3_axi_slave 
Detailed RTL Component Info : 
+---Adders : 
	   2 Input     32 Bit       Adders := 1     
	   2 Input     16 Bit       Adders := 2     
	   2 Input     13 Bit       Adders := 2     
	   2 Input      8 Bit       Adders := 2     
	   2 Input      2 Bit       Adders := 1     
+---Registers : 
	               32 Bit    Registers := 3     
	               16 Bit    Registers := 1     
	               13 Bit    Registers := 2     
	                8 Bit    Registers := 2     
	                5 Bit    Registers := 2     
	                3 Bit    Registers := 2     
	                2 Bit    Registers := 5     
	                1 Bit    Registers := 14    
+---Muxes : 
	   2 Input     32 Bit        Muxes := 5     
	   2 Input     16 Bit        Muxes := 1     
	   7 Input     13 Bit        Muxes := 1     
	   2 Input     13 Bit        Muxes := 8     
	   3 Input     13 Bit        Muxes := 1     
	   2 Input      8 Bit        Muxes := 3     
	   2 Input      2 Bit        Muxes := 2     
	   3 Input      2 Bit        Muxes := 2     
	   2 Input      1 Bit        Muxes := 58    
	   3 Input      1 Bit        Muxes := 2     
	   4 Input      1 Bit        Muxes := 1     
Module matmul_batch_core 
Detailed RTL Component Info : 
+---Adders : 
	   2 Input     66 Bit       Adders := 1     
	   2 Input     65 Bit       Adders := 2     
	  32 Input     64 Bit       Adders := 4     
+---Registers : 
	               66 Bit    Registers := 1     
	               64 Bit    Registers := 4     
	               32 Bit    Registers := 16    
	                1 Bit    Registers := 4     
+---Muxes : 
	   2 Input     63 Bit        Muxes := 4     
	   2 Input     62 Bit        Muxes := 4     
	   2 Input     61 Bit        Muxes := 4     
	   2 Input     60 Bit        Muxes := 4     
	   2 Input     59 Bit        Muxes := 4     
	   2 Input     58 Bit        Muxes := 4     
	   2 Input     57 Bit        Muxes := 4     
	   2 Input     56 Bit        Muxes := 4     
	   2 Input     55 Bit        Muxes := 4     
	   2 Input     54 Bit        Muxes := 4     
	   2 Input     53 Bit        Muxes := 4     
	   2 Input     52 Bit        Muxes := 4     
	   2 Input     51 Bit        Muxes := 4     
	   2 Input     50 Bit        Muxes := 4     
	   2 Input     49 Bit        Muxes := 4     
	   2 Input     48 Bit        Muxes := 4     
	   2 Input     47 Bit        Muxes := 4     
	   2 Input     46 Bit        Muxes := 4     
	   2 Input     45 Bit        Muxes := 4     
	   2 Input     44 Bit        Muxes := 4     
	   2 Input     43 Bit        Muxes := 4     
	   2 Input     42 Bit        Muxes := 4     
	   2 Input     41 Bit        Muxes := 4     
	   2 Input     40 Bit        Muxes := 4     
	   2 Input     39 Bit        Muxes := 4     
	   2 Input     38 Bit        Muxes := 4     
	   2 Input     37 Bit        Muxes := 4     
	   2 Input     36 Bit        Muxes := 4     
	   2 Input     35 Bit        Muxes := 4     
	   2 Input     34 Bit        Muxes := 4     
	   2 Input     33 Bit        Muxes := 4     
Module matmul_axi_slave 
Detailed RTL Component Info : 
+---Adders : 
	   3 Input     32 Bit       Adders := 2     
	   2 Input     32 Bit       Adders := 1     
	   2 Input     17 Bit       Adders := 2     
	   2 Input     13 Bit       Adders := 2     
	   3 Input     10 Bit       Adders := 1     
	   2 Input      9 Bit       Adders := 5     
	   3 Input      9 Bit       Adders := 1     
	   2 Input      8 Bit       Adders := 1     
	   2 Input      7 Bit       Adders := 8     
	   2 Input      6 Bit       Adders := 2     
	   2 Input      4 Bit       Adders := 1     
	   2 Input      3 Bit       Adders := 1     
+---XORs : 
	   2 Input     32 Bit         XORs := 105   
+---Registers : 
	               66 Bit    Registers := 2     
	               32 Bit    Registers := 96    
	               17 Bit    Registers := 2     
	               13 Bit    Registers := 1     
	                9 Bit    Registers := 5     
	                8 Bit    Registers := 2     
	                6 Bit    Registers := 1     
	                5 Bit    Registers := 1     
	                4 Bit    Registers := 6     
	                3 Bit    Registers := 2     
	                2 Bit    Registers := 2     
	                1 Bit    Registers := 22    
+---RAMs : 
	             1024 Bit         RAMs := 16    
+---Muxes : 
	   2 Input     66 Bit        Muxes := 6     
	   4 Input     66 Bit        Muxes := 1     
	   6 Input     66 Bit        Muxes := 2     
	   2 Input     32 Bit        Muxes := 195   
	   6 Input     32 Bit        Muxes := 3     
	   4 Input     32 Bit        Muxes := 1     
	   3 Input     32 Bit        Muxes := 23    
	   2 Input     17 Bit        Muxes := 4     
	  11 Input     17 Bit        Muxes := 2     
	   2 Input     13 Bit        Muxes := 2     
	  11 Input     13 Bit        Muxes := 1     
	   2 Input      9 Bit        Muxes := 11    
	   4 Input      9 Bit        Muxes := 3     
	   6 Input      9 Bit        Muxes := 2     
	   8 Input      8 Bit        Muxes := 1     
	   2 Input      7 Bit        Muxes := 10    
	  28 Input      7 Bit        Muxes := 1     
	   2 Input      6 Bit        Muxes := 5     
	  11 Input      6 Bit        Muxes := 1     
	   2 Input      5 Bit        Muxes := 1     
	   5 Input      4 Bit        Muxes := 8     
	   6 Input      4 Bit        Muxes := 2     
	   4 Input      4 Bit        Muxes := 2     
	   2 Input      4 Bit        Muxes := 8     
	   2 Input      3 Bit        Muxes := 7     
	  11 Input      3 Bit        Muxes := 1     
	   6 Input      3 Bit        Muxes := 1     
	   8 Input      3 Bit        Muxes := 1     
	   2 Input      2 Bit        Muxes := 20    
	   4 Input      2 Bit        Muxes := 15    
	   3 Input      2 Bit        Muxes := 9     
	   6 Input      2 Bit        Muxes := 1     
	   7 Input      2 Bit        Muxes := 1     
	   2 Input      1 Bit        Muxes := 201   
	   3 Input      1 Bit        Muxes := 60    
	   4 Input      1 Bit        Muxes := 93    
	  11 Input      1 Bit        Muxes := 11    
	  12 Input      1 Bit        Muxes := 1     
	   6 Input      1 Bit        Muxes := 25    
	   5 Input      1 Bit        Muxes := 1     
Module rst_sync__1 
Detailed RTL Component Info : 
+---Registers : 
	                2 Bit    Registers := 1     
Module rst_sync 
Detailed RTL Component Info : 
+---Registers : 
	                2 Bit    Registers := 1     
Module Axi4ReadOnlyErrorSlave_1 
Detailed RTL Component Info : 
+---Adders : 
	   2 Input      8 Bit       Adders := 1     
+---Registers : 
	                8 Bit    Registers := 1     
	                4 Bit    Registers := 1     
	                1 Bit    Registers := 1     
+---Muxes : 
	   2 Input      8 Bit        Muxes := 2     
	   2 Input      1 Bit        Muxes := 7     
Module Axi4ReadOnlyDecoder 
Detailed RTL Component Info : 
+---Adders : 
	   2 Input      3 Bit       Adders := 1     
+---Registers : 
	                8 Bit    Registers := 1     
	                3 Bit    Registers := 1     
	                1 Bit    Registers := 1     
+---Muxes : 
	   2 Input      4 Bit        Muxes := 1     
	   2 Input      3 Bit        Muxes := 1     
	   2 Input      2 Bit        Muxes := 1     
	   2 Input      1 Bit        Muxes := 2     
Module Axi4WriteOnlyErrorSlave_1 
Detailed RTL Component Info : 
+---Registers : 
	                4 Bit    Registers := 1     
	                1 Bit    Registers := 2     
+---Muxes : 
	   2 Input      1 Bit        Muxes := 2     
Module Axi4WriteOnlyDecoder 
Detailed RTL Component Info : 
+---Adders : 
	   2 Input      3 Bit       Adders := 2     
+---Registers : 
	                8 Bit    Registers := 1     
	                3 Bit    Registers := 2     
	                1 Bit    Registers := 2     
+---Muxes : 
	   2 Input      4 Bit        Muxes := 1     
	   2 Input      3 Bit        Muxes := 2     
	   2 Input      2 Bit        Muxes := 1     
	   2 Input      1 Bit        Muxes := 1     
Module Axi4ReadOnlyErrorSlave_1__1 
Detailed RTL Component Info : 
+---Adders : 
	   2 Input      8 Bit       Adders := 1     
+---Registers : 
	                8 Bit    Registers := 1     
	                4 Bit    Registers := 1     
	                1 Bit    Registers := 1     
+---Muxes : 
	   2 Input      8 Bit        Muxes := 2     
	   2 Input      1 Bit        Muxes := 7     
Module Axi4ReadOnlyDecoder_1 
Detailed RTL Component Info : 
+---Adders : 
	   2 Input      3 Bit       Adders := 1     
+---Registers : 
	                4 Bit    Registers := 1     
	                3 Bit    Registers := 1     
	                1 Bit    Registers := 1     
+---Muxes : 
	   4 Input     32 Bit        Muxes := 1     
	   4 Input      4 Bit        Muxes := 1     
	   2 Input      4 Bit        Muxes := 1     
	   2 Input      3 Bit        Muxes := 1     
	   4 Input      2 Bit        Muxes := 1     
	   2 Input      2 Bit        Muxes := 1     
	   4 Input      1 Bit        Muxes := 1     
	   2 Input      1 Bit        Muxes := 2     
Module Axi4WriteOnlyErrorSlave_1__1 
Detailed RTL Component Info : 
+---Registers : 
	                4 Bit    Registers := 1     
	                1 Bit    Registers := 2     
+---Muxes : 
	   2 Input      1 Bit        Muxes := 2     
Module Axi4WriteOnlyDecoder_1 
Detailed RTL Component Info : 
+---Adders : 
	   2 Input      3 Bit       Adders := 2     
+---Registers : 
	                4 Bit    Registers := 1     
	                3 Bit    Registers := 2     
	                1 Bit    Registers := 2     
+---Muxes : 
	   4 Input      4 Bit        Muxes := 1     
	   2 Input      4 Bit        Muxes := 1     
	   2 Input      3 Bit        Muxes := 2     
	   4 Input      2 Bit        Muxes := 1     
	   2 Input      2 Bit        Muxes := 1     
	   2 Input      1 Bit        Muxes := 1     
Module StreamArbiter_7__5 
Detailed RTL Component Info : 
+---Adders : 
	   3 Input      4 Bit       Adders := 1     
+---Registers : 
	                1 Bit    Registers := 3     
+---Muxes : 
	   2 Input     32 Bit        Muxes := 1     
	   2 Input      8 Bit        Muxes := 1     
	   2 Input      4 Bit        Muxes := 2     
	   2 Input      3 Bit        Muxes := 2     
	   2 Input      2 Bit        Muxes := 1     
	   2 Input      1 Bit        Muxes := 4     
Module Axi4ReadOnlyArbiter__1 
Detailed RTL Component Info : 
+---Muxes : 
	   2 Input      1 Bit        Muxes := 1     
Module StreamArbiter_7 
Detailed RTL Component Info : 
+---Adders : 
	   3 Input      4 Bit       Adders := 1     
+---Registers : 
	                1 Bit    Registers := 3     
+---Muxes : 
	   2 Input     32 Bit        Muxes := 1     
	   2 Input      8 Bit        Muxes := 1     
	   2 Input      4 Bit        Muxes := 2     
	   2 Input      3 Bit        Muxes := 2     
	   2 Input      2 Bit        Muxes := 1     
	   2 Input      1 Bit        Muxes := 4     
Module StreamFifo_3 
Detailed RTL Component Info : 
+---Adders : 
	   3 Input      3 Bit       Adders := 1     
	   2 Input      3 Bit       Adders := 3     
+---XORs : 
	   3 Input      3 Bit         XORs := 1     
+---Muxes : 
	   2 Input      3 Bit        Muxes := 2     
	   2 Input      1 Bit        Muxes := 5     
Module Axi4WriteOnlyArbiter 
Detailed RTL Component Info : 
+---Registers : 
	                1 Bit    Registers := 2     
+---Muxes : 
	   2 Input     32 Bit        Muxes := 1     
	   2 Input      4 Bit        Muxes := 1     
	   2 Input      1 Bit        Muxes := 5     
Module StreamArbiter_7__6 
Detailed RTL Component Info : 
+---Adders : 
	   3 Input      4 Bit       Adders := 1     
+---Registers : 
	                1 Bit    Registers := 3     
+---Muxes : 
	   2 Input     32 Bit        Muxes := 1     
	   2 Input      8 Bit        Muxes := 1     
	   2 Input      4 Bit        Muxes := 2     
	   2 Input      3 Bit        Muxes := 2     
	   2 Input      2 Bit        Muxes := 1     
	   2 Input      1 Bit        Muxes := 4     
Module Axi4ReadOnlyArbiter__2 
Detailed RTL Component Info : 
+---Muxes : 
	   2 Input      1 Bit        Muxes := 1     
Module StreamArbiter_7__4 
Detailed RTL Component Info : 
+---Adders : 
	   3 Input      4 Bit       Adders := 1     
+---Registers : 
	                1 Bit    Registers := 3     
+---Muxes : 
	   2 Input     32 Bit        Muxes := 1     
	   2 Input      8 Bit        Muxes := 1     
	   2 Input      4 Bit        Muxes := 2     
	   2 Input      3 Bit        Muxes := 2     
	   2 Input      2 Bit        Muxes := 1     
	   2 Input      1 Bit        Muxes := 4     
Module StreamFifo_3__3 
Detailed RTL Component Info : 
+---Adders : 
	   3 Input      3 Bit       Adders := 1     
	   2 Input      3 Bit       Adders := 3     
+---XORs : 
	   3 Input      3 Bit         XORs := 1     
+---Muxes : 
	   2 Input      3 Bit        Muxes := 2     
	   2 Input      1 Bit        Muxes := 5     
Module Axi4WriteOnlyArbiter_1 
Detailed RTL Component Info : 
+---Registers : 
	                1 Bit    Registers := 2     
+---Muxes : 
	   2 Input     32 Bit        Muxes := 1     
	   2 Input      4 Bit        Muxes := 1     
	   2 Input      1 Bit        Muxes := 5     
Module StreamArbiter_7__7 
Detailed RTL Component Info : 
+---Adders : 
	   3 Input      4 Bit       Adders := 1     
+---Registers : 
	                1 Bit    Registers := 3     
+---Muxes : 
	   2 Input     32 Bit        Muxes := 1     
	   2 Input      8 Bit        Muxes := 1     
	   2 Input      4 Bit        Muxes := 2     
	   2 Input      3 Bit        Muxes := 2     
	   2 Input      2 Bit        Muxes := 1     
	   2 Input      1 Bit        Muxes := 4     
Module Axi4ReadOnlyArbiter__3 
Detailed RTL Component Info : 
+---Muxes : 
	   2 Input      1 Bit        Muxes := 1     
Module StreamArbiter_7__3 
Detailed RTL Component Info : 
+---Adders : 
	   3 Input      4 Bit       Adders := 1     
+---Registers : 
	                1 Bit    Registers := 3     
+---Muxes : 
	   2 Input     32 Bit        Muxes := 1     
	   2 Input      8 Bit        Muxes := 1     
	   2 Input      4 Bit        Muxes := 2     
	   2 Input      3 Bit        Muxes := 2     
	   2 Input      2 Bit        Muxes := 1     
	   2 Input      1 Bit        Muxes := 4     
Module StreamFifo_3__2 
Detailed RTL Component Info : 
+---Adders : 
	   3 Input      3 Bit       Adders := 1     
	   2 Input      3 Bit       Adders := 3     
+---XORs : 
	   3 Input      3 Bit         XORs := 1     
+---Muxes : 
	   2 Input      3 Bit        Muxes := 2     
	   2 Input      1 Bit        Muxes := 5     
Module Axi4WriteOnlyArbiter_2 
Detailed RTL Component Info : 
+---Registers : 
	                1 Bit    Registers := 2     
+---Muxes : 
	   2 Input     32 Bit        Muxes := 1     
	   2 Input      4 Bit        Muxes := 1     
	   2 Input      1 Bit        Muxes := 5     
Module StreamArbiter_7__2 
Detailed RTL Component Info : 
+---Adders : 
	   3 Input      4 Bit       Adders := 1     
+---Registers : 
	                1 Bit    Registers := 3     
+---Muxes : 
	   2 Input     32 Bit        Muxes := 1     
	   2 Input      8 Bit        Muxes := 1     
	   2 Input      4 Bit        Muxes := 2     
	   2 Input      3 Bit        Muxes := 2     
	   2 Input      2 Bit        Muxes := 1     
	   2 Input      1 Bit        Muxes := 4     
Module Axi4ReadOnlyArbiter 
Detailed RTL Component Info : 
+---Muxes : 
	   2 Input      1 Bit        Muxes := 1     
Module StreamArbiter_7__1 
Detailed RTL Component Info : 
+---Adders : 
	   3 Input      4 Bit       Adders := 1     
+---Registers : 
	                1 Bit    Registers := 3     
+---Muxes : 
	   2 Input     32 Bit        Muxes := 1     
	   2 Input      8 Bit        Muxes := 1     
	   2 Input      4 Bit        Muxes := 2     
	   2 Input      3 Bit        Muxes := 2     
	   2 Input      2 Bit        Muxes := 1     
	   2 Input      1 Bit        Muxes := 4     
Module StreamFifo_3__1 
Detailed RTL Component Info : 
+---Adders : 
	   3 Input      3 Bit       Adders := 1     
	   2 Input      3 Bit       Adders := 3     
+---XORs : 
	   3 Input      3 Bit         XORs := 1     
+---Muxes : 
	   2 Input      3 Bit        Muxes := 2     
	   2 Input      1 Bit        Muxes := 5     
Module Axi4WriteOnlyArbiter_3 
Detailed RTL Component Info : 
+---Registers : 
	                1 Bit    Registers := 2     
+---Muxes : 
	   2 Input     32 Bit        Muxes := 1     
	   2 Input      4 Bit        Muxes := 1     
	   2 Input      1 Bit        Muxes := 5     
Module AxiCrossbar_2x8 
Detailed RTL Component Info : 
+---Registers : 
	                1 Bit    Registers := 24    
+---Muxes : 
	   2 Input      1 Bit        Muxes := 24    
Module BufferCC_9 
Detailed RTL Component Info : 
+---Registers : 
	                3 Bit    Registers := 2     
Module BufferCC_10 
Detailed RTL Component Info : 
+---Registers : 
	                1 Bit    Registers := 2     
Module BufferCC_11 
Detailed RTL Component Info : 
+---Registers : 
	                3 Bit    Registers := 2     
Module StreamFifoCC 
Detailed RTL Component Info : 
+---Adders : 
	   2 Input      3 Bit       Adders := 2     
	   3 Input      3 Bit       Adders := 2     
+---XORs : 
	   2 Input      3 Bit         XORs := 2     
	   2 Input      1 Bit         XORs := 4     
+---Registers : 
	               58 Bit    Registers := 1     
	                3 Bit    Registers := 3     
	                1 Bit    Registers := 1     
+---RAMs : 
	              232 Bit         RAMs := 1     
+---Muxes : 
	   2 Input      1 Bit        Muxes := 2     
Module BufferCC_7 
Detailed RTL Component Info : 
+---Registers : 
	                4 Bit    Registers := 2     
Module BufferCC_8 
Detailed RTL Component Info : 
+---Registers : 
	                4 Bit    Registers := 2     
Module StreamFifoCC_1 
Detailed RTL Component Info : 
+---Adders : 
	   2 Input      4 Bit       Adders := 3     
	   3 Input      4 Bit       Adders := 2     
+---XORs : 
	   2 Input      4 Bit         XORs := 2     
	   2 Input      1 Bit         XORs := 6     
+---Registers : 
	               37 Bit    Registers := 1     
	                4 Bit    Registers := 4     
	                1 Bit    Registers := 1     
+---RAMs : 
	              296 Bit         RAMs := 1     
+---Muxes : 
	   2 Input      1 Bit        Muxes := 2     
Module BufferCC_4 
Detailed RTL Component Info : 
+---Registers : 
	                3 Bit    Registers := 2     
Module BufferCC_5 
Detailed RTL Component Info : 
+---Registers : 
	                1 Bit    Registers := 2     
Module BufferCC_6 
Detailed RTL Component Info : 
+---Registers : 
	                3 Bit    Registers := 2     
Module StreamFifoCC_2 
Detailed RTL Component Info : 
+---Adders : 
	   2 Input      3 Bit       Adders := 2     
	   3 Input      3 Bit       Adders := 2     
+---XORs : 
	   2 Input      3 Bit         XORs := 2     
	   2 Input      1 Bit         XORs := 4     
+---Registers : 
	                7 Bit    Registers := 1     
	                3 Bit    Registers := 3     
	                1 Bit    Registers := 1     
+---RAMs : 
	               28 Bit         RAMs := 1     
+---Muxes : 
	   2 Input      1 Bit        Muxes := 2     
Module BufferCC_9__1 
Detailed RTL Component Info : 
+---Registers : 
	                3 Bit    Registers := 2     
Module BufferCC_11__1 
Detailed RTL Component Info : 
+---Registers : 
	                3 Bit    Registers := 2     
Module StreamFifoCC_3 
Detailed RTL Component Info : 
+---Adders : 
	   2 Input      3 Bit       Adders := 2     
	   3 Input      3 Bit       Adders := 2     
+---XORs : 
	   2 Input      3 Bit         XORs := 2     
	   2 Input      1 Bit         XORs := 4     
+---Registers : 
	               58 Bit    Registers := 1     
	                3 Bit    Registers := 3     
	                1 Bit    Registers := 1     
+---RAMs : 
	              232 Bit         RAMs := 1     
+---Muxes : 
	   2 Input      1 Bit        Muxes := 2     
Module BufferCC 
Detailed RTL Component Info : 
+---Registers : 
	                4 Bit    Registers := 2     
Module BufferCC_1 
Detailed RTL Component Info : 
+---Registers : 
	                4 Bit    Registers := 2     
Module StreamFifoCC_4 
Detailed RTL Component Info : 
+---Adders : 
	   2 Input      4 Bit       Adders := 3     
	   3 Input      4 Bit       Adders := 2     
+---XORs : 
	   2 Input      4 Bit         XORs := 2     
	   2 Input      1 Bit         XORs := 6     
+---Registers : 
	               40 Bit    Registers := 1     
	                4 Bit    Registers := 4     
	                1 Bit    Registers := 1     
+---RAMs : 
	              320 Bit         RAMs := 1     
+---Muxes : 
	   2 Input      1 Bit        Muxes := 2     
Module axi2sram_sp 
Detailed RTL Component Info : 
+---Adders : 
	   2 Input     32 Bit       Adders := 3     
	   3 Input     32 Bit       Adders := 1     
	   2 Input      9 Bit       Adders := 1     
	   2 Input      8 Bit       Adders := 1     
+---Registers : 
	               32 Bit    Registers := 2     
	                8 Bit    Registers := 2     
	                5 Bit    Registers := 1     
	                2 Bit    Registers := 1     
+---Muxes : 
	   2 Input     32 Bit        Muxes := 8     
	   5 Input     32 Bit        Muxes := 3     
	   3 Input     32 Bit        Muxes := 2     
	   5 Input      8 Bit        Muxes := 1     
	   2 Input      5 Bit        Muxes := 1     
	   5 Input      5 Bit        Muxes := 1     
	   2 Input      4 Bit        Muxes := 1     
	   5 Input      3 Bit        Muxes := 1     
	   2 Input      3 Bit        Muxes := 4     
	   2 Input      2 Bit        Muxes := 1     
	   2 Input      1 Bit        Muxes := 4     
	   5 Input      1 Bit        Muxes := 12    
Module fpga_sram_sp 
Detailed RTL Component Info : 
+---Registers : 
	               18 Bit    Registers := 1     
+---RAMs : 
	            8192K Bit         RAMs := 1     
+---Muxes : 
	   2 Input     32 Bit        Muxes := 6     
	   2 Input      8 Bit        Muxes := 1     
Module axi_wrap_ram_sp 
Detailed RTL Component Info : 
+---Muxes : 
	   2 Input     32 Bit        Muxes := 1     
	   2 Input      5 Bit        Muxes := 2     
	   2 Input      2 Bit        Muxes := 2     
Module axi2apb_bridge 
Detailed RTL Component Info : 
+---Adders : 
	   2 Input     20 Bit       Adders := 3     
	   2 Input      3 Bit       Adders := 1     
+---Registers : 
	               32 Bit    Registers := 2     
	               24 Bit    Registers := 1     
	               20 Bit    Registers := 1     
	                8 Bit    Registers := 1     
	                5 Bit    Registers := 2     
	                4 Bit    Registers := 2     
	                3 Bit    Registers := 2     
	                1 Bit    Registers := 9     
+---Muxes : 
	   2 Input     32 Bit        Muxes := 9     
	   3 Input     32 Bit        Muxes := 1     
	   4 Input     32 Bit        Muxes := 2     
	   5 Input     32 Bit        Muxes := 2     
	   2 Input     20 Bit        Muxes := 5     
	   2 Input      8 Bit        Muxes := 7     
	   2 Input      4 Bit        Muxes := 6     
	   4 Input      4 Bit        Muxes := 2     
	   2 Input      3 Bit        Muxes := 2     
	   4 Input      3 Bit        Muxes := 1     
	   3 Input      2 Bit        Muxes := 1     
	   2 Input      2 Bit        Muxes := 1     
	   2 Input      1 Bit        Muxes := 48    
	   4 Input      1 Bit        Muxes := 5     
	   5 Input      1 Bit        Muxes := 7     
Module arb_2_1 
Detailed RTL Component Info : 
+---Registers : 
	                1 Bit    Registers := 1     
+---Muxes : 
	   2 Input      1 Bit        Muxes := 2     
Module apb_mux2 
Detailed RTL Component Info : 
+---Muxes : 
	   2 Input     32 Bit        Muxes := 1     
	   2 Input     24 Bit        Muxes := 2     
	   2 Input     20 Bit        Muxes := 1     
	   2 Input      8 Bit        Muxes := 5     
	   2 Input      1 Bit        Muxes := 4     
Module raminfr 
Detailed RTL Component Info : 
+---Registers : 
	                8 Bit    Registers := 1     
+---RAMs : 
	              128 Bit         RAMs := 1     
Module uart_tfifo 
Detailed RTL Component Info : 
+---Adders : 
	   2 Input      5 Bit       Adders := 1     
	   2 Input      4 Bit       Adders := 2     
+---Registers : 
	                5 Bit    Registers := 1     
	                4 Bit    Registers := 2     
	                1 Bit    Registers := 1     
+---Muxes : 
	   4 Input      2 Bit        Muxes := 1     
	   4 Input      1 Bit        Muxes := 3     
	   2 Input      1 Bit        Muxes := 2     
Module uart_transmitter 
Detailed RTL Component Info : 
+---Adders : 
	   2 Input      5 Bit       Adders := 1     
	   2 Input      3 Bit       Adders := 3     
+---XORs : 
	                8 Bit    Wide XORs := 2     
	                7 Bit    Wide XORs := 2     
	                6 Bit    Wide XORs := 2     
	                5 Bit    Wide XORs := 2     
+---Registers : 
	                8 Bit    Registers := 1     
	                7 Bit    Registers := 1     
	                5 Bit    Registers := 1     
	                3 Bit    Registers := 2     
	                1 Bit    Registers := 6     
+---Muxes : 
	   2 Input      7 Bit        Muxes := 2     
	   7 Input      7 Bit        Muxes := 2     
	   2 Input      6 Bit        Muxes := 2     
	   2 Input      5 Bit        Muxes := 3     
	   6 Input      5 Bit        Muxes := 1     
	   7 Input      5 Bit        Muxes := 1     
	   2 Input      4 Bit        Muxes := 1     
	   7 Input      3 Bit        Muxes := 4     
	   2 Input      3 Bit        Muxes := 5     
	   2 Input      1 Bit        Muxes := 12    
	   4 Input      1 Bit        Muxes := 3     
	   7 Input      1 Bit        Muxes := 16    
Module uart_sync_flops 
Detailed RTL Component Info : 
+---Registers : 
	                1 Bit    Registers := 2     
+---Muxes : 
	   2 Input      1 Bit        Muxes := 1     
Module raminfr__1 
Detailed RTL Component Info : 
+---Registers : 
	                8 Bit    Registers := 1     
+---RAMs : 
	              128 Bit         RAMs := 1     
Module uart_rfifo 
Detailed RTL Component Info : 
+---Adders : 
	   2 Input      5 Bit       Adders := 1     
	   2 Input      4 Bit       Adders := 2     
+---Registers : 
	                5 Bit    Registers := 1     
	                4 Bit    Registers := 2     
	                3 Bit    Registers := 16    
	                1 Bit    Registers := 1     
+---Muxes : 
	   4 Input      3 Bit        Muxes := 1     
	   4 Input      2 Bit        Muxes := 1     
	   2 Input      1 Bit        Muxes := 34    
	   4 Input      1 Bit        Muxes := 19    
Module uart_receiver 
Detailed RTL Component Info : 
+---Adders : 
	   2 Input     10 Bit       Adders := 1     
	   2 Input      8 Bit       Adders := 1     
	   2 Input      4 Bit       Adders := 1     
	   2 Input      3 Bit       Adders := 1     
+---XORs : 
	                9 Bit    Wide XORs := 1     
+---Registers : 
	               11 Bit    Registers := 1     
	               10 Bit    Registers := 1     
	                8 Bit    Registers := 2     
	                4 Bit    Registers := 1     
	                3 Bit    Registers := 1     
	                1 Bit    Registers := 6     
+---Muxes : 
	   2 Input     11 Bit        Muxes := 2     
	  11 Input     11 Bit        Muxes := 1     
	   8 Input     10 Bit        Muxes := 1     
	   2 Input     10 Bit        Muxes := 1     
	   2 Input      8 Bit        Muxes := 3     
	   4 Input      8 Bit        Muxes := 2     
	  11 Input      8 Bit        Muxes := 2     
	   2 Input      4 Bit        Muxes := 7     
	  11 Input      4 Bit        Muxes := 3     
	  11 Input      3 Bit        Muxes := 1     
	   2 Input      1 Bit        Muxes := 6     
	   4 Input      1 Bit        Muxes := 1     
	  11 Input      1 Bit        Muxes := 11    
Module uart_regs 
Detailed RTL Component Info : 
+---Adders : 
	   3 Input     16 Bit       Adders := 1     
	   2 Input      9 Bit       Adders := 2     
	   2 Input      8 Bit       Adders := 3     
+---XORs : 
	   2 Input      4 Bit         XORs := 1     
	   2 Input      1 Bit         XORs := 2     
+---Registers : 
	               16 Bit    Registers := 1     
	                9 Bit    Registers := 1     
	                8 Bit    Registers := 9     
	                5 Bit    Registers := 1     
	                4 Bit    Registers := 3     
	                3 Bit    Registers := 1     
	                2 Bit    Registers := 1     
	                1 Bit    Registers := 39    
+---Muxes : 
	   2 Input     16 Bit        Muxes := 1     
	   2 Input      8 Bit        Muxes := 6     
	   8 Input      8 Bit        Muxes := 1     
	   4 Input      4 Bit        Muxes := 2     
	   2 Input      4 Bit        Muxes := 1     
	   6 Input      4 Bit        Muxes := 1     
	   2 Input      1 Bit        Muxes := 22    
Module memreq_axi 
Detailed RTL Component Info : 
+---Registers : 
	               32 Bit    Registers := 2     
	                4 Bit    Registers := 1     
+---Muxes : 
	   2 Input     32 Bit        Muxes := 2     
	   4 Input     32 Bit        Muxes := 1     
	   6 Input     32 Bit        Muxes := 3     
	   6 Input      4 Bit        Muxes := 1     
	   6 Input      3 Bit        Muxes := 1     
	   2 Input      3 Bit        Muxes := 7     
	   2 Input      1 Bit        Muxes := 1     
	   6 Input      1 Bit        Muxes := 5     
Module dma_master 
Detailed RTL Component Info : 
+---Adders : 
	   2 Input     32 Bit       Adders := 4     
	   3 Input     32 Bit       Adders := 1     
	   2 Input     28 Bit       Adders := 1     
	   2 Input      6 Bit       Adders := 1     
	   2 Input      5 Bit       Adders := 1     
+---Registers : 
	               32 Bit    Registers := 4     
	                5 Bit    Registers := 1     
	                3 Bit    Registers := 1     
	                1 Bit    Registers := 1     
+---RAMs : 
	             1024 Bit         RAMs := 1     
+---Muxes : 
	   2 Input     32 Bit        Muxes := 4     
	   3 Input     32 Bit        Muxes := 1     
	   5 Input     32 Bit        Muxes := 1     
	   4 Input     32 Bit        Muxes := 2     
	   2 Input     28 Bit        Muxes := 1     
	   2 Input      6 Bit        Muxes := 1     
	   2 Input      5 Bit        Muxes := 2     
	   2 Input      3 Bit        Muxes := 1     
	   2 Input      2 Bit        Muxes := 1     
	   2 Input      1 Bit        Muxes := 6     
	   3 Input      1 Bit        Muxes := 1     
	   4 Input      1 Bit        Muxes := 2     
Module dma_top 
Detailed RTL Component Info : 
+---Registers : 
	               32 Bit    Registers := 6     
	                4 Bit    Registers := 1     
	                1 Bit    Registers := 7     
+---Muxes : 
	   2 Input     32 Bit        Muxes := 5     
	   4 Input     32 Bit        Muxes := 1     
	   2 Input      4 Bit        Muxes := 1     
	   2 Input      2 Bit        Muxes := 3     
	   4 Input      2 Bit        Muxes := 1     
	   2 Input      1 Bit        Muxes := 7     
	   5 Input      1 Bit        Muxes := 1     
Module digitaltube_controller 
Detailed RTL Component Info : 
+---Registers : 
	                8 Bit    Registers := 2     
	                7 Bit    Registers := 16    
	                4 Bit    Registers := 2     
+---Muxes : 
	   3 Input      8 Bit        Muxes := 2     
Module int_reg 
Detailed RTL Component Info : 
+---Registers : 
	               32 Bit    Registers := 2     
+---Muxes : 
	   2 Input      1 Bit        Muxes := 160   
Module confreg 
Detailed RTL Component Info : 
+---Adders : 
	   2 Input     32 Bit       Adders := 2     
	   2 Input     10 Bit       Adders := 1     
+---Registers : 
	               32 Bit    Registers := 26    
	                5 Bit    Registers := 1     
	                4 Bit    Registers := 2     
	                1 Bit    Registers := 9     
+---Muxes : 
	   2 Input     32 Bit        Muxes := 6     
	  28 Input     32 Bit        Muxes := 1     
	   2 Input     10 Bit        Muxes := 1     
	   2 Input      9 Bit        Muxes := 2     
	   2 Input      5 Bit        Muxes := 1     
	  28 Input      5 Bit        Muxes := 1     
	   2 Input      1 Bit        Muxes := 7     
Module soc_top 
Detailed RTL Component Info : 
+---Muxes : 
	   2 Input      1 Bit        Muxes := 1     
Module nh3_lcd_ui_renderer 
Detailed RTL Component Info : 
+---Adders : 
	   2 Input     32 Bit       Adders := 30    
	   2 Input     10 Bit       Adders := 10    
	   2 Input      9 Bit       Adders := 1     
	   2 Input      6 Bit       Adders := 22    
	   2 Input      4 Bit       Adders := 1     
	   2 Input      3 Bit       Adders := 2     
+---Muxes : 
	   2 Input    130 Bit        Muxes := 1     
	   2 Input     35 Bit        Muxes := 1     
	   2 Input     16 Bit        Muxes := 26    
	  34 Input     16 Bit        Muxes := 1     
	   4 Input     16 Bit        Muxes := 1     
	   5 Input     16 Bit        Muxes := 1     
	   2 Input     14 Bit        Muxes := 6     
	   3 Input     14 Bit        Muxes := 1     
	   6 Input     13 Bit        Muxes := 1     
	   2 Input     10 Bit        Muxes := 1     
	   2 Input      8 Bit        Muxes := 38    
	   6 Input      8 Bit        Muxes := 4     
	   5 Input      8 Bit        Muxes := 1     
	   4 Input      8 Bit        Muxes := 5     
	   2 Input      7 Bit        Muxes := 6     
	   6 Input      7 Bit        Muxes := 3     
	   8 Input      7 Bit        Muxes := 1     
	   7 Input      7 Bit        Muxes := 1     
	   2 Input      6 Bit        Muxes := 21    
	   6 Input      6 Bit        Muxes := 1     
	   9 Input      6 Bit        Muxes := 1     
	   4 Input      6 Bit        Muxes := 1     
	  17 Input      6 Bit        Muxes := 1     
	  34 Input      6 Bit        Muxes := 1     
	  33 Input      1 Bit        Muxes := 1     
	  14 Input      1 Bit        Muxes := 1     
	   2 Input      1 Bit        Muxes := 3     
	  12 Input      1 Bit        Muxes := 1     
	  16 Input      1 Bit        Muxes := 1     
Module lcd8080_writer 
Detailed RTL Component Info : 
+---Adders : 
	   2 Input     16 Bit       Adders := 1     
+---Registers : 
	               16 Bit    Registers := 2     
	                1 Bit    Registers := 2     
+---Muxes : 
	   4 Input     16 Bit        Muxes := 1     
	   4 Input      2 Bit        Muxes := 1     
	   4 Input      1 Bit        Muxes := 6     
	   2 Input      1 Bit        Muxes := 1     
Module nt35510_lcd_demo 
Detailed RTL Component Info : 
+---Adders : 
	   2 Input     32 Bit       Adders := 1     
	   3 Input     16 Bit       Adders := 1     
	   2 Input     10 Bit       Adders := 1     
	   2 Input      9 Bit       Adders := 1     
	   2 Input      6 Bit       Adders := 1     
	   2 Input      3 Bit       Adders := 2     
+---Registers : 
	               32 Bit    Registers := 11    
	               16 Bit    Registers := 3     
	               10 Bit    Registers := 3     
	                9 Bit    Registers := 1     
	                6 Bit    Registers := 1     
	                3 Bit    Registers := 2     
	                1 Bit    Registers := 8     
+---Muxes : 
	   2 Input     32 Bit        Muxes := 3     
	  12 Input     32 Bit        Muxes := 1     
	  47 Input     16 Bit        Muxes := 1     
	   2 Input     16 Bit        Muxes := 1     
	  35 Input     16 Bit        Muxes := 1     
	  12 Input     16 Bit        Muxes := 1     
	  12 Input     10 Bit        Muxes := 1     
	   2 Input      9 Bit        Muxes := 1     
	  12 Input      9 Bit        Muxes := 1     
	  26 Input      8 Bit        Muxes := 1     
	  34 Input      8 Bit        Muxes := 1     
	   2 Input      6 Bit        Muxes := 3     
	  12 Input      6 Bit        Muxes := 1     
	  12 Input      4 Bit        Muxes := 1     
	   2 Input      3 Bit        Muxes := 1     
	  12 Input      3 Bit        Muxes := 2     
	   2 Input      1 Bit        Muxes := 18    
	  12 Input      1 Bit        Muxes := 23    
Module i2c_open_drain_engine 
Detailed RTL Component Info : 
+---Adders : 
	   2 Input     32 Bit       Adders := 1     
	   2 Input     16 Bit       Adders := 1     
	   2 Input      4 Bit       Adders := 1     
+---Registers : 
	               16 Bit    Registers := 1     
	                8 Bit    Registers := 2     
	                4 Bit    Registers := 1     
	                3 Bit    Registers := 1     
	                2 Bit    Registers := 1     
	                1 Bit    Registers := 6     
+---Muxes : 
	   2 Input     16 Bit        Muxes := 2     
	   2 Input      8 Bit        Muxes := 5     
	   4 Input      8 Bit        Muxes := 2     
	   2 Input      4 Bit        Muxes := 1     
	   4 Input      2 Bit        Muxes := 2     
	   2 Input      2 Bit        Muxes := 5     
	   2 Input      1 Bit        Muxes := 29    
	   4 Input      1 Bit        Muxes := 16    
	   7 Input      1 Bit        Muxes := 1     
Module gt9147_touch 
Detailed RTL Component Info : 
+---Adders : 
	   2 Input     32 Bit       Adders := 1     
	   2 Input     10 Bit       Adders := 1     
	   2 Input      3 Bit       Adders := 1     
+---Registers : 
	               32 Bit    Registers := 1     
	               10 Bit    Registers := 1     
	                9 Bit    Registers := 1     
	                8 Bit    Registers := 6     
	                7 Bit    Registers := 1     
	                3 Bit    Registers := 2     
	                1 Bit    Registers := 10    
+---Muxes : 
	   2 Input     32 Bit        Muxes := 4     
	  20 Input     32 Bit        Muxes := 1     
	   2 Input     10 Bit        Muxes := 1     
	   2 Input      9 Bit        Muxes := 1     
	  20 Input      8 Bit        Muxes := 1     
	   2 Input      7 Bit        Muxes := 1     
	  20 Input      5 Bit        Muxes := 1     
	   2 Input      5 Bit        Muxes := 9     
	  20 Input      3 Bit        Muxes := 2     
	   2 Input      1 Bit        Muxes := 3     
	   6 Input      1 Bit        Muxes := 5     
	  20 Input      1 Bit        Muxes := 23    
Module nh3_touch_demo_control 
Detailed RTL Component Info : 
+---Adders : 
	   2 Input     14 Bit       Adders := 1     
	   2 Input     10 Bit       Adders := 4     
	   2 Input      4 Bit       Adders := 1     
+---Registers : 
	               10 Bit    Registers := 2     
	                8 Bit    Registers := 1     
	                4 Bit    Registers := 1     
	                1 Bit    Registers := 3     
+---Muxes : 
	   2 Input     14 Bit        Muxes := 1     
	   2 Input     10 Bit        Muxes := 11    
	   6 Input     10 Bit        Muxes := 1     
	   2 Input      7 Bit        Muxes := 1     
	  10 Input      4 Bit        Muxes := 1     
	   9 Input      4 Bit        Muxes := 1     
	   2 Input      4 Bit        Muxes := 3     
	   2 Input      3 Bit        Muxes := 2     
	   2 Input      1 Bit        Muxes := 24    
	   4 Input      1 Bit        Muxes := 1     
	   6 Input      1 Bit        Muxes := 1     
	   9 Input      1 Bit        Muxes := 2     
Module nh3_demo_display 
Detailed RTL Component Info : 
+---Muxes : 
	   5 Input      5 Bit        Muxes := 1     
	   2 Input      4 Bit        Muxes := 1     
---------------------------------------------------------------------------------
Finished RTL Hierarchical Component Statistics
---------------------------------------------------------------------------------
---------------------------------------------------------------------------------
Start Part Resource Summary
---------------------------------------------------------------------------------
Part Resources:
DSPs: 740 (col length:100)
BRAMs: 730 (col length: RAMB18 100 RAMB36 50)
---------------------------------------------------------------------------------
Finished Part Resource Summary
---------------------------------------------------------------------------------
---------------------------------------------------------------------------------
Start Cross Boundary and Area Optimization
---------------------------------------------------------------------------------
INFO: [Synth 8-7031] Trying to map ROM "p_0_out" into Block RAM due to explicit "ram_style" or "rom_style" specification
INFO: [Synth 8-7031] Trying to map ROM "p_0_out" into Block RAM due to explicit "ram_style" or "rom_style" specification
INFO: [Synth 8-7031] Trying to map ROM "p_0_out" into Block RAM due to explicit "ram_style" or "rom_style" specification
INFO: [Synth 8-5546] ROM "pre_data" won't be mapped to RAM because it is too sparse
WARNING: [Synth 8-3917] design nh3_demo_soc_top has port FPGA_LCD_RD_n driven by constant 1
WARNING: [Synth 8-6849] Infeasible attribute ram_style = "block" set for RAM "\u_soc/u_nh3_axi_slave/u_nh3_cnn_lstm_core/conv_mem_reg ",trying to implement using LUTRAM
WARNING: [Synth 8-6849] Infeasible attribute ram_style = "block" set for RAM "\u_soc/u_nh3_axi_slave/u_nh3_cnn_lstm_core/conv_mem_reg ",trying to implement using LUTRAM
WARNING: [Synth 8-6849] Infeasible attribute ram_style = "block" set for RAM "\u_soc/u_nh3_axi_slave/u_nh3_cnn_lstm_core/conv_mem_reg ",trying to implement using LUTRAM
WARNING: [Synth 8-6849] Infeasible attribute ram_style = "block" set for RAM "\u_soc/u_nh3_axi_slave/u_nh3_cnn_lstm_core/pool_mem_reg ",trying to implement using LUTRAM
WARNING: [Synth 8-6849] Infeasible attribute ram_style = "block" set for RAM "\u_soc/u_nh3_axi_slave/u_nh3_cnn_lstm_core/pool_mem_reg ",trying to implement using LUTRAM
INFO: [Synth 8-4652] Swapped enable and write-enable on 2 RAM instances of RAM u_nh3_input_buffer/mem_reg to conserve power
INFO: [Synth 8-3333] propagating constant 0 across sequential element (u_nh3_axi_slavei_4/\s_bresp_reg[0] )
INFO: [Synth 8-3886] merging instance 'i_0/u_touch/device_address_reg[6]' (FDPE) to 'i_0/u_touch/device_address_reg[0]'
INFO: [Synth 8-3886] merging instance 'i_0/u_touch/device_address_reg[5]' (FDCE) to 'i_0/u_touch/device_address_reg[1]'
INFO: [Synth 8-3886] merging instance 'i_0/u_touch/device_address_reg[4]' (FDPE) to 'i_0/u_touch/device_address_reg[2]'
INFO: [Synth 8-3886] merging instance 'i_0/u_touch/device_address_reg[3]' (FDPE) to 'i_0/u_touch/device_address_reg[0]'
INFO: [Synth 8-3333] propagating constant 1 across sequential element (i_0/\u_touch/device_address_reg[2] )
INFO: [Synth 8-3333] propagating constant 0 across sequential element (i_0/\u_touch/device_address_reg[1] )
INFO: [Synth 8-3333] propagating constant 0 across sequential element (i_0/\u_touch/op_code_reg[2] )
INFO: [Synth 8-3886] merging instance 'i_0/u_touch/op_write_data_reg[6]' (FDCE) to 'i_0/u_touch/op_write_data_reg[2]'
INFO: [Synth 8-3886] merging instance 'i_0/u_touch/u_i2c/shift_data_reg[6]' (FDCE) to 'i_0/u_touch/u_i2c/shift_data_reg[2]'
INFO: [Common 17-14] Message 'Synth 8-3331' appears 100 times and further instances of the messages will be disabled. Use the Tcl command set_msg_config to change the current settings.
INFO: [Synth 8-3886] merging instance 'exe_stage/ds_to_es_bus_r_reg[246]' (FDE) to 'exe_stage/ds_to_es_bus_r_reg[195]'
INFO: [Synth 8-3886] merging instance 'exe_stage/ds_to_es_bus_r_reg[247]' (FDE) to 'exe_stage/ds_to_es_bus_r_reg[196]'
INFO: [Synth 8-3886] merging instance 'exe_stage/ds_to_es_bus_r_reg[248]' (FDE) to 'exe_stage/ds_to_es_bus_r_reg[197]'
INFO: [Synth 8-3886] merging instance 'exe_stage/ds_to_es_bus_r_reg[249]' (FDE) to 'exe_stage/ds_to_es_bus_r_reg[198]'
INFO: [Synth 8-3886] merging instance 'exe_stage/ds_to_es_bus_r_reg[250]' (FDE) to 'exe_stage/ds_to_es_bus_r_reg[199]'
INFO: [Synth 8-3886] merging instance 'exe_stage/ds_to_es_bus_r_reg[251]' (FDE) to 'exe_stage/ds_to_es_bus_r_reg[200]'
INFO: [Synth 8-3886] merging instance 'exe_stage/ds_to_es_bus_r_reg[252]' (FDE) to 'exe_stage/ds_to_es_bus_r_reg[201]'
INFO: [Synth 8-3886] merging instance 'exe_stage/ds_to_es_bus_r_reg[253]' (FDE) to 'exe_stage/ds_to_es_bus_r_reg[202]'
INFO: [Synth 8-3886] merging instance 'exe_stage/ds_to_es_bus_r_reg[254]' (FDE) to 'exe_stage/ds_to_es_bus_r_reg[203]'
INFO: [Synth 8-3886] merging instance 'exe_stage/ds_to_es_bus_r_reg[255]' (FDE) to 'exe_stage/ds_to_es_bus_r_reg[204]'
INFO: [Synth 8-3886] merging instance 'exe_stage/ds_to_es_bus_r_reg[256]' (FDE) to 'exe_stage/ds_to_es_bus_r_reg[205]'
INFO: [Synth 8-3886] merging instance 'exe_stage/ds_to_es_bus_r_reg[257]' (FDE) to 'exe_stage/ds_to_es_bus_r_reg[206]'
INFO: [Synth 8-3886] merging instance 'exe_stage/ds_to_es_bus_r_reg[258]' (FDE) to 'exe_stage/ds_to_es_bus_r_reg[207]'
INFO: [Synth 8-3886] merging instance 'exe_stage/ds_to_es_bus_r_reg[259]' (FDE) to 'exe_stage/ds_to_es_bus_r_reg[208]'
INFO: [Synth 8-3886] merging instance 'wb_stage/ms_to_ws_bus_r_reg[222]' (FDE) to 'wb_stage/ms_to_ws_bus_r_reg[141]'
INFO: [Synth 8-3886] merging instance 'wb_stage/ms_to_ws_bus_r_reg[223]' (FDE) to 'wb_stage/ms_to_ws_bus_r_reg[142]'
INFO: [Synth 8-3886] merging instance 'wb_stage/ms_to_ws_bus_r_reg[224]' (FDE) to 'wb_stage/ms_to_ws_bus_r_reg[143]'
INFO: [Synth 8-3886] merging instance 'wb_stage/ms_to_ws_bus_r_reg[144]' (FDE) to 'wb_stage/ms_to_ws_bus_r_reg[225]'
INFO: [Synth 8-3886] merging instance 'wb_stage/ms_to_ws_bus_r_reg[145]' (FDE) to 'wb_stage/ms_to_ws_bus_r_reg[226]'
INFO: [Synth 8-3886] merging instance 'wb_stage/ms_to_ws_bus_r_reg[146]' (FDE) to 'wb_stage/ms_to_ws_bus_r_reg[227]'
INFO: [Synth 8-3886] merging instance 'wb_stage/ms_to_ws_bus_r_reg[147]' (FDE) to 'wb_stage/ms_to_ws_bus_r_reg[228]'
INFO: [Synth 8-3886] merging instance 'wb_stage/ms_to_ws_bus_r_reg[148]' (FDE) to 'wb_stage/ms_to_ws_bus_r_reg[229]'
INFO: [Synth 8-3886] merging instance 'u_csr/csr_cpucfg11_reg[0]' (FDSE) to 'u_csr/csr_cpucfg10_reg[0]'
INFO: [Synth 8-3886] merging instance 'u_csr/csr_cpucfg10_reg[0]' (FDSE) to 'u_csr/csr_cpucfg10_reg[2]'
INFO: [Synth 8-3886] merging instance 'u_csr/csr_cpucfg1_reg[0]' (FDRE) to 'u_csr/csr_cpucfg10_reg[1]'
INFO: [Synth 8-3886] merging instance 'u_csr/csr_cpuid_reg[0]' (FDRE) to 'u_csr/csr_cpucfg10_reg[1]'
INFO: [Synth 8-3886] merging instance 'u_csr/csr_tlbehi_reg[0]' (FDE) to 'u_csr/csr_dmw0_reg[28]'
INFO: [Synth 8-3886] merging instance 'u_csr/csr_cpucfg11_reg[1]' (FDRE) to 'u_csr/csr_cpucfg10_reg[1]'
INFO: [Synth 8-3886] merging instance 'u_csr/csr_cpucfg10_reg[1]' (FDRE) to 'u_csr/csr_cpucfg10_reg[3]'
INFO: [Synth 8-3886] merging instance 'u_csr/csr_cpucfg1_reg[1]' (FDRE) to 'u_csr/csr_cpucfg10_reg[3]'
INFO: [Synth 8-3886] merging instance 'u_csr/csr_dmw1_reg[1]' (FDE) to 'u_csr/csr_dmw0_reg[28]'
INFO: [Synth 8-3886] merging instance 'u_csr/csr_dmw0_reg[1]' (FDE) to 'u_csr/csr_dmw0_reg[28]'
INFO: [Synth 8-3333] propagating constant 0 across sequential element (u_csr/\csr_llbctl_reg[1] )
INFO: [Synth 8-3886] merging instance 'u_csr/csr_cpuid_reg[1]' (FDRE) to 'u_csr/csr_cpucfg10_reg[3]'
INFO: [Synth 8-3886] merging instance 'u_csr/csr_tlbehi_reg[1]' (FDE) to 'u_csr/csr_dmw0_reg[28]'
INFO: [Synth 8-3886] merging instance 'u_csr/csr_cpucfg11_reg[2]' (FDRE) to 'u_csr/csr_cpucfg10_reg[3]'
INFO: [Synth 8-3886] merging instance 'u_csr/csr_cpucfg10_reg[2]' (FDSE) to 'u_csr/csr_cpucfg1_reg[16]'
INFO: [Synth 8-3886] merging instance 'u_csr/csr_cpucfg1_reg[2]' (FDSE) to 'u_csr/csr_cpucfg1_reg[16]'
INFO: [Synth 8-3886] merging instance 'u_csr/csr_dmw1_reg[2]' (FDE) to 'u_csr/csr_dmw0_reg[28]'
INFO: [Synth 8-3886] merging instance 'u_csr/csr_dmw0_reg[2]' (FDE) to 'u_csr/csr_dmw0_reg[28]'
INFO: [Synth 8-3886] merging instance 'u_csr/csr_cpuid_reg[2]' (FDRE) to 'u_csr/csr_cpucfg10_reg[3]'
INFO: [Synth 8-3886] merging instance 'u_csr/csr_tlbehi_reg[2]' (FDE) to 'u_csr/csr_dmw0_reg[28]'
INFO: [Synth 8-3886] merging instance 'u_csr/csr_cpucfg11_reg[3]' (FDRE) to 'u_csr/csr_cpucfg10_reg[3]'
INFO: [Synth 8-3886] merging instance 'u_csr/csr_cpucfg10_reg[3]' (FDRE) to 'u_csr/csr_cpucfg10_reg[4]'
INFO: [Synth 8-3886] merging instance 'u_csr/csr_cpucfg1_reg[3]' (FDRE) to 'u_csr/csr_cpucfg10_reg[4]'
INFO: [Synth 8-3333] propagating constant 0 across sequential element (u_csr/\csr_llbctl_reg[3] )
INFO: [Synth 8-3886] merging instance 'u_csr/csr_cpuid_reg[3]' (FDRE) to 'u_csr/csr_cpucfg10_reg[4]'
INFO: [Synth 8-3886] merging instance 'u_csr/csr_tlbehi_reg[3]' (FDE) to 'u_csr/csr_dmw0_reg[28]'
INFO: [Synth 8-3886] merging instance 'u_csr/csr_prmd_reg[3]' (FDE) to 'u_csr/csr_dmw0_reg[28]'
INFO: [Synth 8-3886] merging instance 'u_csr/csr_cpucfg11_reg[4]' (FDRE) to 'u_csr/csr_cpucfg10_reg[4]'
INFO: [Synth 8-3886] merging instance 'u_csr/csr_cpucfg10_reg[4]' (FDRE) to 'u_csr/csr_cpucfg10_reg[5]'
INFO: [Synth 8-3886] merging instance 'u_csr/csr_cpucfg1_reg[4]' (FDSE) to 'u_csr/csr_cpucfg1_reg[16]'
INFO: [Synth 8-3333] propagating constant 0 across sequential element (u_csr/\csr_llbctl_reg[4] )
INFO: [Synth 8-3886] merging instance 'u_csr/csr_cpuid_reg[4]' (FDRE) to 'u_csr/csr_cpucfg10_reg[5]'
INFO: [Synth 8-3886] merging instance 'u_csr/csr_tlbehi_reg[4]' (FDE) to 'u_csr/csr_dmw0_reg[28]'
INFO: [Synth 8-3886] merging instance 'u_csr/csr_prmd_reg[4]' (FDE) to 'u_csr/csr_dmw0_reg[28]'
INFO: [Synth 8-3886] merging instance 'u_csr/csr_cpucfg11_reg[5]' (FDRE) to 'u_csr/csr_cpucfg10_reg[5]'
INFO: [Synth 8-3886] merging instance 'u_csr/csr_cpucfg10_reg[5]' (FDRE) to 'u_csr/csr_cpucfg10_reg[6]'
INFO: [Synth 8-3886] merging instance 'u_csr/csr_cpucfg1_reg[5]' (FDSE) to 'u_csr/csr_cpucfg1_reg[16]'
INFO: [Synth 8-3333] propagating constant 0 across sequential element (u_csr/\csr_llbctl_reg[5] )
INFO: [Synth 8-3886] merging instance 'u_csr/csr_cpuid_reg[5]' (FDRE) to 'u_csr/csr_cpucfg10_reg[6]'
INFO: [Synth 8-3886] merging instance 'u_csr/csr_tlbehi_reg[5]' (FDE) to 'u_csr/csr_dmw0_reg[28]'
INFO: [Synth 8-3886] merging instance 'u_csr/csr_tlbidx_reg[5]' (FDE) to 'u_csr/csr_dmw0_reg[28]'
INFO: [Synth 8-3886] merging instance 'u_csr/csr_prmd_reg[5]' (FDE) to 'u_csr/csr_dmw0_reg[28]'
INFO: [Synth 8-3886] merging instance 'u_csr/csr_cpucfg11_reg[6]' (FDRE) to 'u_csr/csr_cpucfg10_reg[6]'
INFO: [Synth 8-3886] merging instance 'u_csr/csr_cpucfg10_reg[6]' (FDRE) to 'u_csr/csr_cpucfg10_reg[7]'
INFO: [Synth 8-3886] merging instance 'u_csr/csr_cpucfg1_reg[6]' (FDSE) to 'u_csr/csr_cpucfg1_reg[16]'
INFO: [Synth 8-3886] merging instance 'u_csr/csr_dmw1_reg[6]' (FDE) to 'u_csr/csr_dmw0_reg[28]'
INFO: [Synth 8-3886] merging instance 'u_csr/csr_dmw0_reg[6]' (FDE) to 'u_csr/csr_dmw0_reg[28]'
INFO: [Synth 8-3333] propagating constant 0 across sequential element (u_csr/\csr_llbctl_reg[6] )
INFO: [Synth 8-3886] merging instance 'u_csr/csr_cpuid_reg[6]' (FDRE) to 'u_csr/csr_cpucfg10_reg[7]'
INFO: [Synth 8-3886] merging instance 'u_csr/csr_tlbehi_reg[6]' (FDE) to 'u_csr/csr_dmw0_reg[28]'
INFO: [Synth 8-3886] merging instance 'u_csr/csr_tlbidx_reg[6]' (FDE) to 'u_csr/csr_dmw0_reg[28]'
INFO: [Synth 8-3886] merging instance 'u_csr/csr_prmd_reg[6]' (FDE) to 'u_csr/csr_dmw0_reg[28]'
INFO: [Synth 8-3886] merging instance 'u_csr/csr_cpucfg11_reg[7]' (FDRE) to 'u_csr/csr_cpucfg10_reg[7]'
INFO: [Synth 8-3886] merging instance 'u_csr/csr_cpucfg10_reg[7]' (FDRE) to 'u_csr/csr_cpucfg10_reg[8]'
INFO: [Synth 8-3886] merging instance 'u_csr/csr_cpucfg1_reg[7]' (FDSE) to 'u_csr/csr_cpucfg1_reg[16]'
INFO: [Synth 8-3886] merging instance 'u_csr/csr_dmw1_reg[7]' (FDE) to 'u_csr/csr_dmw0_reg[28]'
INFO: [Synth 8-3886] merging instance 'u_csr/csr_dmw0_reg[7]' (FDE) to 'u_csr/csr_dmw0_reg[28]'
INFO: [Synth 8-3333] propagating constant 0 across sequential element (u_csr/\csr_llbctl_reg[7] )
INFO: [Synth 8-3886] merging instance 'u_csr/csr_cpuid_reg[7]' (FDRE) to 'u_csr/csr_cpucfg10_reg[8]'
INFO: [Synth 8-3886] merging instance 'u_csr/csr_tlbelo1_reg[7]' (FDE) to 'u_csr/csr_dmw0_reg[28]'
INFO: [Synth 8-3886] merging instance 'u_csr/csr_tlbelo0_reg[7]' (FDE) to 'u_csr/csr_dmw0_reg[28]'
INFO: [Synth 8-3886] merging instance 'u_csr/csr_tlbehi_reg[7]' (FDE) to 'u_csr/csr_dmw0_reg[28]'
INFO: [Synth 8-3886] merging instance 'u_csr/csr_tlbidx_reg[7]' (FDE) to 'u_csr/csr_dmw0_reg[28]'
INFO: [Synth 8-3886] merging instance 'u_csr/csr_prmd_reg[7]' (FDE) to 'u_csr/csr_dmw0_reg[28]'
INFO: [Synth 8-3886] merging instance 'u_csr/csr_cpucfg11_reg[8]' (FDRE) to 'u_csr/csr_cpucfg10_reg[8]'
INFO: [Synth 8-3886] merging instance 'u_csr/csr_cpucfg10_reg[8]' (FDRE) to 'u_csr/csr_cpucfg10_reg[9]'
INFO: [Synth 8-3886] merging instance 'u_csr/csr_cpucfg1_reg[8]' (FDSE) to 'u_csr/csr_cpucfg1_reg[16]'
INFO: [Synth 8-3886] merging instance 'u_csr/csr_dmw1_reg[8]' (FDE) to 'u_csr/csr_dmw0_reg[28]'
INFO: [Synth 8-3886] merging instance 'u_csr/csr_dmw0_reg[8]' (FDE) to 'u_csr/csr_dmw0_reg[28]'
INFO: [Synth 8-3333] propagating constant 0 across sequential element (u_csr/\csr_llbctl_reg[8] )
INFO: [Synth 8-3886] merging instance 'u_csr/csr_cpuid_reg[8]' (FDRE) to 'u_csr/csr_cpucfg10_reg[9]'
INFO: [Synth 8-3886] merging instance 'u_csr/csr_tlbehi_reg[8]' (FDE) to 'u_csr/csr_dmw0_reg[28]'
INFO: [Synth 8-3886] merging instance 'u_csr/csr_tlbidx_reg[8]' (FDE) to 'u_csr/csr_dmw0_reg[28]'
INFO: [Synth 8-3886] merging instance 'u_csr/csr_prmd_reg[8]' (FDE) to 'u_csr/csr_dmw0_reg[28]'
INFO: [Synth 8-3886] merging instance 'u_csr/csr_crmd_reg[9]' (FDE) to 'u_csr/csr_dmw0_reg[28]'
INFO: [Synth 8-3886] merging instance 'u_csr/csr_cpucfg11_reg[9]' (FDRE) to 'u_csr/csr_cpucfg10_reg[9]'
INFO: [Synth 8-3886] merging instance 'u_csr/csr_cpucfg10_reg[9]' (FDRE) to 'u_csr/csr_cpucfg10_reg[10]'
INFO: [Synth 8-3886] merging instance 'u_csr/csr_cpucfg1_reg[9]' (FDRE) to 'u_csr/csr_cpucfg10_reg[10]'
INFO: [Synth 8-3886] merging instance 'u_csr/csr_dmw1_reg[9]' (FDE) to 'u_csr/csr_dmw0_reg[28]'
INFO: [Common 17-14] Message 'Synth 8-3886' appears 100 times and further instances of the messages will be disabled. Use the Tcl command set_msg_config to change the current settings.
INFO: [Synth 8-3333] propagating constant 0 across sequential element (u_csr/\csr_llbctl_reg[9] )
INFO: [Common 17-14] Message 'Synth 8-3886' appears 100 times and further instances of the messages will be disabled. Use the Tcl command set_msg_config to change the current settings.
INFO: [Synth 8-3333] propagating constant 0 across sequential element (u_csr/\csr_llbctl_reg[10] )
INFO: [Synth 8-3333] propagating constant 0 across sequential element (u_csr/\csr_llbctl_reg[11] )
INFO: [Synth 8-3333] propagating constant 0 across sequential element (u_csr/\csr_llbctl_reg[12] )
INFO: [Synth 8-3333] propagating constant 0 across sequential element (u_csr/\csr_llbctl_reg[13] )
INFO: [Synth 8-3333] propagating constant 0 across sequential element (u_csr/\csr_ectl_reg[13] )
INFO: [Synth 8-3333] propagating constant 0 across sequential element (u_csr/\csr_llbctl_reg[14] )
INFO: [Synth 8-3333] propagating constant 0 across sequential element (u_csr/\csr_ectl_reg[14] )
INFO: [Synth 8-3333] propagating constant 0 across sequential element (u_csr/\csr_llbctl_reg[15] )
INFO: [Synth 8-3333] propagating constant 0 across sequential element (u_csr/\csr_ectl_reg[15] )
INFO: [Synth 8-3333] propagating constant 0 across sequential element (u_csr/\csr_llbctl_reg[16] )
INFO: [Synth 8-3333] propagating constant 0 across sequential element (u_csr/\csr_ectl_reg[16] )
INFO: [Synth 8-3333] propagating constant 0 across sequential element (u_csr/\csr_llbctl_reg[17] )
INFO: [Synth 8-3333] propagating constant 0 across sequential element (u_csr/\csr_ectl_reg[17] )
INFO: [Synth 8-3333] propagating constant 0 across sequential element (u_csr/\csr_llbctl_reg[18] )
INFO: [Synth 8-3333] propagating constant 0 across sequential element (u_csr/\csr_ectl_reg[18] )
INFO: [Synth 8-3333] propagating constant 0 across sequential element (u_csr/\csr_llbctl_reg[19] )
INFO: [Synth 8-3333] propagating constant 1 across sequential element (u_csr/\csr_asid_reg[19] )
INFO: [Synth 8-3333] propagating constant 0 across sequential element (u_csr/\csr_ectl_reg[19] )
INFO: [Synth 8-3333] propagating constant 0 across sequential element (u_csr/\csr_llbctl_reg[20] )
INFO: [Synth 8-3333] propagating constant 0 across sequential element (u_csr/\csr_ectl_reg[20] )
INFO: [Synth 8-3333] propagating constant 0 across sequential element (u_csr/\csr_llbctl_reg[21] )
INFO: [Synth 8-3333] propagating constant 0 across sequential element (u_csr/\csr_ectl_reg[21] )
INFO: [Synth 8-3333] propagating constant 0 across sequential element (u_csr/\csr_llbctl_reg[22] )
INFO: [Synth 8-3333] propagating constant 0 across sequential element (u_csr/\csr_ectl_reg[22] )
INFO: [Synth 8-3333] propagating constant 0 across sequential element (u_csr/\csr_llbctl_reg[23] )
INFO: [Synth 8-3333] propagating constant 0 across sequential element (u_csr/\csr_ectl_reg[23] )
INFO: [Synth 8-3333] propagating constant 0 across sequential element (u_csr/\csr_llbctl_reg[24] )
INFO: [Synth 8-3333] propagating constant 0 across sequential element (u_csr/\csr_ectl_reg[24] )
INFO: [Synth 8-3333] propagating constant 0 across sequential element (u_csr/\csr_llbctl_reg[25] )
INFO: [Synth 8-3333] propagating constant 0 across sequential element (u_csr/\csr_ectl_reg[25] )
INFO: [Synth 8-3333] propagating constant 1 across sequential element (u_csr/\csr_cpucfg11_reg[26] )
INFO: [Synth 8-3333] propagating constant 0 across sequential element (u_csr/\csr_llbctl_reg[26] )
INFO: [Synth 8-3333] propagating constant 0 across sequential element (u_csr/\csr_ectl_reg[26] )
INFO: [Synth 8-3333] propagating constant 0 across sequential element (u_csr/\csr_llbctl_reg[27] )
INFO: [Synth 8-3333] propagating constant 0 across sequential element (u_csr/\csr_ectl_reg[27] )
INFO: [Synth 8-3333] propagating constant 0 across sequential element (u_csr/\csr_llbctl_reg[28] )
INFO: [Synth 8-3333] propagating constant 0 across sequential element (u_csr/\csr_ectl_reg[28] )
INFO: [Synth 8-3333] propagating constant 0 across sequential element (u_csr/\csr_llbctl_reg[29] )
INFO: [Synth 8-3333] propagating constant 0 across sequential element (u_csr/\csr_ectl_reg[29] )
INFO: [Synth 8-3333] propagating constant 0 across sequential element (u_csr/\csr_llbctl_reg[30] )
INFO: [Synth 8-3333] propagating constant 0 across sequential element (u_csr/\csr_estat_reg[30] )
INFO: [Synth 8-3333] propagating constant 0 across sequential element (u_csr/\csr_ectl_reg[30] )
INFO: [Synth 8-3333] propagating constant 0 across sequential element (u_csr/\csr_llbctl_reg[31] )
INFO: [Synth 8-3333] propagating constant 0 across sequential element (u_csr/\csr_cpuid_reg[31] )
INFO: [Synth 8-3333] propagating constant 0 across sequential element (u_csr/\csr_ectl_reg[31] )
INFO: [Synth 8-3333] propagating constant 0 across sequential element (u_csr/\csr_ectl_reg[10] )
INFO: [Synth 8-3333] propagating constant 0 across sequential element (u_csr/\csr_estat_reg[10] )
INFO: [Common 17-14] Message 'Synth 8-3886' appears 100 times and further instances of the messages will be disabled. Use the Tcl command set_msg_config to change the current settings.
INFO: [Synth 8-5542] Attribute ram_style/rom_style = distributed specified for ROM  "p_0_out". This will be implemented in logic
INFO: [Synth 8-5542] Attribute ram_style/rom_style = distributed specified for ROM  "p_0_out". This will be implemented in logic
INFO: [Synth 8-7031] Trying to map ROM "p_0_out" into Block RAM due to explicit "ram_style" or "rom_style" specification
INFO: [Synth 8-7031] Trying to map ROM "p_0_out" into Block RAM due to explicit "ram_style" or "rom_style" specification
INFO: [Synth 8-5542] Attribute ram_style/rom_style = distributed specified for ROM  "p_0_out". This will be implemented in logic
INFO: [Synth 8-5542] Attribute ram_style/rom_style = distributed specified for ROM  "p_0_out". This will be implemented in logic
INFO: [Synth 8-7031] Trying to map ROM "p_0_out" into Block RAM due to explicit "ram_style" or "rom_style" specification
INFO: [Synth 8-7031] Trying to map ROM "p_0_out" into Block RAM due to explicit "ram_style" or "rom_style" specification
INFO: [Synth 8-7031] Trying to map ROM "p_0_out" into Block RAM due to explicit "ram_style" or "rom_style" specification
INFO: [Synth 8-3333] propagating constant 0 across sequential element (\state_q_reg[4] )
WARNING: [Synth 8-6849] Infeasible attribute ram_style = "block" set for RAM "nh3_cnn_lstm_core__GB11/input_mem_reg",trying to implement using LUTRAM
WARNING: [Synth 8-6849] Infeasible attribute ram_style = "block" set for RAM "nh3_cnn_lstm_core__GB11/input_mem_reg",trying to implement using LUTRAM
INFO: [Synth 8-3333] propagating constant 0 across sequential element (\dense_mem_reg[31][15] )
INFO: [Synth 8-3333] propagating constant 0 across sequential element (\dense_mem_reg[30][15] )
INFO: [Synth 8-3333] propagating constant 0 across sequential element (\dense_mem_reg[29][15] )
INFO: [Synth 8-3333] propagating constant 0 across sequential element (\dense_mem_reg[28][15] )
INFO: [Synth 8-3333] propagating constant 0 across sequential element (\dense_mem_reg[27][15] )
INFO: [Synth 8-3333] propagating constant 0 across sequential element (\dense_mem_reg[26][15] )
INFO: [Synth 8-3333] propagating constant 0 across sequential element (\dense_mem_reg[25][15] )
INFO: [Synth 8-3333] propagating constant 0 across sequential element (\dense_mem_reg[24][15] )
INFO: [Synth 8-3333] propagating constant 0 across sequential element (\dense_mem_reg[23][15] )
INFO: [Synth 8-3333] propagating constant 0 across sequential element (\dense_mem_reg[22][15] )
INFO: [Synth 8-3333] propagating constant 0 across sequential element (\dense_mem_reg[21][15] )
INFO: [Synth 8-3333] propagating constant 0 across sequential element (\dense_mem_reg[20][15] )
INFO: [Synth 8-3333] propagating constant 0 across sequential element (\dense_mem_reg[19][15] )
INFO: [Synth 8-3333] propagating constant 0 across sequential element (\dense_mem_reg[18][15] )
INFO: [Synth 8-3333] propagating constant 0 across sequential element (\dense_mem_reg[17][15] )
INFO: [Synth 8-3333] propagating constant 0 across sequential element (\dense_mem_reg[15][15] )
INFO: [Synth 8-3333] propagating constant 0 across sequential element (\dense_mem_reg[14][15] )
INFO: [Synth 8-3333] propagating constant 0 across sequential element (\dense_mem_reg[13][15] )
INFO: [Synth 8-3333] propagating constant 0 across sequential element (\dense_mem_reg[12][15] )
INFO: [Synth 8-3333] propagating constant 0 across sequential element (\dense_mem_reg[11][15] )
INFO: [Synth 8-3333] propagating constant 0 across sequential element (\dense_mem_reg[10][15] )
INFO: [Synth 8-3333] propagating constant 0 across sequential element (\dense_mem_reg[9][15] )
INFO: [Synth 8-3333] propagating constant 0 across sequential element (\dense_mem_reg[7][15] )
INFO: [Synth 8-3333] propagating constant 0 across sequential element (\dense_mem_reg[6][15] )
INFO: [Synth 8-3333] propagating constant 0 across sequential element (\dense_mem_reg[5][15] )
INFO: [Synth 8-3333] propagating constant 0 across sequential element (\dense_mem_reg[3][15] )
INFO: [Synth 8-3333] propagating constant 0 across sequential element (\dense_mem_reg[0][15] )
INFO: [Synth 8-3333] propagating constant 0 across sequential element (\dst_base_reg[1] )
INFO: [Synth 8-3333] propagating constant 0 across sequential element (\src_base_reg[1] )
INFO: [Synth 8-3333] propagating constant 0 across sequential element (auto_start_pending_reg)
INFO: [Synth 8-3333] propagating constant 0 across sequential element (\m_awlen_r_reg[0] )
INFO: [Synth 8-3333] propagating constant 0 across sequential element (\m_awlen_r_reg[1] )
INFO: [Synth 8-3333] propagating constant 0 across sequential element (\m_awlen_r_reg[2] )
INFO: [Synth 8-3333] propagating constant 0 across sequential element (\m_awlen_r_reg[3] )
INFO: [Synth 8-3333] propagating constant 0 across sequential element (\m_awlen_r_reg[4] )
INFO: [Synth 8-3333] propagating constant 0 across sequential element (\m_awlen_r_reg[5] )
INFO: [Synth 8-3333] propagating constant 0 across sequential element (\m_awlen_r_reg[6] )
INFO: [Synth 8-3333] propagating constant 0 across sequential element (\m_awlen_r_reg[7] )
INFO: [Synth 8-3333] propagating constant 0 across sequential element (\m_awaddr_r_reg[0] )
INFO: [Synth 8-3333] propagating constant 0 across sequential element (\m_awaddr_r_reg[1] )
INFO: [Common 17-14] Message 'Synth 8-3333' appears 100 times and further instances of the messages will be disabled. Use the Tcl command set_msg_config to change the current settings.
INFO: [Synth 8-5544] ROM "uart0/regs/receiver/toc_value" won't be mapped to Block RAM because address size (4) smaller than threshold (5)
INFO: [Synth 8-5544] ROM "uart0/regs/receiver/" won't be mapped to Block RAM because address size (2) smaller than threshold (5)
INFO: [Synth 8-5544] ROM "uart0/regs/block_value" won't be mapped to Block RAM because address size (4) smaller than threshold (5)
INFO: [Common 17-14] Message 'Synth 8-3331' appears 100 times and further instances of the messages will be disabled. Use the Tcl command set_msg_config to change the current settings.
RAM Pipeline Warning: Read Address Register Found For RAM u_fpga_sram/BRAM_reg. We will not be able to pipeline it. This may degrade performance. 
RAM Pipeline Warning: Read Address Register Found For RAM u_fpga_sram/BRAM_reg. We will not be able to pipeline it. This may degrade performance. 
INFO: [Synth 8-6430] The Block RAM "u_axi_ram/u_fpga_sram/BRAM_reg" may get memory collision error if read and write address collide. Use attribute (* rw_addr_collision= "yes" *) to avoid collision 
WARNING: [Synth 8-6841] Block RAM (u_fpga_sram/BRAM_reg) originally specified as a Byte Wide Write Enable RAM cannot take advantage of ByteWide feature and is implemented with single write enable per RAM due to following reason.
(address width (18) is more than optimal threshold of 12. Implementing using BWWE will require more logic and timing would be suboptimal. Please use attribute ram_decomp = power if BWWE is desired.)
RAM Pipeline Warning: Read Address Register Found For RAM u_fpga_sram/BRAM_reg. We will not be able to pipeline it. This may degrade performance. 
INFO: [Common 17-14] Message 'Synth 8-3333' appears 100 times and further instances of the messages will be disabled. Use the Tcl command set_msg_config to change the current settings.
WARNING: [Synth 8-3332] Sequential element (u_fpga_sram/BRAM_reg_0_mux_sel__7) is unused and will be removed from module axi_wrap_ram_sp.
WARNING: [Synth 8-3332] Sequential element (u_fpga_sram/BRAM_reg_0_mux_sel__8) is unused and will be removed from module axi_wrap_ram_sp.
WARNING: [Synth 8-3332] Sequential element (u_fpga_sram/BRAM_reg_0_mux_sel__9) is unused and will be removed from module axi_wrap_ram_sp.
WARNING: [Synth 8-3332] Sequential element (u_fpga_sram/BRAM_reg_0_mux_sel__10) is unused and will be removed from module axi_wrap_ram_sp.
WARNING: [Synth 8-3332] Sequential element (u_fpga_sram/BRAM_reg_0_mux_sel__11) is unused and will be removed from module axi_wrap_ram_sp.
WARNING: [Synth 8-3332] Sequential element (u_fpga_sram/BRAM_reg_0_mux_sel__12) is unused and will be removed from module axi_wrap_ram_sp.
WARNING: [Synth 8-3332] Sequential element (u_fpga_sram/BRAM_reg_0_mux_sel__13) is unused and will be removed from module axi_wrap_ram_sp.
WARNING: [Synth 8-3332] Sequential element (u_fpga_sram/BRAM_reg_0_mux_sel__14) is unused and will be removed from module axi_wrap_ram_sp.
WARNING: [Synth 8-3332] Sequential element (u_fpga_sram/BRAM_reg_0_mux_sel__23) is unused and will be removed from module axi_wrap_ram_sp.
WARNING: [Synth 8-3332] Sequential element (u_fpga_sram/BRAM_reg_0_mux_sel__24) is unused and will be removed from module axi_wrap_ram_sp.
WARNING: [Synth 8-3332] Sequential element (u_fpga_sram/BRAM_reg_0_mux_sel__25) is unused and will be removed from module axi_wrap_ram_sp.
WARNING: [Synth 8-3332] Sequential element (u_fpga_sram/BRAM_reg_0_mux_sel__26) is unused and will be removed from module axi_wrap_ram_sp.
WARNING: [Synth 8-3332] Sequential element (u_fpga_sram/BRAM_reg_0_mux_sel__27) is unused and will be removed from module axi_wrap_ram_sp.
WARNING: [Synth 8-3332] Sequential element (u_fpga_sram/BRAM_reg_0_mux_sel__28) is unused and will be removed from module axi_wrap_ram_sp.
WARNING: [Synth 8-3332] Sequential element (u_fpga_sram/BRAM_reg_0_mux_sel__29) is unused and will be removed from module axi_wrap_ram_sp.
WARNING: [Synth 8-3332] Sequential element (u_fpga_sram/BRAM_reg_0_mux_sel__30) is unused and will be removed from module axi_wrap_ram_sp.
WARNING: [Synth 8-3332] Sequential element (u_fpga_sram/BRAM_reg_1_mux_sel__7) is unused and will be removed from module axi_wrap_ram_sp.
WARNING: [Synth 8-3332] Sequential element (u_fpga_sram/BRAM_reg_1_mux_sel__8) is unused and will be removed from module axi_wrap_ram_sp.
WARNING: [Synth 8-3332] Sequential element (u_fpga_sram/BRAM_reg_1_mux_sel__9) is unused and will be removed from module axi_wrap_ram_sp.
WARNING: [Synth 8-3332] Sequential element (u_fpga_sram/BRAM_reg_1_mux_sel__10) is unused and will be removed from module axi_wrap_ram_sp.
WARNING: [Synth 8-3332] Sequential element (u_fpga_sram/BRAM_reg_1_mux_sel__11) is unused and will be removed from module axi_wrap_ram_sp.
WARNING: [Synth 8-3332] Sequential element (u_fpga_sram/BRAM_reg_1_mux_sel__12) is unused and will be removed from module axi_wrap_ram_sp.
WARNING: [Synth 8-3332] Sequential element (u_fpga_sram/BRAM_reg_1_mux_sel__13) is unused and will be removed from module axi_wrap_ram_sp.
WARNING: [Synth 8-3332] Sequential element (u_fpga_sram/BRAM_reg_1_mux_sel__14) is unused and will be removed from module axi_wrap_ram_sp.
WARNING: [Synth 8-3332] Sequential element (u_fpga_sram/BRAM_reg_1_mux_sel__23) is unused and will be removed from module axi_wrap_ram_sp.
WARNING: [Synth 8-3332] Sequential element (u_fpga_sram/BRAM_reg_1_mux_sel__24) is unused and will be removed from module axi_wrap_ram_sp.
WARNING: [Synth 8-3332] Sequential element (u_fpga_sram/BRAM_reg_1_mux_sel__25) is unused and will be removed from module axi_wrap_ram_sp.
WARNING: [Synth 8-3332] Sequential element (u_fpga_sram/BRAM_reg_1_mux_sel__26) is unused and will be removed from module axi_wrap_ram_sp.
WARNING: [Synth 8-3332] Sequential element (u_fpga_sram/BRAM_reg_1_mux_sel__27) is unused and will be removed from module axi_wrap_ram_sp.
WARNING: [Synth 8-3332] Sequential element (u_fpga_sram/BRAM_reg_1_mux_sel__28) is unused and will be removed from module axi_wrap_ram_sp.
WARNING: [Synth 8-3332] Sequential element (u_fpga_sram/BRAM_reg_1_mux_sel__29) is unused and will be removed from module axi_wrap_ram_sp.
WARNING: [Synth 8-3332] Sequential element (u_fpga_sram/BRAM_reg_1_mux_sel__30) is unused and will be removed from module axi_wrap_ram_sp.
WARNING: [Synth 8-3332] Sequential element (u_fpga_sram/BRAM_reg_2_mux_sel__7) is unused and will be removed from module axi_wrap_ram_sp.
WARNING: [Synth 8-3332] Sequential element (u_fpga_sram/BRAM_reg_2_mux_sel__8) is unused and will be removed from module axi_wrap_ram_sp.
WARNING: [Synth 8-3332] Sequential element (u_fpga_sram/BRAM_reg_2_mux_sel__9) is unused and will be removed from module axi_wrap_ram_sp.
WARNING: [Synth 8-3332] Sequential element (u_fpga_sram/BRAM_reg_2_mux_sel__10) is unused and will be removed from module axi_wrap_ram_sp.
WARNING: [Synth 8-3332] Sequential element (u_fpga_sram/BRAM_reg_2_mux_sel__11) is unused and will be removed from module axi_wrap_ram_sp.
WARNING: [Synth 8-3332] Sequential element (u_fpga_sram/BRAM_reg_2_mux_sel__12) is unused and will be removed from module axi_wrap_ram_sp.
WARNING: [Synth 8-3332] Sequential element (u_fpga_sram/BRAM_reg_2_mux_sel__13) is unused and will be removed from module axi_wrap_ram_sp.
WARNING: [Synth 8-3332] Sequential element (u_fpga_sram/BRAM_reg_2_mux_sel__14) is unused and will be removed from module axi_wrap_ram_sp.
WARNING: [Synth 8-3332] Sequential element (u_fpga_sram/BRAM_reg_2_mux_sel__23) is unused and will be removed from module axi_wrap_ram_sp.
WARNING: [Synth 8-3332] Sequential element (u_fpga_sram/BRAM_reg_2_mux_sel__24) is unused and will be removed from module axi_wrap_ram_sp.
WARNING: [Synth 8-3332] Sequential element (u_fpga_sram/BRAM_reg_2_mux_sel__25) is unused and will be removed from module axi_wrap_ram_sp.
WARNING: [Synth 8-3332] Sequential element (u_fpga_sram/BRAM_reg_2_mux_sel__26) is unused and will be removed from module axi_wrap_ram_sp.
WARNING: [Synth 8-3332] Sequential element (u_fpga_sram/BRAM_reg_2_mux_sel__27) is unused and will be removed from module axi_wrap_ram_sp.
WARNING: [Synth 8-3332] Sequential element (u_fpga_sram/BRAM_reg_2_mux_sel__28) is unused and will be removed from module axi_wrap_ram_sp.
WARNING: [Synth 8-3332] Sequential element (u_fpga_sram/BRAM_reg_2_mux_sel__29) is unused and will be removed from module axi_wrap_ram_sp.
WARNING: [Synth 8-3332] Sequential element (u_fpga_sram/BRAM_reg_2_mux_sel__30) is unused and will be removed from module axi_wrap_ram_sp.
WARNING: [Synth 8-3332] Sequential element (u_fpga_sram/BRAM_reg_3_mux_sel__7) is unused and will be removed from module axi_wrap_ram_sp.
WARNING: [Synth 8-3332] Sequential element (u_fpga_sram/BRAM_reg_3_mux_sel__8) is unused and will be removed from module axi_wrap_ram_sp.
WARNING: [Synth 8-3332] Sequential element (u_fpga_sram/BRAM_reg_3_mux_sel__9) is unused and will be removed from module axi_wrap_ram_sp.
WARNING: [Synth 8-3332] Sequential element (u_fpga_sram/BRAM_reg_3_mux_sel__10) is unused and will be removed from module axi_wrap_ram_sp.
WARNING: [Synth 8-3332] Sequential element (u_fpga_sram/BRAM_reg_3_mux_sel__11) is unused and will be removed from module axi_wrap_ram_sp.
WARNING: [Synth 8-3332] Sequential element (u_fpga_sram/BRAM_reg_3_mux_sel__12) is unused and will be removed from module axi_wrap_ram_sp.
WARNING: [Synth 8-3332] Sequential element (u_fpga_sram/BRAM_reg_3_mux_sel__13) is unused and will be removed from module axi_wrap_ram_sp.
WARNING: [Synth 8-3332] Sequential element (u_fpga_sram/BRAM_reg_3_mux_sel__14) is unused and will be removed from module axi_wrap_ram_sp.
WARNING: [Synth 8-3332] Sequential element (u_fpga_sram/BRAM_reg_3_mux_sel__23) is unused and will be removed from module axi_wrap_ram_sp.
WARNING: [Synth 8-3332] Sequential element (u_fpga_sram/BRAM_reg_3_mux_sel__24) is unused and will be removed from module axi_wrap_ram_sp.
WARNING: [Synth 8-3332] Sequential element (u_fpga_sram/BRAM_reg_3_mux_sel__25) is unused and will be removed from module axi_wrap_ram_sp.
WARNING: [Synth 8-3332] Sequential element (u_fpga_sram/BRAM_reg_3_mux_sel__26) is unused and will be removed from module axi_wrap_ram_sp.
WARNING: [Synth 8-3332] Sequential element (u_fpga_sram/BRAM_reg_3_mux_sel__27) is unused and will be removed from module axi_wrap_ram_sp.
WARNING: [Synth 8-3332] Sequential element (u_fpga_sram/BRAM_reg_3_mux_sel__28) is unused and will be removed from module axi_wrap_ram_sp.
WARNING: [Synth 8-3332] Sequential element (u_fpga_sram/BRAM_reg_3_mux_sel__29) is unused and will be removed from module axi_wrap_ram_sp.
WARNING: [Synth 8-3332] Sequential element (u_fpga_sram/BRAM_reg_3_mux_sel__30) is unused and will be removed from module axi_wrap_ram_sp.
INFO: [Synth 8-5544] ROM "line_char" won't be mapped to Block RAM because address size (4) smaller than threshold (5)
---------------------------------------------------------------------------------
Finished Cross Boundary and Area Optimization : Time (s): cpu = 00:05:00 ; elapsed = 00:05:14 . Memory (MB): peak = 1695.219 ; gain = 1078.938
---------------------------------------------------------------------------------
---------------------------------------------------------------------------------
Start ROM, RAM, DSP and Shift Register Reporting
---------------------------------------------------------------------------------

ROM:
+--------------------+--------------------+---------------+----------------+
|Module Name         | RTL Object         | Depth x Width | Implemented As | 
+--------------------+--------------------+---------------+----------------+
|nh3_cnn_lstm_core   | p_0_out            | 32x12         | LUT            | 
|nh3_cnn_lstm_core   | p_0_out            | 2048x12       | LUT            | 
|nh3_cnn_lstm_core   | p_0_out            | 16384x12      | LUT            | 
|nh3_cnn_lstm_core   | p_0_out            | 32x9          | LUT            | 
|nh3_cnn_lstm_core   | p_0_out            | 8192x12       | LUT            | 
|nh3_cnn_lstm_core   | p_0_out            | 256x13        | LUT            | 
|nh3_cnn_lstm_core   | p_0_out            | 8192x12       | LUT            | 
|nh3_cnn_lstm_core   | p_0_out            | 32x11         | LUT            | 
|nh3_cnn_lstm_core   | p_0_out            | 1024x14       | LUT            | 
|nh3_cnn_lstm_core   | p_0_out            | 1024x13       | LUT            | 
|nh3_cnn_lstm_core   | p_0_out            | 1024x13       | LUT            | 
|nh3_cnn_lstm_core   | p_0_out            | 1024x14       | LUT            | 
|nh3_cnn_lstm_core   | p_0_out            | 1024x13       | LUT            | 
|nh3_demo_display    | symbol_to_segments | 32x7          | LUT            | 
|nh3_lcd_ui_renderer | bits               | 128x35        | LUT            | 
|nh3_lcd_ui_renderer | bits               | 64x118        | LUT            | 
|nt35510_lcd_demo    | gamma_data         | 64x8          | LUT            | 
|nh3_cnn_lstm_core   | p_0_out            | 1024x13       | LUT            | 
|nh3_cnn_lstm_core   | p_0_out            | 1024x14       | LUT            | 
|nh3_cnn_lstm_core   | p_0_out            | 1024x13       | LUT            | 
|nh3_demo_soc_top    | gamma_data         | 64x8          | LUT            | 
|nh3_demo_display    | symbol_to_segments | 32x7          | LUT            | 
+--------------------+--------------------+---------------+----------------+


Block RAM: Preliminary Mapping	Report (see note below)
+-----------------+------------------------------------------------+------------------------+---+---+-------------------------+---+---+------------------+--------+--------+
|Module Name      | RTL Object                                     | PORT A (Depth x Width) | W | R | PORT B (Depth x Width)  | W | R | Ports driving FF | RAMB18 | RAMB36 | 
+-----------------+------------------------------------------------+------------------------+---+---+-------------------------+---+---+------------------+--------+--------+
|icache           | tagv_ram_way[0].u/mem_reg_reg                  | 256 x 21(NO_CHANGE)    | W | R |                         |   |   | Port A           | 1      | 0      | 
|icache           | tagv_ram_way[1].u/mem_reg_reg                  | 256 x 21(NO_CHANGE)    | W | R |                         |   |   | Port A           | 1      | 0      | 
|icache           | data_ram_way[1].data_ram_bank[0].u/mem_reg_reg | 256 x 32(READ_FIRST)   | W |   | 256 x 32(WRITE_FIRST)   |   | R | Port A and B     | 1      | 0      | 
|icache           | data_ram_way[1].data_ram_bank[1].u/mem_reg_reg | 256 x 32(READ_FIRST)   | W |   | 256 x 32(WRITE_FIRST)   |   | R | Port A and B     | 1      | 0      | 
|icache           | data_ram_way[1].data_ram_bank[3].u/mem_reg_reg | 256 x 32(READ_FIRST)   | W |   | 256 x 32(WRITE_FIRST)   |   | R | Port A and B     | 1      | 0      | 
|icache           | data_ram_way[1].data_ram_bank[2].u/mem_reg_reg | 256 x 32(READ_FIRST)   | W |   | 256 x 32(WRITE_FIRST)   |   | R | Port A and B     | 1      | 0      | 
|icache           | data_ram_way[0].data_ram_bank[0].u/mem_reg_reg | 256 x 32(READ_FIRST)   | W |   | 256 x 32(WRITE_FIRST)   |   | R | Port A and B     | 1      | 0      | 
|icache           | data_ram_way[0].data_ram_bank[1].u/mem_reg_reg | 256 x 32(READ_FIRST)   | W |   | 256 x 32(WRITE_FIRST)   |   | R | Port A and B     | 1      | 0      | 
|icache           | data_ram_way[0].data_ram_bank[3].u/mem_reg_reg | 256 x 32(READ_FIRST)   | W |   | 256 x 32(WRITE_FIRST)   |   | R | Port A and B     | 1      | 0      | 
|icache           | data_ram_way[0].data_ram_bank[2].u/mem_reg_reg | 256 x 32(READ_FIRST)   | W |   | 256 x 32(WRITE_FIRST)   |   | R | Port A and B     | 1      | 0      | 
|dcache           | tagv_ram_way[0].u/mem_reg_reg                  | 256 x 21(NO_CHANGE)    | W | R |                         |   |   | Port A           | 1      | 0      | 
|dcache           | tagv_ram_way[1].u/mem_reg_reg                  | 256 x 21(NO_CHANGE)    | W | R |                         |   |   | Port A           | 1      | 0      | 
|dcache           | data_ram_way[0].data_ram_bank[0].u/mem_reg_reg | 256 x 32(READ_FIRST)   | W |   | 256 x 32(WRITE_FIRST)   |   | R | Port A and B     | 1      | 0      | 
|dcache           | data_ram_way[0].data_ram_bank[1].u/mem_reg_reg | 256 x 32(READ_FIRST)   | W |   | 256 x 32(WRITE_FIRST)   |   | R | Port A and B     | 1      | 0      | 
|dcache           | data_ram_way[0].data_ram_bank[2].u/mem_reg_reg | 256 x 32(READ_FIRST)   | W |   | 256 x 32(WRITE_FIRST)   |   | R | Port A and B     | 1      | 0      | 
|dcache           | data_ram_way[0].data_ram_bank[3].u/mem_reg_reg | 256 x 32(READ_FIRST)   | W |   | 256 x 32(WRITE_FIRST)   |   | R | Port A and B     | 1      | 0      | 
|dcache           | data_ram_way[1].data_ram_bank[0].u/mem_reg_reg | 256 x 32(READ_FIRST)   | W |   | 256 x 32(WRITE_FIRST)   |   | R | Port A and B     | 1      | 0      | 
|dcache           | data_ram_way[1].data_ram_bank[1].u/mem_reg_reg | 256 x 32(READ_FIRST)   | W |   | 256 x 32(WRITE_FIRST)   |   | R | Port A and B     | 1      | 0      | 
|dcache           | data_ram_way[1].data_ram_bank[2].u/mem_reg_reg | 256 x 32(READ_FIRST)   | W |   | 256 x 32(WRITE_FIRST)   |   | R | Port A and B     | 1      | 0      | 
|dcache           | data_ram_way[1].data_ram_bank[3].u/mem_reg_reg | 256 x 32(READ_FIRST)   | W |   | 256 x 32(WRITE_FIRST)   |   | R | Port A and B     | 1      | 0      | 
|nh3_demo_soc_top | u_nh3_input_buffer/mem_reg                     | 4 K x 16(READ_FIRST)   | W |   | 4 K x 16(WRITE_FIRST)   |   | R | Port A and B     | 0      | 2      | 
|u_axi_ram        | u_fpga_sram/BRAM_reg                           | 256 K x 32(READ_FIRST) | W |   | 256 K x 32(WRITE_FIRST) |   | R | Port A and B     | 0      | 256    | 
|u_dma_top        | u_dma_master/data_buffer_reg                   | 32 x 32(READ_FIRST)    | W |   | 32 x 32(WRITE_FIRST)    |   | R | Port A and B     | 1      | 0      | 
+-----------------+------------------------------------------------+------------------------+---+---+-------------------------+---+---+------------------+--------+--------+

Note: The table above is a preliminary report that shows the Block RAMs at the current stage of the synthesis flow. Some Block RAMs may be reimplemented as non Block RAM primitives later in the synthesis flow. Multiple instantiated Block RAMs are reported only once. 

Distributed RAM: Preliminary Mapping	Report (see note below)
+--------------------------------------------+------------------------------------------------------------------------+----------------+----------------------+-----------------------------+
|Module Name                                 | RTL Object                                                             | Inference      | Size (Depth x Width) | Primitives                  | 
+--------------------------------------------+------------------------------------------------------------------------+----------------+----------------------+-----------------------------+
|id_stage                                    | u_regfile/rf_reg                                                       | Implied        | 32 x 32              | RAM32M x 12	                | 
|addr_trans/tlb_entry                        | tlb_ppn0_reg                                                           | Implied        | 32 x 20              | RAM32M x 12	                | 
|addr_trans/tlb_entry                        | tlb_ppn1_reg                                                           | Implied        | 32 x 20              | RAM32M x 12	                | 
|addr_trans/tlb_entry                        | tlb_v0_reg                                                             | Implied        | 32 x 1               | RAM32X1D x 3	               | 
|addr_trans/tlb_entry                        | tlb_v1_reg                                                             | Implied        | 32 x 1               | RAM32X1D x 3	               | 
|addr_trans/tlb_entry                        | tlb_d0_reg                                                             | Implied        | 32 x 1               | RAM32X1D x 3	               | 
|addr_trans/tlb_entry                        | tlb_d1_reg                                                             | Implied        | 32 x 1               | RAM32X1D x 3	               | 
|addr_trans/tlb_entry                        | tlb_mat0_reg                                                           | Implied        | 32 x 2               | RAM32X1D x 6	               | 
|addr_trans/tlb_entry                        | tlb_mat1_reg                                                           | Implied        | 32 x 2               | RAM32X1D x 6	               | 
|addr_trans/tlb_entry                        | tlb_plv0_reg                                                           | Implied        | 32 x 2               | RAM32X1D x 6	               | 
|addr_trans/tlb_entry                        | tlb_plv1_reg                                                           | Implied        | 32 x 2               | RAM32X1D x 6	               | 
|dcache                                      | way_d_reg_reg                                                          | Implied        | 256 x 2              | RAM128X1D x 8	              | 
|btb                                         | btb_target_reg                                                         | Implied        | 32 x 30              | RAM32M x 15	                | 
|btb                                         | ras_reg                                                                | Implied        | 8 x 30               | RAM32M x 5	                 | 
|\u_soc/u_nh3_axi_slave/u_nh3_cnn_lstm_core  | conv_mem_reg                                                           | Implied        | 4 K x 16             | RAM64X1D x 72	RAM64M x 360	 | 
|\u_soc/u_nh3_axi_slave/u_nh3_cnn_lstm_core  | pool_mem_reg                                                           | Implied        | 2 K x 16             | RAM64X1D x 18	RAM64M x 90	  | 
|nh3_cnn_lstm_core__GB11                     | input_mem_reg                                                          | Implied        | 4 K x 16             | RAM64X1D x 58	RAM64M x 290	 | 
|matmul_axi_slave__GC0                       | buf0_a0_reg                                                            | Implied        | 32 x 32              | RAM32M x 6	                 | 
|matmul_axi_slave__GC0                       | buf1_a0_reg                                                            | Implied        | 32 x 32              | RAM32M x 6	                 | 
|matmul_axi_slave__GC0                       | buf0_a1_reg                                                            | Implied        | 32 x 32              | RAM32M x 6	                 | 
|matmul_axi_slave__GC0                       | buf1_a1_reg                                                            | Implied        | 32 x 32              | RAM32M x 6	                 | 
|matmul_axi_slave__GC0                       | buf0_a2_reg                                                            | Implied        | 32 x 32              | RAM32M x 6	                 | 
|matmul_axi_slave__GC0                       | buf1_a2_reg                                                            | Implied        | 32 x 32              | RAM32M x 6	                 | 
|matmul_axi_slave__GC0                       | buf0_a3_reg                                                            | Implied        | 32 x 32              | RAM32M x 6	                 | 
|matmul_axi_slave__GC0                       | buf1_a3_reg                                                            | Implied        | 32 x 32              | RAM32M x 6	                 | 
|matmul_axi_slave__GC0                       | buf0_b0_reg                                                            | Implied        | 32 x 32              | RAM32M x 6	                 | 
|matmul_axi_slave__GC0                       | buf1_b0_reg                                                            | Implied        | 32 x 32              | RAM32M x 6	                 | 
|matmul_axi_slave__GC0                       | buf0_b1_reg                                                            | Implied        | 32 x 32              | RAM32M x 6	                 | 
|matmul_axi_slave__GC0                       | buf1_b1_reg                                                            | Implied        | 32 x 32              | RAM32M x 6	                 | 
|matmul_axi_slave__GC0                       | buf0_b2_reg                                                            | Implied        | 32 x 32              | RAM32M x 6	                 | 
|matmul_axi_slave__GC0                       | buf1_b2_reg                                                            | Implied        | 32 x 32              | RAM32M x 6	                 | 
|matmul_axi_slave__GC0                       | buf0_b3_reg                                                            | Implied        | 32 x 32              | RAM32M x 6	                 | 
|matmul_axi_slave__GC0                       | buf1_b3_reg                                                            | Implied        | 32 x 32              | RAM32M x 6	                 | 
|u_AxiCrossbar_2x8                           | axi4WriteOnlyArbiter_4/cmdRouteFork_translated_fifo/fifo/logic_ram_reg | User Attribute | 4 x 1                | RAM16X1D x 1	               | 
|u_AxiCrossbar_2x8                           | axi4WriteOnlyArbiter_5/cmdRouteFork_translated_fifo/fifo/logic_ram_reg | User Attribute | 4 x 1                | RAM16X1D x 1	               | 
|u_AxiCrossbar_2x8                           | axi4WriteOnlyArbiter_6/cmdRouteFork_translated_fifo/fifo/logic_ram_reg | User Attribute | 4 x 1                | RAM16X1D x 1	               | 
|u_AxiCrossbar_2x8                           | axi4WriteOnlyArbiter_7/cmdRouteFork_translated_fifo/fifo/logic_ram_reg | User Attribute | 4 x 1                | RAM16X1D x 1	               | 
|u_Axi_CDC                                   | awFifo/ram_reg                                                         | Implied        | 4 x 58               | RAM32M x 10	                | 
|u_Axi_CDC                                   | wFifo/ram_reg                                                          | Implied        | 8 x 37               | RAM32M x 7	                 | 
|u_Axi_CDC                                   | bFifo/ram_reg                                                          | Implied        | 4 x 7                | RAM32M x 2	                 | 
|u_Axi_CDC                                   | arFifo/ram_reg                                                         | Implied        | 4 x 58               | RAM32M x 10	                | 
|u_Axi_CDC                                   | rFifo/ram_reg                                                          | Implied        | 8 x 40               | RAM32M x 7	                 | 
|u_axi_uart_controller                       | uart0/regs/receiver/fifo_rx/rfifo/ram_reg                              | Implied        | 16 x 8               | RAM32M x 2	                 | 
|u_axi_uart_controller                       | uart0/regs/transmitter/fifo_tx/tfifo/ram_reg                           | Implied        | 16 x 8               | RAM32M x 2	                 | 
|u_confreg                                   | ui_plot_mem_reg                                                        | User Attribute | 1 K x 9              | RAM128X1D x 45	             | 
+--------------------------------------------+------------------------------------------------------------------------+----------------+----------------------+-----------------------------+

Note: The table above is a preliminary report that shows the Distributed RAMs at the current stage of the synthesis flow. Some Distributed RAMs may be reimplemented as non Distributed RAM primitives later in the synthesis flow. Multiple instantiated RAMs are reported only once.
---------------------------------------------------------------------------------
Finished ROM, RAM, DSP and Shift Register Reporting
---------------------------------------------------------------------------------

Report RTL Partitions: 
+------+-------------------------+------------+----------+
|      |RTL Partition            |Replication |Instances |
+------+-------------------------+------------+----------+
|1     |core_top__GB0            |           1|     21635|
|2     |core_top__GB1            |           1|      9569|
|3     |core_top__GB2            |           1|     12951|
|4     |nh3_cnn_lstm_core__GB0   |           1|      5234|
|5     |nh3_cnn_lstm_core__GB1   |           1|      4828|
|6     |nh3_cnn_lstm_core__GB2   |           1|       701|
|7     |nh3_cnn_lstm_core__GB3   |           1|       860|
|8     |nh3_cnn_lstm_core__GB4   |           1|      3493|
|9     |nh3_cnn_lstm_core__GB5   |           1|     12294|
|10    |nh3_cnn_lstm_core__GB6   |           1|      2583|
|11    |nh3_cnn_lstm_core__GB7   |           1|      5919|
|12    |nh3_cnn_lstm_core__GB8   |           1|      8116|
|13    |nh3_cnn_lstm_core__GB9   |           1|      3625|
|14    |nh3_cnn_lstm_core__GB10  |           1|       565|
|15    |nh3_cnn_lstm_core__GB11  |           1|      4993|
|16    |nh3_cnn_lstm_core__GB12  |           1|       870|
|17    |nh3_cnn_lstm_core__GB13  |           1|      2699|
|18    |nh3_cnn_lstm_core__GB14  |           1|      1289|
|19    |nh3_cnn_lstm_core__GB15  |           1|      2393|
|20    |nh3_cnn_lstm_core__GB16  |           1|      1047|
|21    |nh3_cnn_lstm_core__GB17  |           1|       956|
|22    |nh3_axi_slave__GC0       |           1|      1020|
|23    |matmul_batch_core__GB0   |           1|     17208|
|24    |matmul_batch_core__GB1   |           1|      5831|
|25    |matmul_axi_slave__GC0    |           1|     27930|
|26    |soc_top__GC0             |           1|     11928|
|27    |nh3_lcd_ui_renderer__GB0 |           1|     20230|
|28    |nh3_lcd_ui_renderer__GB1 |           1|      5762|
|29    |nt35510_lcd_demo__GC0    |           1|      1392|
|30    |nh3_demo_soc_top__GC0    |           1|      2233|
+------+-------------------------+------------+----------+
---------------------------------------------------------------------------------
Start Applying XDC Timing Constraints
---------------------------------------------------------------------------------
WARNING: [Synth 8-3321] set_false_path : Empty from list for constraint at line 128 of D:/loongarch_soc/nh3_soc_dma_touch_demo/constraints/experiment_box.xdc. [D:/loongarch_soc/nh3_soc_dma_touch_demo/constraints/experiment_box.xdc:128]
---------------------------------------------------------------------------------
Finished Applying XDC Timing Constraints : Time (s): cpu = 00:05:17 ; elapsed = 00:05:32 . Memory (MB): peak = 1695.219 ; gain = 1078.938
---------------------------------------------------------------------------------
---------------------------------------------------------------------------------
Start Timing Optimization
---------------------------------------------------------------------------------
INFO: [Synth 8-139] cannot merge instances \u_soc/u_nh3_axi_slave/u_nh3_cnn_lstm_core /i_6/\gate_idx_reg[0]  and \u_soc/u_nh3_axi_slave/u_nh3_cnn_lstm_core /i_6/\gate_idx_reg_rep[0]  because of non-equivalent assertions
INFO: [Synth 8-139] cannot merge instances \u_soc/u_nh3_axi_slave/u_nh3_cnn_lstm_core /i_6/\gate_idx_reg[1]  and \u_soc/u_nh3_axi_slave/u_nh3_cnn_lstm_core /i_6/\gate_idx_reg_rep[1]  because of non-equivalent assertions
INFO: [Synth 8-139] cannot merge instances \u_soc/u_nh3_axi_slave/u_nh3_cnn_lstm_core /i_6/\gate_idx_reg[2]  and \u_soc/u_nh3_axi_slave/u_nh3_cnn_lstm_core /i_6/\gate_idx_reg_rep[2]  because of non-equivalent assertions
INFO: [Synth 8-139] cannot merge instances \u_soc/u_nh3_axi_slave/u_nh3_cnn_lstm_core /i_6/\gate_idx_reg[3]  and \u_soc/u_nh3_axi_slave/u_nh3_cnn_lstm_core /i_6/\gate_idx_reg_rep[3]  because of non-equivalent assertions
INFO: [Synth 8-139] cannot merge instances \u_soc/u_nh3_axi_slave/u_nh3_cnn_lstm_core /i_6/\gate_idx_reg[4]  and \u_soc/u_nh3_axi_slave/u_nh3_cnn_lstm_core /i_6/\gate_idx_reg_rep[4]  because of non-equivalent assertions
INFO: [Synth 8-139] cannot merge instances \u_soc/u_nh3_axi_slave/u_nh3_cnn_lstm_core /i_6/\gate_idx_reg[5]  and \u_soc/u_nh3_axi_slave/u_nh3_cnn_lstm_core /i_6/\gate_idx_reg_rep[5]  because of non-equivalent assertions
INFO: [Synth 8-139] cannot merge instances \u_soc/u_nh3_axi_slave/u_nh3_cnn_lstm_core /i_6/\gate_idx_reg[6]  and \u_soc/u_nh3_axi_slave/u_nh3_cnn_lstm_core /i_6/\gate_idx_reg_rep[6]  because of non-equivalent assertions
INFO: [Synth 8-139] cannot merge instances \u_soc/u_nh3_axi_slave/u_nh3_cnn_lstm_core /i_6/\gate_idx_reg[7]  and \u_soc/u_nh3_axi_slave/u_nh3_cnn_lstm_core /i_6/\gate_idx_reg_rep[7]  because of non-equivalent assertions
---------------------------------------------------------------------------------
Finished Timing Optimization : Time (s): cpu = 00:06:11 ; elapsed = 00:06:28 . Memory (MB): peak = 1949.953 ; gain = 1333.672
---------------------------------------------------------------------------------
---------------------------------------------------------------------------------
Start ROM, RAM, DSP and Shift Register Reporting
---------------------------------------------------------------------------------

Block RAM: Final Mapping	Report
+-----------------+------------------------------------------------+------------------------+---+---+-------------------------+---+---+------------------+--------+--------+
|Module Name      | RTL Object                                     | PORT A (Depth x Width) | W | R | PORT B (Depth x Width)  | W | R | Ports driving FF | RAMB18 | RAMB36 | 
+-----------------+------------------------------------------------+------------------------+---+---+-------------------------+---+---+------------------+--------+--------+
|icache           | tagv_ram_way[0].u/mem_reg_reg                  | 256 x 21(NO_CHANGE)    | W | R |                         |   |   | Port A           | 1      | 0      | 
|icache           | tagv_ram_way[1].u/mem_reg_reg                  | 256 x 21(NO_CHANGE)    | W | R |                         |   |   | Port A           | 1      | 0      | 
|icache           | data_ram_way[1].data_ram_bank[0].u/mem_reg_reg | 256 x 32(READ_FIRST)   | W |   | 256 x 32(WRITE_FIRST)   |   | R | Port A and B     | 1      | 0      | 
|icache           | data_ram_way[1].data_ram_bank[1].u/mem_reg_reg | 256 x 32(READ_FIRST)   | W |   | 256 x 32(WRITE_FIRST)   |   | R | Port A and B     | 1      | 0      | 
|icache           | data_ram_way[1].data_ram_bank[3].u/mem_reg_reg | 256 x 32(READ_FIRST)   | W |   | 256 x 32(WRITE_FIRST)   |   | R | Port A and B     | 1      | 0      | 
|icache           | data_ram_way[1].data_ram_bank[2].u/mem_reg_reg | 256 x 32(READ_FIRST)   | W |   | 256 x 32(WRITE_FIRST)   |   | R | Port A and B     | 1      | 0      | 
|icache           | data_ram_way[0].data_ram_bank[0].u/mem_reg_reg | 256 x 32(READ_FIRST)   | W |   | 256 x 32(WRITE_FIRST)   |   | R | Port A and B     | 1      | 0      | 
|icache           | data_ram_way[0].data_ram_bank[1].u/mem_reg_reg | 256 x 32(READ_FIRST)   | W |   | 256 x 32(WRITE_FIRST)   |   | R | Port A and B     | 1      | 0      | 
|icache           | data_ram_way[0].data_ram_bank[3].u/mem_reg_reg | 256 x 32(READ_FIRST)   | W |   | 256 x 32(WRITE_FIRST)   |   | R | Port A and B     | 1      | 0      | 
|icache           | data_ram_way[0].data_ram_bank[2].u/mem_reg_reg | 256 x 32(READ_FIRST)   | W |   | 256 x 32(WRITE_FIRST)   |   | R | Port A and B     | 1      | 0      | 
|dcache           | tagv_ram_way[0].u/mem_reg_reg                  | 256 x 21(NO_CHANGE)    | W | R |                         |   |   | Port A           | 1      | 0      | 
|dcache           | tagv_ram_way[1].u/mem_reg_reg                  | 256 x 21(NO_CHANGE)    | W | R |                         |   |   | Port A           | 1      | 0      | 
|dcache           | data_ram_way[0].data_ram_bank[0].u/mem_reg_reg | 256 x 32(READ_FIRST)   | W |   | 256 x 32(WRITE_FIRST)   |   | R | Port A and B     | 1      | 0      | 
|dcache           | data_ram_way[0].data_ram_bank[1].u/mem_reg_reg | 256 x 32(READ_FIRST)   | W |   | 256 x 32(WRITE_FIRST)   |   | R | Port A and B     | 1      | 0      | 
|dcache           | data_ram_way[0].data_ram_bank[2].u/mem_reg_reg | 256 x 32(READ_FIRST)   | W |   | 256 x 32(WRITE_FIRST)   |   | R | Port A and B     | 1      | 0      | 
|dcache           | data_ram_way[0].data_ram_bank[3].u/mem_reg_reg | 256 x 32(READ_FIRST)   | W |   | 256 x 32(WRITE_FIRST)   |   | R | Port A and B     | 1      | 0      | 
|dcache           | data_ram_way[1].data_ram_bank[0].u/mem_reg_reg | 256 x 32(READ_FIRST)   | W |   | 256 x 32(WRITE_FIRST)   |   | R | Port A and B     | 1      | 0      | 
|dcache           | data_ram_way[1].data_ram_bank[1].u/mem_reg_reg | 256 x 32(READ_FIRST)   | W |   | 256 x 32(WRITE_FIRST)   |   | R | Port A and B     | 1      | 0      | 
|dcache           | data_ram_way[1].data_ram_bank[2].u/mem_reg_reg | 256 x 32(READ_FIRST)   | W |   | 256 x 32(WRITE_FIRST)   |   | R | Port A and B     | 1      | 0      | 
|dcache           | data_ram_way[1].data_ram_bank[3].u/mem_reg_reg | 256 x 32(READ_FIRST)   | W |   | 256 x 32(WRITE_FIRST)   |   | R | Port A and B     | 1      | 0      | 
|nh3_demo_soc_top | u_nh3_input_buffer/mem_reg                     | 4 K x 16(READ_FIRST)   | W |   | 4 K x 16(WRITE_FIRST)   |   | R | Port A and B     | 0      | 2      | 
|u_axi_ram        | u_fpga_sram/BRAM_reg                           | 256 K x 32(READ_FIRST) | W |   | 256 K x 32(WRITE_FIRST) |   | R | Port A and B     | 0      | 256    | 
|u_dma_top        | u_dma_master/data_buffer_reg                   | 32 x 32(READ_FIRST)    | W |   | 32 x 32(WRITE_FIRST)    |   | R | Port A and B     | 1      | 0      | 
+-----------------+------------------------------------------------+------------------------+---+---+-------------------------+---+---+------------------+--------+--------+


Distributed RAM: Final Mapping	Report
+--------------------------------------------+------------------------------------------------------------------------+----------------+----------------------+-----------------------------+
|Module Name                                 | RTL Object                                                             | Inference      | Size (Depth x Width) | Primitives                  | 
+--------------------------------------------+------------------------------------------------------------------------+----------------+----------------------+-----------------------------+
|id_stage                                    | u_regfile/rf_reg                                                       | Implied        | 32 x 32              | RAM32M x 12	                | 
|addr_trans/tlb_entry                        | tlb_ppn0_reg                                                           | Implied        | 32 x 20              | RAM32M x 12	                | 
|addr_trans/tlb_entry                        | tlb_ppn1_reg                                                           | Implied        | 32 x 20              | RAM32M x 12	                | 
|addr_trans/tlb_entry                        | tlb_v0_reg                                                             | Implied        | 32 x 1               | RAM32X1D x 3	               | 
|addr_trans/tlb_entry                        | tlb_v1_reg                                                             | Implied        | 32 x 1               | RAM32X1D x 3	               | 
|addr_trans/tlb_entry                        | tlb_d0_reg                                                             | Implied        | 32 x 1               | RAM32X1D x 3	               | 
|addr_trans/tlb_entry                        | tlb_d1_reg                                                             | Implied        | 32 x 1               | RAM32X1D x 3	               | 
|addr_trans/tlb_entry                        | tlb_mat0_reg                                                           | Implied        | 32 x 2               | RAM32X1D x 6	               | 
|addr_trans/tlb_entry                        | tlb_mat1_reg                                                           | Implied        | 32 x 2               | RAM32X1D x 6	               | 
|addr_trans/tlb_entry                        | tlb_plv0_reg                                                           | Implied        | 32 x 2               | RAM32X1D x 6	               | 
|addr_trans/tlb_entry                        | tlb_plv1_reg                                                           | Implied        | 32 x 2               | RAM32X1D x 6	               | 
|dcache                                      | way_d_reg_reg                                                          | Implied        | 256 x 2              | RAM128X1D x 8	              | 
|btb                                         | btb_target_reg                                                         | Implied        | 32 x 30              | RAM32M x 15	                | 
|btb                                         | ras_reg                                                                | Implied        | 8 x 30               | RAM32M x 5	                 | 
|\u_soc/u_nh3_axi_slave/u_nh3_cnn_lstm_core  | conv_mem_reg                                                           | Implied        | 4 K x 16             | RAM64X1D x 72	RAM64M x 360	 | 
|\u_soc/u_nh3_axi_slave/u_nh3_cnn_lstm_core  | pool_mem_reg                                                           | Implied        | 2 K x 16             | RAM64X1D x 18	RAM64M x 90	  | 
|nh3_cnn_lstm_core__GB11                     | input_mem_reg                                                          | Implied        | 4 K x 16             | RAM64X1D x 58	RAM64M x 290	 | 
|matmul_axi_slave__GC0                       | buf0_a0_reg                                                            | Implied        | 32 x 32              | RAM32M x 6	                 | 
|matmul_axi_slave__GC0                       | buf1_a0_reg                                                            | Implied        | 32 x 32              | RAM32M x 6	                 | 
|matmul_axi_slave__GC0                       | buf0_a1_reg                                                            | Implied        | 32 x 32              | RAM32M x 6	                 | 
|matmul_axi_slave__GC0                       | buf1_a1_reg                                                            | Implied        | 32 x 32              | RAM32M x 6	                 | 
|matmul_axi_slave__GC0                       | buf0_a2_reg                                                            | Implied        | 32 x 32              | RAM32M x 6	                 | 
|matmul_axi_slave__GC0                       | buf1_a2_reg                                                            | Implied        | 32 x 32              | RAM32M x 6	                 | 
|matmul_axi_slave__GC0                       | buf0_a3_reg                                                            | Implied        | 32 x 32              | RAM32M x 6	                 | 
|matmul_axi_slave__GC0                       | buf1_a3_reg                                                            | Implied        | 32 x 32              | RAM32M x 6	                 | 
|matmul_axi_slave__GC0                       | buf0_b0_reg                                                            | Implied        | 32 x 32              | RAM32M x 6	                 | 
|matmul_axi_slave__GC0                       | buf1_b0_reg                                                            | Implied        | 32 x 32              | RAM32M x 6	                 | 
|matmul_axi_slave__GC0                       | buf0_b1_reg                                                            | Implied        | 32 x 32              | RAM32M x 6	                 | 
|matmul_axi_slave__GC0                       | buf1_b1_reg                                                            | Implied        | 32 x 32              | RAM32M x 6	                 | 
|matmul_axi_slave__GC0                       | buf0_b2_reg                                                            | Implied        | 32 x 32              | RAM32M x 6	                 | 
|matmul_axi_slave__GC0                       | buf1_b2_reg                                                            | Implied        | 32 x 32              | RAM32M x 6	                 | 
|matmul_axi_slave__GC0                       | buf0_b3_reg                                                            | Implied        | 32 x 32              | RAM32M x 6	                 | 
|matmul_axi_slave__GC0                       | buf1_b3_reg                                                            | Implied        | 32 x 32              | RAM32M x 6	                 | 
|u_AxiCrossbar_2x8                           | axi4WriteOnlyArbiter_4/cmdRouteFork_translated_fifo/fifo/logic_ram_reg | User Attribute | 4 x 1                | RAM16X1D x 1	               | 
|u_AxiCrossbar_2x8                           | axi4WriteOnlyArbiter_5/cmdRouteFork_translated_fifo/fifo/logic_ram_reg | User Attribute | 4 x 1                | RAM16X1D x 1	               | 
|u_AxiCrossbar_2x8                           | axi4WriteOnlyArbiter_6/cmdRouteFork_translated_fifo/fifo/logic_ram_reg | User Attribute | 4 x 1                | RAM16X1D x 1	               | 
|u_AxiCrossbar_2x8                           | axi4WriteOnlyArbiter_7/cmdRouteFork_translated_fifo/fifo/logic_ram_reg | User Attribute | 4 x 1                | RAM16X1D x 1	               | 
|u_Axi_CDC                                   | awFifo/ram_reg                                                         | Implied        | 4 x 58               | RAM32M x 10	                | 
|u_Axi_CDC                                   | wFifo/ram_reg                                                          | Implied        | 8 x 37               | RAM32M x 7	                 | 
|u_Axi_CDC                                   | arFifo/ram_reg                                                         | Implied        | 4 x 58               | RAM32M x 10	                | 
|u_Axi_CDC                                   | rFifo/ram_reg                                                          | Implied        | 8 x 40               | RAM32M x 7	                 | 
|u_axi_uart_controller                       | uart0/regs/receiver/fifo_rx/rfifo/ram_reg                              | Implied        | 16 x 8               | RAM32M x 2	                 | 
|u_axi_uart_controller                       | uart0/regs/transmitter/fifo_tx/tfifo/ram_reg                           | Implied        | 16 x 8               | RAM32M x 2	                 | 
|u_confreg                                   | ui_plot_mem_reg                                                        | User Attribute | 1 K x 9              | RAM128X1D x 45	             | 
+--------------------------------------------+------------------------------------------------------------------------+----------------+----------------------+-----------------------------+

---------------------------------------------------------------------------------
Finished ROM, RAM, DSP and Shift Register Reporting
---------------------------------------------------------------------------------

Report RTL Partitions: 
+------+-------------------------+------------+----------+
|      |RTL Partition            |Replication |Instances |
+------+-------------------------+------------+----------+
|1     |core_top__GB0            |           1|     21366|
|2     |core_top__GB1            |           1|      9561|
|3     |core_top__GB2            |           1|     12951|
|4     |nh3_cnn_lstm_core__GB0   |           1|      5234|
|5     |nh3_cnn_lstm_core__GB1   |           1|      4828|
|6     |nh3_cnn_lstm_core__GB2   |           1|       700|
|7     |nh3_cnn_lstm_core__GB3   |           1|       859|
|8     |nh3_cnn_lstm_core__GB4   |           1|      3492|
|9     |nh3_cnn_lstm_core__GB5   |           1|     11736|
|10    |nh3_cnn_lstm_core__GB6   |           1|      2581|
|11    |nh3_cnn_lstm_core__GB7   |           1|      5918|
|12    |nh3_cnn_lstm_core__GB8   |           1|      8113|
|13    |nh3_cnn_lstm_core__GB9   |           1|      3624|
|14    |nh3_cnn_lstm_core__GB10  |           1|       565|
|15    |nh3_cnn_lstm_core__GB11  |           1|      4992|
|16    |nh3_cnn_lstm_core__GB12  |           1|       869|
|17    |nh3_cnn_lstm_core__GB13  |           1|      2698|
|18    |nh3_cnn_lstm_core__GB14  |           1|      1288|
|19    |nh3_cnn_lstm_core__GB15  |           1|      2392|
|20    |nh3_cnn_lstm_core__GB16  |           1|      1046|
|21    |nh3_cnn_lstm_core__GB17  |           1|       955|
|22    |nh3_axi_slave__GC0       |           1|      1020|
|23    |matmul_batch_core__GB0   |           1|     17208|
|24    |matmul_batch_core__GB1   |           1|      5831|
|25    |matmul_axi_slave__GC0    |           1|     25427|
|26    |nh3_lcd_ui_renderer__GB1 |           1|      5762|
|27    |nh3_demo_soc_top__GC0    |           1|      2233|
|28    |nh3_demo_soc_top_GT0     |           1|     32945|
+------+-------------------------+------------+----------+
---------------------------------------------------------------------------------
Start Technology Mapping
---------------------------------------------------------------------------------
INFO: [Synth 8-139] cannot merge instances \u_soc/u_nh3_axi_slave/i_16 /\gate_idx_reg[0]  and \u_soc/u_nh3_axi_slave/i_16 /\gate_idx_reg_rep[0]  because of non-equivalent assertions
INFO: [Synth 8-139] cannot merge instances \u_soc/u_nh3_axi_slave/i_16 /\gate_idx_reg[1]  and \u_soc/u_nh3_axi_slave/i_16 /\gate_idx_reg_rep[1]  because of non-equivalent assertions
INFO: [Synth 8-139] cannot merge instances \u_soc/u_nh3_axi_slave/i_16 /\gate_idx_reg[2]  and \u_soc/u_nh3_axi_slave/i_16 /\gate_idx_reg_rep[2]  because of non-equivalent assertions
INFO: [Synth 8-139] cannot merge instances \u_soc/u_nh3_axi_slave/i_16 /\gate_idx_reg[3]  and \u_soc/u_nh3_axi_slave/i_16 /\gate_idx_reg_rep[3]  because of non-equivalent assertions
INFO: [Synth 8-139] cannot merge instances \u_soc/u_nh3_axi_slave/i_16 /\gate_idx_reg[4]  and \u_soc/u_nh3_axi_slave/i_16 /\gate_idx_reg_rep[4]  because of non-equivalent assertions
INFO: [Synth 8-139] cannot merge instances \u_soc/u_nh3_axi_slave/i_16 /\gate_idx_reg[5]  and \u_soc/u_nh3_axi_slave/i_16 /\gate_idx_reg_rep[5]  because of non-equivalent assertions
INFO: [Synth 8-139] cannot merge instances \u_soc/u_nh3_axi_slave/i_16 /\gate_idx_reg[6]  and \u_soc/u_nh3_axi_slave/i_16 /\gate_idx_reg_rep[6]  because of non-equivalent assertions
INFO: [Synth 8-139] cannot merge instances \u_soc/u_nh3_axi_slave/i_16 /\gate_idx_reg[7]  and \u_soc/u_nh3_axi_slave/i_16 /\gate_idx_reg_rep[7]  because of non-equivalent assertions
INFO: [Synth 8-139] cannot merge instances \u_soc/u_nh3_axi_slave/i_16 /\gate_idx_reg[0]  and \u_soc/u_nh3_axi_slave/i_16 /\gate_idx_reg_rep[0]  because of non-equivalent assertions
INFO: [Synth 8-139] cannot merge instances \u_soc/u_nh3_axi_slave/i_16 /\gate_idx_reg[1]  and \u_soc/u_nh3_axi_slave/i_16 /\gate_idx_reg_rep[1]  because of non-equivalent assertions
INFO: [Synth 8-139] cannot merge instances \u_soc/u_nh3_axi_slave/i_16 /\gate_idx_reg[2]  and \u_soc/u_nh3_axi_slave/i_16 /\gate_idx_reg_rep[2]  because of non-equivalent assertions
INFO: [Synth 8-139] cannot merge instances \u_soc/u_nh3_axi_slave/i_16 /\gate_idx_reg[3]  and \u_soc/u_nh3_axi_slave/i_16 /\gate_idx_reg_rep[3]  because of non-equivalent assertions
INFO: [Synth 8-139] cannot merge instances \u_soc/u_nh3_axi_slave/i_16 /\gate_idx_reg[4]  and \u_soc/u_nh3_axi_slave/i_16 /\gate_idx_reg_rep[4]  because of non-equivalent assertions
INFO: [Synth 8-139] cannot merge instances \u_soc/u_nh3_axi_slave/i_16 /\gate_idx_reg[5]  and \u_soc/u_nh3_axi_slave/i_16 /\gate_idx_reg_rep[5]  because of non-equivalent assertions
INFO: [Synth 8-139] cannot merge instances \u_soc/u_nh3_axi_slave/i_16 /\gate_idx_reg[6]  and \u_soc/u_nh3_axi_slave/i_16 /\gate_idx_reg_rep[6]  because of non-equivalent assertions
INFO: [Synth 8-139] cannot merge instances \u_soc/u_nh3_axi_slave/i_16 /\gate_idx_reg[7]  and \u_soc/u_nh3_axi_slave/i_16 /\gate_idx_reg_rep[7]  because of non-equivalent assertions
INFO: [Synth 8-7053] The timing for the instance u_cpui_2/icache/tagv_ram_way[0].u/mem_reg_reg (implemented as a Block RAM) might be sub-optimal as no optional output register could be merged into the ram block. Providing additional output register may help in improving timing.
INFO: [Synth 8-7053] The timing for the instance u_cpui_2/icache/tagv_ram_way[0].u/mem_reg_reg (implemented as a Block RAM) might be sub-optimal as no optional output register could be merged into the ram block. Providing additional output register may help in improving timing.
INFO: [Synth 8-7053] The timing for the instance u_cpui_2/icache/tagv_ram_way[1].u/mem_reg_reg (implemented as a Block RAM) might be sub-optimal as no optional output register could be merged into the ram block. Providing additional output register may help in improving timing.
INFO: [Synth 8-7053] The timing for the instance u_cpui_2/icache/tagv_ram_way[1].u/mem_reg_reg (implemented as a Block RAM) might be sub-optimal as no optional output register could be merged into the ram block. Providing additional output register may help in improving timing.
INFO: [Synth 8-7053] The timing for the instance u_cpui_2/icache/data_ram_way[1].data_ram_bank[0].u/mem_reg_reg (implemented as a Block RAM) might be sub-optimal as no optional output register could be merged into the ram block. Providing additional output register may help in improving timing.
INFO: [Synth 8-7053] The timing for the instance u_cpui_2/icache/data_ram_way[1].data_ram_bank[1].u/mem_reg_reg (implemented as a Block RAM) might be sub-optimal as no optional output register could be merged into the ram block. Providing additional output register may help in improving timing.
INFO: [Synth 8-7053] The timing for the instance u_cpui_2/icache/data_ram_way[1].data_ram_bank[3].u/mem_reg_reg (implemented as a Block RAM) might be sub-optimal as no optional output register could be merged into the ram block. Providing additional output register may help in improving timing.
INFO: [Synth 8-7053] The timing for the instance u_cpui_2/icache/data_ram_way[1].data_ram_bank[2].u/mem_reg_reg (implemented as a Block RAM) might be sub-optimal as no optional output register could be merged into the ram block. Providing additional output register may help in improving timing.
INFO: [Synth 8-7053] The timing for the instance u_cpui_2/icache/data_ram_way[0].data_ram_bank[0].u/mem_reg_reg (implemented as a Block RAM) might be sub-optimal as no optional output register could be merged into the ram block. Providing additional output register may help in improving timing.
INFO: [Synth 8-7053] The timing for the instance u_cpui_2/icache/data_ram_way[0].data_ram_bank[1].u/mem_reg_reg (implemented as a Block RAM) might be sub-optimal as no optional output register could be merged into the ram block. Providing additional output register may help in improving timing.
INFO: [Synth 8-7053] The timing for the instance u_cpui_2/icache/data_ram_way[0].data_ram_bank[3].u/mem_reg_reg (implemented as a Block RAM) might be sub-optimal as no optional output register could be merged into the ram block. Providing additional output register may help in improving timing.
INFO: [Synth 8-7053] The timing for the instance u_cpui_2/icache/data_ram_way[0].data_ram_bank[2].u/mem_reg_reg (implemented as a Block RAM) might be sub-optimal as no optional output register could be merged into the ram block. Providing additional output register may help in improving timing.
INFO: [Synth 8-7053] The timing for the instance u_cpui_2/dcache/tagv_ram_way[0].u/mem_reg_reg (implemented as a Block RAM) might be sub-optimal as no optional output register could be merged into the ram block. Providing additional output register may help in improving timing.
INFO: [Synth 8-7053] The timing for the instance u_cpui_2/dcache/tagv_ram_way[0].u/mem_reg_reg (implemented as a Block RAM) might be sub-optimal as no optional output register could be merged into the ram block. Providing additional output register may help in improving timing.
INFO: [Synth 8-7053] The timing for the instance u_cpui_2/dcache/tagv_ram_way[1].u/mem_reg_reg (implemented as a Block RAM) might be sub-optimal as no optional output register could be merged into the ram block. Providing additional output register may help in improving timing.
INFO: [Synth 8-7053] The timing for the instance u_cpui_2/dcache/tagv_ram_way[1].u/mem_reg_reg (implemented as a Block RAM) might be sub-optimal as no optional output register could be merged into the ram block. Providing additional output register may help in improving timing.
INFO: [Synth 8-7053] The timing for the instance u_cpui_2/dcache/data_ram_way[0].data_ram_bank[0].u/mem_reg_reg (implemented as a Block RAM) might be sub-optimal as no optional output register could be merged into the ram block. Providing additional output register may help in improving timing.
INFO: [Synth 8-7053] The timing for the instance u_cpui_2/dcache/data_ram_way[0].data_ram_bank[1].u/mem_reg_reg (implemented as a Block RAM) might be sub-optimal as no optional output register could be merged into the ram block. Providing additional output register may help in improving timing.
INFO: [Synth 8-7053] The timing for the instance u_cpui_2/dcache/data_ram_way[0].data_ram_bank[2].u/mem_reg_reg (implemented as a Block RAM) might be sub-optimal as no optional output register could be merged into the ram block. Providing additional output register may help in improving timing.
INFO: [Synth 8-7053] The timing for the instance u_cpui_2/dcache/data_ram_way[0].data_ram_bank[3].u/mem_reg_reg (implemented as a Block RAM) might be sub-optimal as no optional output register could be merged into the ram block. Providing additional output register may help in improving timing.
INFO: [Synth 8-7053] The timing for the instance u_cpui_2/dcache/data_ram_way[1].data_ram_bank[0].u/mem_reg_reg (implemented as a Block RAM) might be sub-optimal as no optional output register could be merged into the ram block. Providing additional output register may help in improving timing.
INFO: [Synth 8-7053] The timing for the instance u_cpui_2/dcache/data_ram_way[1].data_ram_bank[1].u/mem_reg_reg (implemented as a Block RAM) might be sub-optimal as no optional output register could be merged into the ram block. Providing additional output register may help in improving timing.
INFO: [Synth 8-7053] The timing for the instance u_cpui_2/dcache/data_ram_way[1].data_ram_bank[2].u/mem_reg_reg (implemented as a Block RAM) might be sub-optimal as no optional output register could be merged into the ram block. Providing additional output register may help in improving timing.
INFO: [Synth 8-7053] The timing for the instance u_cpui_2/dcache/data_ram_way[1].data_ram_bank[3].u/mem_reg_reg (implemented as a Block RAM) might be sub-optimal as no optional output register could be merged into the ram block. Providing additional output register may help in improving timing.
INFO: [Synth 8-7053] The timing for the instance u_nh3_axi_slavei_4/u_nh3_input_buffer/mem_reg_0 (implemented as a Block RAM) might be sub-optimal as no optional output register could be merged into the ram block. Providing additional output register may help in improving timing.
INFO: [Synth 8-7053] The timing for the instance u_nh3_axi_slavei_4/u_nh3_input_buffer/mem_reg_1 (implemented as a Block RAM) might be sub-optimal as no optional output register could be merged into the ram block. Providing additional output register may help in improving timing.
INFO: [Synth 8-7053] The timing for the instance i_8/u_soc/u_axi_ram/u_fpga_sram/BRAM_reg_0_1_0 (implemented as a Block RAM) might be sub-optimal as no optional output register could be merged into the ram block. Providing additional output register may help in improving timing.
INFO: [Synth 8-7053] The timing for the instance i_8/u_soc/u_axi_ram/u_fpga_sram/BRAM_reg_0_1_1 (implemented as a Block RAM) might be sub-optimal as no optional output register could be merged into the ram block. Providing additional output register may help in improving timing.
INFO: [Synth 8-7053] The timing for the instance i_8/u_soc/u_axi_ram/u_fpga_sram/BRAM_reg_0_1_2 (implemented as a Block RAM) might be sub-optimal as no optional output register could be merged into the ram block. Providing additional output register may help in improving timing.
INFO: [Synth 8-7053] The timing for the instance i_8/u_soc/u_axi_ram/u_fpga_sram/BRAM_reg_0_1_3 (implemented as a Block RAM) might be sub-optimal as no optional output register could be merged into the ram block. Providing additional output register may help in improving timing.
INFO: [Synth 8-7053] The timing for the instance i_8/u_soc/u_axi_ram/u_fpga_sram/BRAM_reg_0_1_4 (implemented as a Block RAM) might be sub-optimal as no optional output register could be merged into the ram block. Providing additional output register may help in improving timing.
INFO: [Synth 8-7053] The timing for the instance i_8/u_soc/u_axi_ram/u_fpga_sram/BRAM_reg_0_1_5 (implemented as a Block RAM) might be sub-optimal as no optional output register could be merged into the ram block. Providing additional output register may help in improving timing.
INFO: [Synth 8-7053] The timing for the instance i_8/u_soc/u_axi_ram/u_fpga_sram/BRAM_reg_0_1_6 (implemented as a Block RAM) might be sub-optimal as no optional output register could be merged into the ram block. Providing additional output register may help in improving timing.
INFO: [Synth 8-7053] The timing for the instance i_8/u_soc/u_axi_ram/u_fpga_sram/BRAM_reg_0_1_7 (implemented as a Block RAM) might be sub-optimal as no optional output register could be merged into the ram block. Providing additional output register may help in improving timing.
INFO: [Synth 8-7053] The timing for the instance i_8/u_soc/u_axi_ram/u_fpga_sram/BRAM_reg_0_3_0 (implemented as a Block RAM) might be sub-optimal as no optional output register could be merged into the ram block. Providing additional output register may help in improving timing.
INFO: [Synth 8-7053] The timing for the instance i_8/u_soc/u_axi_ram/u_fpga_sram/BRAM_reg_0_3_1 (implemented as a Block RAM) might be sub-optimal as no optional output register could be merged into the ram block. Providing additional output register may help in improving timing.
INFO: [Synth 8-7053] The timing for the instance i_8/u_soc/u_axi_ram/u_fpga_sram/BRAM_reg_0_3_2 (implemented as a Block RAM) might be sub-optimal as no optional output register could be merged into the ram block. Providing additional output register may help in improving timing.
INFO: [Synth 8-7053] The timing for the instance i_8/u_soc/u_axi_ram/u_fpga_sram/BRAM_reg_0_3_3 (implemented as a Block RAM) might be sub-optimal as no optional output register could be merged into the ram block. Providing additional output register may help in improving timing.
INFO: [Synth 8-7053] The timing for the instance i_8/u_soc/u_axi_ram/u_fpga_sram/BRAM_reg_0_3_4 (implemented as a Block RAM) might be sub-optimal as no optional output register could be merged into the ram block. Providing additional output register may help in improving timing.
INFO: [Synth 8-7053] The timing for the instance i_8/u_soc/u_axi_ram/u_fpga_sram/BRAM_reg_0_3_5 (implemented as a Block RAM) might be sub-optimal as no optional output register could be merged into the ram block. Providing additional output register may help in improving timing.
INFO: [Synth 8-7053] The timing for the instance i_8/u_soc/u_axi_ram/u_fpga_sram/BRAM_reg_0_3_6 (implemented as a Block RAM) might be sub-optimal as no optional output register could be merged into the ram block. Providing additional output register may help in improving timing.
INFO: [Synth 8-7053] The timing for the instance i_8/u_soc/u_axi_ram/u_fpga_sram/BRAM_reg_0_3_7 (implemented as a Block RAM) might be sub-optimal as no optional output register could be merged into the ram block. Providing additional output register may help in improving timing.
INFO: [Synth 8-7053] The timing for the instance i_8/u_soc/u_axi_ram/u_fpga_sram/BRAM_reg_0_5_0 (implemented as a Block RAM) might be sub-optimal as no optional output register could be merged into the ram block. Providing additional output register may help in improving timing.
INFO: [Synth 8-7053] The timing for the instance i_8/u_soc/u_axi_ram/u_fpga_sram/BRAM_reg_0_5_1 (implemented as a Block RAM) might be sub-optimal as no optional output register could be merged into the ram block. Providing additional output register may help in improving timing.
INFO: [Synth 8-7053] The timing for the instance i_8/u_soc/u_axi_ram/u_fpga_sram/BRAM_reg_0_5_2 (implemented as a Block RAM) might be sub-optimal as no optional output register could be merged into the ram block. Providing additional output register may help in improving timing.
INFO: [Synth 8-7053] The timing for the instance i_8/u_soc/u_axi_ram/u_fpga_sram/BRAM_reg_0_5_3 (implemented as a Block RAM) might be sub-optimal as no optional output register could be merged into the ram block. Providing additional output register may help in improving timing.
INFO: [Synth 8-7053] The timing for the instance i_8/u_soc/u_axi_ram/u_fpga_sram/BRAM_reg_0_5_4 (implemented as a Block RAM) might be sub-optimal as no optional output register could be merged into the ram block. Providing additional output register may help in improving timing.
INFO: [Synth 8-7053] The timing for the instance i_8/u_soc/u_axi_ram/u_fpga_sram/BRAM_reg_0_5_5 (implemented as a Block RAM) might be sub-optimal as no optional output register could be merged into the ram block. Providing additional output register may help in improving timing.
INFO: [Synth 8-7053] The timing for the instance i_8/u_soc/u_axi_ram/u_fpga_sram/BRAM_reg_0_5_6 (implemented as a Block RAM) might be sub-optimal as no optional output register could be merged into the ram block. Providing additional output register may help in improving timing.
INFO: [Synth 8-7053] The timing for the instance i_8/u_soc/u_axi_ram/u_fpga_sram/BRAM_reg_0_5_7 (implemented as a Block RAM) might be sub-optimal as no optional output register could be merged into the ram block. Providing additional output register may help in improving timing.
INFO: [Synth 8-7053] The timing for the instance i_8/u_soc/u_axi_ram/u_fpga_sram/BRAM_reg_0_7_0 (implemented as a Block RAM) might be sub-optimal as no optional output register could be merged into the ram block. Providing additional output register may help in improving timing.
INFO: [Synth 8-7053] The timing for the instance i_8/u_soc/u_axi_ram/u_fpga_sram/BRAM_reg_0_7_1 (implemented as a Block RAM) might be sub-optimal as no optional output register could be merged into the ram block. Providing additional output register may help in improving timing.
INFO: [Synth 8-7053] The timing for the instance i_8/u_soc/u_axi_ram/u_fpga_sram/BRAM_reg_0_7_2 (implemented as a Block RAM) might be sub-optimal as no optional output register could be merged into the ram block. Providing additional output register may help in improving timing.
INFO: [Synth 8-7053] The timing for the instance i_8/u_soc/u_axi_ram/u_fpga_sram/BRAM_reg_0_7_3 (implemented as a Block RAM) might be sub-optimal as no optional output register could be merged into the ram block. Providing additional output register may help in improving timing.
INFO: [Synth 8-7053] The timing for the instance i_8/u_soc/u_axi_ram/u_fpga_sram/BRAM_reg_0_7_4 (implemented as a Block RAM) might be sub-optimal as no optional output register could be merged into the ram block. Providing additional output register may help in improving timing.
INFO: [Synth 8-7053] The timing for the instance i_8/u_soc/u_axi_ram/u_fpga_sram/BRAM_reg_0_7_5 (implemented as a Block RAM) might be sub-optimal as no optional output register could be merged into the ram block. Providing additional output register may help in improving timing.
INFO: [Synth 8-7053] The timing for the instance i_8/u_soc/u_axi_ram/u_fpga_sram/BRAM_reg_0_7_6 (implemented as a Block RAM) might be sub-optimal as no optional output register could be merged into the ram block. Providing additional output register may help in improving timing.
INFO: [Synth 8-7053] The timing for the instance i_8/u_soc/u_axi_ram/u_fpga_sram/BRAM_reg_0_7_7 (implemented as a Block RAM) might be sub-optimal as no optional output register could be merged into the ram block. Providing additional output register may help in improving timing.
INFO: [Synth 8-7053] The timing for the instance i_8/u_soc/u_axi_ram/u_fpga_sram/BRAM_reg_1_1_0 (implemented as a Block RAM) might be sub-optimal as no optional output register could be merged into the ram block. Providing additional output register may help in improving timing.
INFO: [Synth 8-7053] The timing for the instance i_8/u_soc/u_axi_ram/u_fpga_sram/BRAM_reg_1_1_1 (implemented as a Block RAM) might be sub-optimal as no optional output register could be merged into the ram block. Providing additional output register may help in improving timing.
INFO: [Synth 8-7053] The timing for the instance i_8/u_soc/u_axi_ram/u_fpga_sram/BRAM_reg_1_1_2 (implemented as a Block RAM) might be sub-optimal as no optional output register could be merged into the ram block. Providing additional output register may help in improving timing.
INFO: [Synth 8-7053] The timing for the instance i_8/u_soc/u_axi_ram/u_fpga_sram/BRAM_reg_1_1_3 (implemented as a Block RAM) might be sub-optimal as no optional output register could be merged into the ram block. Providing additional output register may help in improving timing.
INFO: [Synth 8-7053] The timing for the instance i_8/u_soc/u_axi_ram/u_fpga_sram/BRAM_reg_1_1_4 (implemented as a Block RAM) might be sub-optimal as no optional output register could be merged into the ram block. Providing additional output register may help in improving timing.
INFO: [Synth 8-7053] The timing for the instance i_8/u_soc/u_axi_ram/u_fpga_sram/BRAM_reg_1_1_5 (implemented as a Block RAM) might be sub-optimal as no optional output register could be merged into the ram block. Providing additional output register may help in improving timing.
INFO: [Synth 8-7053] The timing for the instance i_8/u_soc/u_axi_ram/u_fpga_sram/BRAM_reg_1_1_6 (implemented as a Block RAM) might be sub-optimal as no optional output register could be merged into the ram block. Providing additional output register may help in improving timing.
INFO: [Synth 8-7053] The timing for the instance i_8/u_soc/u_axi_ram/u_fpga_sram/BRAM_reg_1_1_7 (implemented as a Block RAM) might be sub-optimal as no optional output register could be merged into the ram block. Providing additional output register may help in improving timing.
INFO: [Synth 8-7053] The timing for the instance i_8/u_soc/u_axi_ram/u_fpga_sram/BRAM_reg_1_3_0 (implemented as a Block RAM) might be sub-optimal as no optional output register could be merged into the ram block. Providing additional output register may help in improving timing.
INFO: [Synth 8-7053] The timing for the instance i_8/u_soc/u_axi_ram/u_fpga_sram/BRAM_reg_1_3_1 (implemented as a Block RAM) might be sub-optimal as no optional output register could be merged into the ram block. Providing additional output register may help in improving timing.
INFO: [Synth 8-7053] The timing for the instance i_8/u_soc/u_axi_ram/u_fpga_sram/BRAM_reg_1_3_2 (implemented as a Block RAM) might be sub-optimal as no optional output register could be merged into the ram block. Providing additional output register may help in improving timing.
INFO: [Synth 8-7053] The timing for the instance i_8/u_soc/u_axi_ram/u_fpga_sram/BRAM_reg_1_3_3 (implemented as a Block RAM) might be sub-optimal as no optional output register could be merged into the ram block. Providing additional output register may help in improving timing.
INFO: [Synth 8-7053] The timing for the instance i_8/u_soc/u_axi_ram/u_fpga_sram/BRAM_reg_1_3_4 (implemented as a Block RAM) might be sub-optimal as no optional output register could be merged into the ram block. Providing additional output register may help in improving timing.
INFO: [Synth 8-7053] The timing for the instance i_8/u_soc/u_axi_ram/u_fpga_sram/BRAM_reg_1_3_5 (implemented as a Block RAM) might be sub-optimal as no optional output register could be merged into the ram block. Providing additional output register may help in improving timing.
INFO: [Synth 8-7053] The timing for the instance i_8/u_soc/u_axi_ram/u_fpga_sram/BRAM_reg_1_3_6 (implemented as a Block RAM) might be sub-optimal as no optional output register could be merged into the ram block. Providing additional output register may help in improving timing.
INFO: [Synth 8-7053] The timing for the instance i_8/u_soc/u_axi_ram/u_fpga_sram/BRAM_reg_1_3_7 (implemented as a Block RAM) might be sub-optimal as no optional output register could be merged into the ram block. Providing additional output register may help in improving timing.
INFO: [Synth 8-7053] The timing for the instance i_8/u_soc/u_axi_ram/u_fpga_sram/BRAM_reg_1_5_0 (implemented as a Block RAM) might be sub-optimal as no optional output register could be merged into the ram block. Providing additional output register may help in improving timing.
INFO: [Synth 8-7053] The timing for the instance i_8/u_soc/u_axi_ram/u_fpga_sram/BRAM_reg_1_5_1 (implemented as a Block RAM) might be sub-optimal as no optional output register could be merged into the ram block. Providing additional output register may help in improving timing.
INFO: [Synth 8-7053] The timing for the instance i_8/u_soc/u_axi_ram/u_fpga_sram/BRAM_reg_1_5_2 (implemented as a Block RAM) might be sub-optimal as no optional output register could be merged into the ram block. Providing additional output register may help in improving timing.
INFO: [Synth 8-7053] The timing for the instance i_8/u_soc/u_axi_ram/u_fpga_sram/BRAM_reg_1_5_3 (implemented as a Block RAM) might be sub-optimal as no optional output register could be merged into the ram block. Providing additional output register may help in improving timing.
INFO: [Synth 8-7053] The timing for the instance i_8/u_soc/u_axi_ram/u_fpga_sram/BRAM_reg_1_5_4 (implemented as a Block RAM) might be sub-optimal as no optional output register could be merged into the ram block. Providing additional output register may help in improving timing.
INFO: [Synth 8-7053] The timing for the instance i_8/u_soc/u_axi_ram/u_fpga_sram/BRAM_reg_1_5_5 (implemented as a Block RAM) might be sub-optimal as no optional output register could be merged into the ram block. Providing additional output register may help in improving timing.
INFO: [Synth 8-7053] The timing for the instance i_8/u_soc/u_axi_ram/u_fpga_sram/BRAM_reg_1_5_6 (implemented as a Block RAM) might be sub-optimal as no optional output register could be merged into the ram block. Providing additional output register may help in improving timing.
INFO: [Synth 8-7053] The timing for the instance i_8/u_soc/u_axi_ram/u_fpga_sram/BRAM_reg_1_5_7 (implemented as a Block RAM) might be sub-optimal as no optional output register could be merged into the ram block. Providing additional output register may help in improving timing.
INFO: [Synth 8-7053] The timing for the instance i_8/u_soc/u_axi_ram/u_fpga_sram/BRAM_reg_1_7_0 (implemented as a Block RAM) might be sub-optimal as no optional output register could be merged into the ram block. Providing additional output register may help in improving timing.
INFO: [Synth 8-7053] The timing for the instance i_8/u_soc/u_axi_ram/u_fpga_sram/BRAM_reg_1_7_1 (implemented as a Block RAM) might be sub-optimal as no optional output register could be merged into the ram block. Providing additional output register may help in improving timing.
INFO: [Synth 8-7053] The timing for the instance i_8/u_soc/u_axi_ram/u_fpga_sram/BRAM_reg_1_7_2 (implemented as a Block RAM) might be sub-optimal as no optional output register could be merged into the ram block. Providing additional output register may help in improving timing.
INFO: [Synth 8-7053] The timing for the instance i_8/u_soc/u_axi_ram/u_fpga_sram/BRAM_reg_1_7_3 (implemented as a Block RAM) might be sub-optimal as no optional output register could be merged into the ram block. Providing additional output register may help in improving timing.
INFO: [Synth 8-7053] The timing for the instance i_8/u_soc/u_axi_ram/u_fpga_sram/BRAM_reg_1_7_4 (implemented as a Block RAM) might be sub-optimal as no optional output register could be merged into the ram block. Providing additional output register may help in improving timing.
INFO: [Synth 8-7053] The timing for the instance i_8/u_soc/u_axi_ram/u_fpga_sram/BRAM_reg_1_7_5 (implemented as a Block RAM) might be sub-optimal as no optional output register could be merged into the ram block. Providing additional output register may help in improving timing.
INFO: [Synth 8-7053] The timing for the instance i_8/u_soc/u_axi_ram/u_fpga_sram/BRAM_reg_1_7_6 (implemented as a Block RAM) might be sub-optimal as no optional output register could be merged into the ram block. Providing additional output register may help in improving timing.
INFO: [Synth 8-7053] The timing for the instance i_8/u_soc/u_axi_ram/u_fpga_sram/BRAM_reg_1_7_7 (implemented as a Block RAM) might be sub-optimal as no optional output register could be merged into the ram block. Providing additional output register may help in improving timing.
INFO: [Synth 8-7053] The timing for the instance i_8/u_soc/u_axi_ram/u_fpga_sram/BRAM_reg_2_1_0 (implemented as a Block RAM) might be sub-optimal as no optional output register could be merged into the ram block. Providing additional output register may help in improving timing.
INFO: [Synth 8-7053] The timing for the instance i_8/u_soc/u_axi_ram/u_fpga_sram/BRAM_reg_2_1_1 (implemented as a Block RAM) might be sub-optimal as no optional output register could be merged into the ram block. Providing additional output register may help in improving timing.
INFO: [Synth 8-7053] The timing for the instance i_8/u_soc/u_axi_ram/u_fpga_sram/BRAM_reg_2_1_2 (implemented as a Block RAM) might be sub-optimal as no optional output register could be merged into the ram block. Providing additional output register may help in improving timing.
INFO: [Synth 8-7053] The timing for the instance i_8/u_soc/u_axi_ram/u_fpga_sram/BRAM_reg_2_1_3 (implemented as a Block RAM) might be sub-optimal as no optional output register could be merged into the ram block. Providing additional output register may help in improving timing.
INFO: [Synth 8-7053] The timing for the instance i_8/u_soc/u_axi_ram/u_fpga_sram/BRAM_reg_2_1_4 (implemented as a Block RAM) might be sub-optimal as no optional output register could be merged into the ram block. Providing additional output register may help in improving timing.
INFO: [Synth 8-7053] The timing for the instance i_8/u_soc/u_axi_ram/u_fpga_sram/BRAM_reg_2_1_5 (implemented as a Block RAM) might be sub-optimal as no optional output register could be merged into the ram block. Providing additional output register may help in improving timing.
INFO: [Synth 8-7053] The timing for the instance i_8/u_soc/u_axi_ram/u_fpga_sram/BRAM_reg_2_1_6 (implemented as a Block RAM) might be sub-optimal as no optional output register could be merged into the ram block. Providing additional output register may help in improving timing.
INFO: [Synth 8-7053] The timing for the instance i_8/u_soc/u_axi_ram/u_fpga_sram/BRAM_reg_2_1_7 (implemented as a Block RAM) might be sub-optimal as no optional output register could be merged into the ram block. Providing additional output register may help in improving timing.
INFO: [Synth 8-7053] The timing for the instance i_8/u_soc/u_axi_ram/u_fpga_sram/BRAM_reg_2_3_0 (implemented as a Block RAM) might be sub-optimal as no optional output register could be merged into the ram block. Providing additional output register may help in improving timing.
INFO: [Synth 8-7053] The timing for the instance i_8/u_soc/u_axi_ram/u_fpga_sram/BRAM_reg_2_3_1 (implemented as a Block RAM) might be sub-optimal as no optional output register could be merged into the ram block. Providing additional output register may help in improving timing.
INFO: [Common 17-14] Message 'Synth 8-7053' appears 100 times and further instances of the messages will be disabled. Use the Tcl command set_msg_config to change the current settings.
INFO: [Common 17-14] Message 'Synth 8-7053' appears 100 times and further instances of the messages will be disabled. Use the Tcl command set_msg_config to change the current settings.
---------------------------------------------------------------------------------
Finished Technology Mapping : Time (s): cpu = 00:06:48 ; elapsed = 00:07:10 . Memory (MB): peak = 1951.566 ; gain = 1335.285
---------------------------------------------------------------------------------

Report RTL Partitions: 
+------+-------------------------+------------+----------+
|      |RTL Partition            |Replication |Instances |
+------+-------------------------+------------+----------+
|1     |core_top__GB0            |           1|      9107|
|2     |core_top__GB1            |           1|      4368|
|3     |core_top__GB2            |           1|      2485|
|4     |nh3_cnn_lstm_core__GB0   |           1|      2609|
|5     |nh3_cnn_lstm_core__GB1   |           1|      1316|
|6     |nh3_cnn_lstm_core__GB2   |           1|       362|
|7     |nh3_cnn_lstm_core__GB3   |           1|       438|
|8     |nh3_cnn_lstm_core__GB4   |           1|      1814|
|9     |nh3_cnn_lstm_core__GB5   |           1|      3708|
|10    |nh3_cnn_lstm_core__GB6   |           1|      1502|
|11    |nh3_cnn_lstm_core__GB7   |           1|      4990|
|12    |nh3_cnn_lstm_core__GB8   |           1|      7049|
|13    |nh3_cnn_lstm_core__GB9   |           1|      2016|
|14    |nh3_cnn_lstm_core__GB10  |           1|       315|
|15    |nh3_cnn_lstm_core__GB11  |           1|      2760|
|16    |nh3_cnn_lstm_core__GB12  |           1|       466|
|17    |nh3_cnn_lstm_core__GB13  |           1|      1529|
|18    |nh3_cnn_lstm_core__GB14  |           1|       736|
|19    |nh3_cnn_lstm_core__GB15  |           1|      1249|
|20    |nh3_cnn_lstm_core__GB16  |           1|       552|
|21    |nh3_cnn_lstm_core__GB17  |           1|       486|
|22    |nh3_axi_slave__GC0       |           1|       513|
|23    |matmul_batch_core__GB0   |           1|      5040|
|24    |matmul_batch_core__GB1   |           1|      1775|
|25    |matmul_axi_slave__GC0    |           1|      7681|
|26    |nh3_lcd_ui_renderer__GB1 |           1|      3689|
|27    |nh3_demo_soc_top__GC0    |           1|      1401|
|28    |nh3_demo_soc_top_GT0     |           1|     18794|
+------+-------------------------+------------+----------+
---------------------------------------------------------------------------------
Start IO Insertion
---------------------------------------------------------------------------------
---------------------------------------------------------------------------------
Start Flattening Before IO Insertion
---------------------------------------------------------------------------------
---------------------------------------------------------------------------------
Finished Flattening Before IO Insertion
---------------------------------------------------------------------------------
---------------------------------------------------------------------------------
Start Final Netlist Cleanup
---------------------------------------------------------------------------------
INFO: [Synth 8-139] cannot merge instances \u_soc/u_nh3_axi_slave/u_nh3_cnn_lstm_core/gate_idx_reg[3]  and \u_soc/u_nh3_axi_slave/u_nh3_cnn_lstm_core/gate_idx_reg_rep[3]  because of non-equivalent assertions
INFO: [Synth 8-139] cannot merge instances \u_soc/u_nh3_axi_slave/u_nh3_cnn_lstm_core/gate_idx_reg[4]  and \u_soc/u_nh3_axi_slave/u_nh3_cnn_lstm_core/gate_idx_reg_rep[4]  because of non-equivalent assertions
INFO: [Synth 8-139] cannot merge instances \u_soc/u_nh3_axi_slave/u_nh3_cnn_lstm_core/gate_idx_reg[0]  and \u_soc/u_nh3_axi_slave/u_nh3_cnn_lstm_core/gate_idx_reg_rep[0]  because of non-equivalent assertions
INFO: [Synth 8-139] cannot merge instances \u_soc/u_nh3_axi_slave/u_nh3_cnn_lstm_core/gate_idx_reg[1]  and \u_soc/u_nh3_axi_slave/u_nh3_cnn_lstm_core/gate_idx_reg_rep[1]  because of non-equivalent assertions
INFO: [Synth 8-139] cannot merge instances \u_soc/u_nh3_axi_slave/u_nh3_cnn_lstm_core/gate_idx_reg[6]  and \u_soc/u_nh3_axi_slave/u_nh3_cnn_lstm_core/gate_idx_reg_rep[6]  because of non-equivalent assertions
INFO: [Synth 8-139] cannot merge instances \u_soc/u_nh3_axi_slave/u_nh3_cnn_lstm_core/gate_idx_reg[7]  and \u_soc/u_nh3_axi_slave/u_nh3_cnn_lstm_core/gate_idx_reg_rep[7]  because of non-equivalent assertions
INFO: [Synth 8-139] cannot merge instances \u_soc/u_nh3_axi_slave/u_nh3_cnn_lstm_core/gate_idx_reg[2]  and \u_soc/u_nh3_axi_slave/u_nh3_cnn_lstm_core/gate_idx_reg_rep[2]  because of non-equivalent assertions
INFO: [Synth 8-139] cannot merge instances \u_soc/u_nh3_axi_slave/u_nh3_cnn_lstm_core/gate_idx_reg[5]  and \u_soc/u_nh3_axi_slave/u_nh3_cnn_lstm_core/gate_idx_reg_rep[5]  because of non-equivalent assertions
INFO: [Synth 8-139] cannot merge instances \u_soc/u_nh3_axi_slave/u_nh3_cnn_lstm_core/gate_idx_reg[3]  and \u_soc/u_nh3_axi_slave/u_nh3_cnn_lstm_core/gate_idx_reg_rep[3]  because of non-equivalent assertions
INFO: [Synth 8-139] cannot merge instances \u_soc/u_nh3_axi_slave/u_nh3_cnn_lstm_core/gate_idx_reg[4]  and \u_soc/u_nh3_axi_slave/u_nh3_cnn_lstm_core/gate_idx_reg_rep[4]  because of non-equivalent assertions
INFO: [Synth 8-139] cannot merge instances \u_soc/u_nh3_axi_slave/u_nh3_cnn_lstm_core/gate_idx_reg[0]  and \u_soc/u_nh3_axi_slave/u_nh3_cnn_lstm_core/gate_idx_reg_rep[0]  because of non-equivalent assertions
INFO: [Synth 8-139] cannot merge instances \u_soc/u_nh3_axi_slave/u_nh3_cnn_lstm_core/gate_idx_reg[1]  and \u_soc/u_nh3_axi_slave/u_nh3_cnn_lstm_core/gate_idx_reg_rep[1]  because of non-equivalent assertions
INFO: [Synth 8-139] cannot merge instances \u_soc/u_nh3_axi_slave/u_nh3_cnn_lstm_core/gate_idx_reg[6]  and \u_soc/u_nh3_axi_slave/u_nh3_cnn_lstm_core/gate_idx_reg_rep[6]  because of non-equivalent assertions
INFO: [Synth 8-139] cannot merge instances \u_soc/u_nh3_axi_slave/u_nh3_cnn_lstm_core/gate_idx_reg[7]  and \u_soc/u_nh3_axi_slave/u_nh3_cnn_lstm_core/gate_idx_reg_rep[7]  because of non-equivalent assertions
INFO: [Synth 8-139] cannot merge instances \u_soc/u_nh3_axi_slave/u_nh3_cnn_lstm_core/gate_idx_reg[2]  and \u_soc/u_nh3_axi_slave/u_nh3_cnn_lstm_core/gate_idx_reg_rep[2]  because of non-equivalent assertions
INFO: [Synth 8-139] cannot merge instances \u_soc/u_nh3_axi_slave/u_nh3_cnn_lstm_core/gate_idx_reg[5]  and \u_soc/u_nh3_axi_slave/u_nh3_cnn_lstm_core/gate_idx_reg_rep[5]  because of non-equivalent assertions
INFO: [Synth 8-139] cannot merge instances \u_soc/u_nh3_axi_slave/u_nh3_cnn_lstm_core/gate_idx_reg[3]  and \u_soc/u_nh3_axi_slave/u_nh3_cnn_lstm_core/gate_idx_reg_rep[3]  because of non-equivalent assertions
INFO: [Synth 8-139] cannot merge instances \u_soc/u_nh3_axi_slave/u_nh3_cnn_lstm_core/gate_idx_reg[4]  and \u_soc/u_nh3_axi_slave/u_nh3_cnn_lstm_core/gate_idx_reg_rep[4]  because of non-equivalent assertions
INFO: [Synth 8-139] cannot merge instances \u_soc/u_nh3_axi_slave/u_nh3_cnn_lstm_core/gate_idx_reg[0]  and \u_soc/u_nh3_axi_slave/u_nh3_cnn_lstm_core/gate_idx_reg_rep[0]  because of non-equivalent assertions
INFO: [Synth 8-139] cannot merge instances \u_soc/u_nh3_axi_slave/u_nh3_cnn_lstm_core/gate_idx_reg[1]  and \u_soc/u_nh3_axi_slave/u_nh3_cnn_lstm_core/gate_idx_reg_rep[1]  because of non-equivalent assertions
INFO: [Synth 8-139] cannot merge instances \u_soc/u_nh3_axi_slave/u_nh3_cnn_lstm_core/gate_idx_reg[6]  and \u_soc/u_nh3_axi_slave/u_nh3_cnn_lstm_core/gate_idx_reg_rep[6]  because of non-equivalent assertions
INFO: [Synth 8-139] cannot merge instances \u_soc/u_nh3_axi_slave/u_nh3_cnn_lstm_core/gate_idx_reg[7]  and \u_soc/u_nh3_axi_slave/u_nh3_cnn_lstm_core/gate_idx_reg_rep[7]  because of non-equivalent assertions
INFO: [Synth 8-139] cannot merge instances \u_soc/u_nh3_axi_slave/u_nh3_cnn_lstm_core/gate_idx_reg[2]  and \u_soc/u_nh3_axi_slave/u_nh3_cnn_lstm_core/gate_idx_reg_rep[2]  because of non-equivalent assertions
INFO: [Synth 8-139] cannot merge instances \u_soc/u_nh3_axi_slave/u_nh3_cnn_lstm_core/gate_idx_reg[5]  and \u_soc/u_nh3_axi_slave/u_nh3_cnn_lstm_core/gate_idx_reg_rep[5]  because of non-equivalent assertions
INFO: [Synth 8-6064] Net n_0_59800 is driving 64 big block pins (URAM, BRAM and DSP loads). Created 7 replicas of its driver. 
INFO: [Synth 8-6064] Net n_0_59938 is driving 64 big block pins (URAM, BRAM and DSP loads). Created 7 replicas of its driver. 
INFO: [Synth 8-6064] Net n_0_59942 is driving 64 big block pins (URAM, BRAM and DSP loads). Created 7 replicas of its driver. 
INFO: [Synth 8-6064] Net n_0_59799 is driving 64 big block pins (URAM, BRAM and DSP loads). Created 7 replicas of its driver. 
INFO: [Synth 8-6064] Net n_0_59798 is driving 64 big block pins (URAM, BRAM and DSP loads). Created 7 replicas of its driver. 
INFO: [Synth 8-6064] Net n_0_59939 is driving 64 big block pins (URAM, BRAM and DSP loads). Created 7 replicas of its driver. 
INFO: [Synth 8-6064] Net n_0_59943 is driving 64 big block pins (URAM, BRAM and DSP loads). Created 7 replicas of its driver. 
INFO: [Synth 8-6064] Net n_0_59797 is driving 64 big block pins (URAM, BRAM and DSP loads). Created 7 replicas of its driver. 
INFO: [Synth 8-6064] Net n_0_59796 is driving 64 big block pins (URAM, BRAM and DSP loads). Created 7 replicas of its driver. 
INFO: [Synth 8-6064] Net n_0_59940 is driving 64 big block pins (URAM, BRAM and DSP loads). Created 7 replicas of its driver. 
INFO: [Synth 8-6064] Net n_0_59944 is driving 64 big block pins (URAM, BRAM and DSP loads). Created 7 replicas of its driver. 
INFO: [Synth 8-6064] Net n_0_59795 is driving 64 big block pins (URAM, BRAM and DSP loads). Created 7 replicas of its driver. 
INFO: [Synth 8-6064] Net n_0_59794 is driving 64 big block pins (URAM, BRAM and DSP loads). Created 7 replicas of its driver. 
INFO: [Synth 8-6064] Net n_0_59941 is driving 64 big block pins (URAM, BRAM and DSP loads). Created 7 replicas of its driver. 
INFO: [Synth 8-6064] Net n_0_59945 is driving 64 big block pins (URAM, BRAM and DSP loads). Created 7 replicas of its driver. 
INFO: [Synth 8-6064] Net n_0_59793 is driving 64 big block pins (URAM, BRAM and DSP loads). Created 7 replicas of its driver. 
---------------------------------------------------------------------------------
Finished Final Netlist Cleanup
---------------------------------------------------------------------------------
---------------------------------------------------------------------------------
Finished IO Insertion : Time (s): cpu = 00:07:05 ; elapsed = 00:07:28 . Memory (MB): peak = 1971.793 ; gain = 1355.512
---------------------------------------------------------------------------------
---------------------------------------------------------------------------------
Start Renaming Generated Instances
---------------------------------------------------------------------------------
---------------------------------------------------------------------------------
Finished Renaming Generated Instances : Time (s): cpu = 00:07:05 ; elapsed = 00:07:28 . Memory (MB): peak = 1971.793 ; gain = 1355.512
---------------------------------------------------------------------------------

Report RTL Partitions: 
+-+--------------+------------+----------+
| |RTL Partition |Replication |Instances |
+-+--------------+------------+----------+
+-+--------------+------------+----------+

Report Check Netlist: 
+------+------------------+-------+---------+-------+------------------+
|      |Item              |Errors |Warnings |Status |Description       |
+------+------------------+-------+---------+-------+------------------+
|1     |multi_driven_nets |      0|        0|Passed |Multi driven nets |
+------+------------------+-------+---------+-------+------------------+
---------------------------------------------------------------------------------
Start Rebuilding User Hierarchy
---------------------------------------------------------------------------------
---------------------------------------------------------------------------------
Finished Rebuilding User Hierarchy : Time (s): cpu = 00:07:16 ; elapsed = 00:07:40 . Memory (MB): peak = 1971.793 ; gain = 1355.512
---------------------------------------------------------------------------------
---------------------------------------------------------------------------------
Start Renaming Generated Ports
---------------------------------------------------------------------------------
---------------------------------------------------------------------------------
Finished Renaming Generated Ports : Time (s): cpu = 00:07:16 ; elapsed = 00:07:40 . Memory (MB): peak = 1971.793 ; gain = 1355.512
---------------------------------------------------------------------------------
---------------------------------------------------------------------------------
Start Handling Custom Attributes
---------------------------------------------------------------------------------
---------------------------------------------------------------------------------
Finished Handling Custom Attributes : Time (s): cpu = 00:07:18 ; elapsed = 00:07:42 . Memory (MB): peak = 1971.793 ; gain = 1355.512
---------------------------------------------------------------------------------
---------------------------------------------------------------------------------
Start Renaming Generated Nets
---------------------------------------------------------------------------------
---------------------------------------------------------------------------------
Finished Renaming Generated Nets : Time (s): cpu = 00:07:18 ; elapsed = 00:07:42 . Memory (MB): peak = 1971.793 ; gain = 1355.512
---------------------------------------------------------------------------------
---------------------------------------------------------------------------------
Start Writing Synthesis Report
---------------------------------------------------------------------------------

Report BlackBoxes: 
+-+--------------+----------+
| |BlackBox name |Instances |
+-+--------------+----------+
+-+--------------+----------+

Report Cell Usage: 
+------+------------+------+
|      |Cell        |Count |
+------+------------+------+
|1     |BUFG        |     4|
|2     |CARRY4      |  4646|
|3     |LUT1        |   955|
|4     |LUT2        |  7166|
|5     |LUT3        |  5733|
|6     |LUT4        |  7550|
|7     |LUT5        |  7967|
|8     |LUT6        | 28118|
|9     |MUXF7       |  4805|
|10    |MUXF8       |  1988|
|11    |PLLE2_ADV   |     1|
|12    |RAM128X1D   |    53|
|13    |RAM16X1D    |     4|
|14    |RAM32M      |    94|
|15    |RAM32X1D    |    34|
|16    |RAM64M      |   740|
|17    |RAM64X1D    |   148|
|18    |RAMB18E1    |     4|
|19    |RAMB18E1_1  |    17|
|20    |RAMB36E1    |     2|
|21    |RAMB36E1_1  |     1|
|22    |RAMB36E1_10 |     1|
|23    |RAMB36E1_11 |     1|
|24    |RAMB36E1_12 |     1|
|25    |RAMB36E1_13 |     1|
|26    |RAMB36E1_14 |     1|
|27    |RAMB36E1_15 |     1|
|28    |RAMB36E1_16 |     1|
|29    |RAMB36E1_17 |    97|
|30    |RAMB36E1_18 |    96|
|31    |RAMB36E1_19 |     1|
|32    |RAMB36E1_2  |     1|
|33    |RAMB36E1_20 |     1|
|34    |RAMB36E1_21 |     1|
|35    |RAMB36E1_22 |     1|
|36    |RAMB36E1_23 |     1|
|37    |RAMB36E1_24 |     1|
|38    |RAMB36E1_25 |     1|
|39    |RAMB36E1_26 |     1|
|40    |RAMB36E1_27 |     1|
|41    |RAMB36E1_28 |     1|
|42    |RAMB36E1_29 |     1|
|43    |RAMB36E1_3  |     1|
|44    |RAMB36E1_30 |     1|
|45    |RAMB36E1_31 |     1|
|46    |RAMB36E1_32 |     1|
|47    |RAMB36E1_33 |     1|
|48    |RAMB36E1_34 |     1|
|49    |RAMB36E1_35 |     1|
|50    |RAMB36E1_36 |     1|
|51    |RAMB36E1_37 |     1|
|52    |RAMB36E1_38 |     1|
|53    |RAMB36E1_39 |     1|
|54    |RAMB36E1_4  |     1|
|55    |RAMB36E1_40 |     1|
|56    |RAMB36E1_41 |     1|
|57    |RAMB36E1_42 |     1|
|58    |RAMB36E1_43 |     1|
|59    |RAMB36E1_44 |     1|
|60    |RAMB36E1_45 |     1|
|61    |RAMB36E1_46 |     1|
|62    |RAMB36E1_47 |     1|
|63    |RAMB36E1_48 |     1|
|64    |RAMB36E1_49 |     1|
|65    |RAMB36E1_5  |     1|
|66    |RAMB36E1_50 |     1|
|67    |RAMB36E1_51 |     1|
|68    |RAMB36E1_52 |     1|
|69    |RAMB36E1_53 |     1|
|70    |RAMB36E1_54 |     1|
|71    |RAMB36E1_55 |     1|
|72    |RAMB36E1_56 |     1|
|73    |RAMB36E1_57 |     1|
|74    |RAMB36E1_58 |     1|
|75    |RAMB36E1_59 |     1|
|76    |RAMB36E1_6  |     1|
|77    |RAMB36E1_60 |     1|
|78    |RAMB36E1_61 |     1|
|79    |RAMB36E1_62 |     1|
|80    |RAMB36E1_63 |     1|
|81    |RAMB36E1_64 |     1|
|82    |RAMB36E1_65 |     1|
|83    |RAMB36E1_7  |     1|
|84    |RAMB36E1_8  |     1|
|85    |RAMB36E1_9  |     1|
|86    |FDCE        |  1984|
|87    |FDPE        |    23|
|88    |FDRE        | 18165|
|89    |FDSE        |   110|
|90    |IBUF        |    13|
|91    |IOBUF       |     2|
|92    |OBUF        |    56|
|93    |OBUFT       |     1|
+------+------------+------+

Report Instance Areas: 
+------+---------------------------------------------+-----------------------------+------+
|      |Instance                                     |Module                       |Cells |
+------+---------------------------------------------+-----------------------------+------+
|1     |top                                          |                             | 90639|
|2     |  u_display                                  |nh3_demo_display             |    53|
|3     |  u_lcd                                      |nt35510_lcd_demo             | 15749|
|4     |    u_renderer                               |nh3_lcd_ui_renderer          |   187|
|5     |    u_writer                                 |lcd8080_writer               |   123|
|6     |  u_soc                                      |soc_top                      | 70723|
|7     |    \pll_clk.u_clk_pll                       |stage3_clk_pll               |     5|
|8     |      inst                                   |stage3_clk_pll_clocking      |     5|
|9     |    \pll_clk.u_rst_cpu                       |rst_sync                     |     3|
|10    |    \pll_clk.u_rst_sys                       |rst_sync_0                   |     5|
|11    |    u_AxiCrossbar_2x8                        |AxiCrossbar_2x8              |   637|
|12    |      axi4ReadOnlyArbiter_4                  |Axi4ReadOnlyArbiter          |    25|
|13    |        cmdArbiter                           |StreamArbiter_7_40           |    25|
|14    |      axi4ReadOnlyArbiter_5                  |Axi4ReadOnlyArbiter_23       |     6|
|15    |        cmdArbiter                           |StreamArbiter_7_39           |     6|
|16    |      axi4ReadOnlyArbiter_6                  |Axi4ReadOnlyArbiter_24       |    46|
|17    |        cmdArbiter                           |StreamArbiter_7_38           |    46|
|18    |      axi4ReadOnlyArbiter_7                  |Axi4ReadOnlyArbiter_25       |    22|
|19    |        cmdArbiter                           |StreamArbiter_7_37           |    22|
|20    |      axi4WriteOnlyArbiter_4                 |Axi4WriteOnlyArbiter         |    44|
|21    |        cmdArbiter                           |StreamArbiter_7_34           |    27|
|22    |        cmdRouteFork_translated_fifo         |StreamFifoLowLatency_3_35    |    15|
|23    |          fifo                               |StreamFifo_3_36              |    15|
|24    |      axi4WriteOnlyArbiter_5                 |Axi4WriteOnlyArbiter_1       |    25|
|25    |        cmdArbiter                           |StreamArbiter_7_31           |    11|
|26    |        cmdRouteFork_translated_fifo         |StreamFifoLowLatency_3_32    |    14|
|27    |          fifo                               |StreamFifo_3_33              |    14|
|28    |      axi4WriteOnlyArbiter_6                 |Axi4WriteOnlyArbiter_2       |    64|
|29    |        cmdArbiter                           |StreamArbiter_7_28           |    41|
|30    |        cmdRouteFork_translated_fifo         |StreamFifoLowLatency_3_29    |    21|
|31    |          fifo                               |StreamFifo_3_30              |    21|
|32    |      axi4WriteOnlyArbiter_7                 |Axi4WriteOnlyArbiter_3       |    51|
|33    |        cmdArbiter                           |StreamArbiter_7              |    30|
|34    |        cmdRouteFork_translated_fifo         |StreamFifoLowLatency_3       |    19|
|35    |          fifo                               |StreamFifo_3                 |    19|
|36    |      axiIn_0_readOnly_decoder               |Axi4ReadOnlyDecoder          |   145|
|37    |        errorSlave                           |Axi4ReadOnlyErrorSlave_1_27  |    31|
|38    |      axiIn_0_writeOnly_decoder              |Axi4WriteOnlyDecoder         |    55|
|39    |        errorSlave                           |Axi4WriteOnlyErrorSlave_1_26 |    23|
|40    |      axiIn_1_readOnly_decoder               |Axi4ReadOnlyDecoder_1        |    81|
|41    |        errorSlave                           |Axi4ReadOnlyErrorSlave_1     |    30|
|42    |      axiIn_1_writeOnly_decoder              |Axi4WriteOnlyDecoder_1       |    37|
|43    |        errorSlave                           |Axi4WriteOnlyErrorSlave_1    |     7|
|44    |    u_Axi_CDC                                |Axi_CDC                      |   561|
|45    |      arFifo                                 |StreamFifoCC_3               |   170|
|46    |        popToPushGray_buffercc               |BufferCC_9_21                |     7|
|47    |        pushToPopGray_buffercc               |BufferCC_11_22               |    10|
|48    |      awFifo                                 |StreamFifoCC                 |   117|
|49    |        bufferCC_12                          |BufferCC_10                  |     2|
|50    |        popToPushGray_buffercc               |BufferCC_9                   |     8|
|51    |        pushToPopGray_buffercc               |BufferCC_11                  |    10|
|52    |      bFifo                                  |StreamFifoCC_2               |    43|
|53    |        bufferCC_12                          |BufferCC_5                   |     2|
|54    |        popToPushGray_buffercc               |BufferCC_4                   |     7|
|55    |        pushToPopGray_buffercc               |BufferCC_6                   |    10|
|56    |      rFifo                                  |StreamFifoCC_4               |    97|
|57    |        popToPushGray_buffercc               |BufferCC                     |    11|
|58    |        pushToPopGray_buffercc               |BufferCC_1                   |    10|
|59    |      wFifo                                  |StreamFifoCC_1               |   134|
|60    |        popToPushGray_buffercc               |BufferCC_7                   |    11|
|61    |        pushToPopGray_buffercc               |BufferCC_8                   |    10|
|62    |    u_axi_ram                                |axi_wrap_ram_sp              |  1182|
|63    |      u_axi_sram_sp                          |axi2sram_sp                  |   889|
|64    |      u_fpga_sram                            |fpga_sram_sp                 |   293|
|65    |    u_axi_uart_controller                    |axi_uart_controller          |  1250|
|66    |      AA_axi2apb_bridge_cpu                  |axi2apb_bridge               |   398|
|67    |      u_apb_mux2                             |apb_mux2                     |    26|
|68    |        arb_2_1                              |arb_2_1                      |    26|
|69    |      uart0                                  |UART_TOP                     |   826|
|70    |        regs                                 |uart_regs                    |   826|
|71    |          i_uart_sync_flops                  |uart_sync_flops              |     3|
|72    |          receiver                           |uart_receiver                |   393|
|73    |            fifo_rx                          |uart_rfifo                   |   257|
|74    |              rfifo                          |raminfr_20                   |    30|
|75    |          transmitter                        |uart_transmitter             |   147|
|76    |            fifo_tx                          |uart_tfifo                   |    62|
|77    |              tfifo                          |raminfr                      |    21|
|78    |    u_confreg                                |confreg                      |  1716|
|79    |      u_int_reg                              |int_reg                      |   273|
|80    |    u_cpu                                    |core_top                     | 15917|
|81    |      addr_trans                             |addr_trans                   |  4095|
|82    |        tlb_entry                            |tlb_entry                    |  4055|
|83    |      axi_bridge                             |axi_bridge                   |   275|
|84    |      btb                                    |btb                          |  2848|
|85    |        dec_btb_add_entry                    |decoder_5_32                 |     5|
|86    |      dcache                                 |dcache                       |   730|
|87    |        \data_ram_way[0].data_ram_bank[0].u  |data_bank_sram_9             |    50|
|88    |        \data_ram_way[0].data_ram_bank[1].u  |data_bank_sram_10            |    18|
|89    |        \data_ram_way[0].data_ram_bank[2].u  |data_bank_sram_11            |    50|
|90    |        \data_ram_way[0].data_ram_bank[3].u  |data_bank_sram_12            |    52|
|91    |        \data_ram_way[1].data_ram_bank[0].u  |data_bank_sram_13            |    18|
|92    |        \data_ram_way[1].data_ram_bank[1].u  |data_bank_sram_14            |    50|
|93    |        \data_ram_way[1].data_ram_bank[2].u  |data_bank_sram_15            |    82|
|94    |        \data_ram_way[1].data_ram_bank[3].u  |data_bank_sram_16            |    55|
|95    |        lfsr                                 |lfsr_17                      |    11|
|96    |        \tagv_ram_way[0].u                   |tagv_sram_18                 |    65|
|97    |        \tagv_ram_way[1].u                   |tagv_sram_19                 |    48|
|98    |      exe_stage                              |exe_stage                    |  1025|
|99    |        u_alu                                |alu                          |    33|
|100   |      icache                                 |icache                       |   313|
|101   |        \data_ram_way[0].data_ram_bank[0].u  |data_bank_sram               |     5|
|102   |        \data_ram_way[0].data_ram_bank[1].u  |data_bank_sram_1             |     4|
|103   |        \data_ram_way[0].data_ram_bank[2].u  |data_bank_sram_2             |    68|
|104   |        \data_ram_way[0].data_ram_bank[3].u  |data_bank_sram_3             |     4|
|105   |        \data_ram_way[1].data_ram_bank[0].u  |data_bank_sram_4             |     4|
|106   |        \data_ram_way[1].data_ram_bank[1].u  |data_bank_sram_5             |     4|
|107   |        \data_ram_way[1].data_ram_bank[2].u  |data_bank_sram_6             |    36|
|108   |        \data_ram_way[1].data_ram_bank[3].u  |data_bank_sram_7             |     5|
|109   |        lfsr                                 |lfsr                         |    11|
|110   |        \tagv_ram_way[0].u                   |tagv_sram                    |    19|
|111   |        \tagv_ram_way[1].u                   |tagv_sram_8                  |    91|
|112   |      id_stage                               |id_stage                     |  1313|
|113   |      if_stage                               |if_stage                     |   337|
|114   |      mem_stage                              |mem_stage                    |   341|
|115   |      u_csr                                  |csr                          |   912|
|116   |      u_div                                  |div                          |   290|
|117   |      u_mul                                  |mul                          |  1876|
|118   |      wb_stage                               |wb_stage                     |   988|
|119   |    u_dma_top                                |dma_top                      |  1039|
|120   |      u_dma_master                           |dma_master                   |   839|
|121   |        u_memreq_axi                         |memreq_axi                   |   455|
|122   |    u_matmul_axi_slave                       |matmul_axi_slave             | 14038|
|123   |      u_matmul_batch_core                    |matmul_batch_core            |  8733|
|124   |    u_nh3_axi_slave                          |nh3_axi_slave                | 34320|
|125   |      u_nh3_cnn_lstm_core                    |nh3_cnn_lstm_core            | 31271|
|126   |      u_nh3_input_buffer                     |nh3_input_buffer             |    12|
|127   |  u_touch                                    |gt9147_touch                 |   515|
|128   |    u_i2c                                    |i2c_open_drain_engine        |   152|
|129   |  u_touch_control                            |nh3_touch_demo_control       |   158|
+------+---------------------------------------------+-----------------------------+------+
---------------------------------------------------------------------------------
Finished Writing Synthesis Report : Time (s): cpu = 00:07:18 ; elapsed = 00:07:42 . Memory (MB): peak = 1971.793 ; gain = 1355.512
---------------------------------------------------------------------------------
Synthesis finished with 0 errors, 0 critical warnings and 277 warnings.
Synthesis Optimization Runtime : Time (s): cpu = 00:06:42 ; elapsed = 00:07:30 . Memory (MB): peak = 1971.793 ; gain = 1104.742
Synthesis Optimization Complete : Time (s): cpu = 00:07:19 ; elapsed = 00:07:47 . Memory (MB): peak = 1971.793 ; gain = 1355.512
INFO: [Project 1-571] Translating synthesized netlist
Netlist sorting complete. Time (s): cpu = 00:00:01 ; elapsed = 00:00:00.987 . Memory (MB): peak = 1971.793 ; gain = 0.000
INFO: [Netlist 29-17] Analyzing 12794 Unisim elements for replacement
INFO: [Netlist 29-28] Unisim Transformation completed in 0 CPU seconds
INFO: [Project 1-570] Preparing netlist for logic optimization
Parsing XDC File [D:/loongarch_soc/nh3_soc_dma_touch_demo/constraints/experiment_box.xdc]
Finished Parsing XDC File [D:/loongarch_soc/nh3_soc_dma_touch_demo/constraints/experiment_box.xdc]
INFO: [Opt 31-138] Pushed 0 inverter(s) to 0 load pin(s).
Netlist sorting complete. Time (s): cpu = 00:00:00 ; elapsed = 00:00:00.032 . Memory (MB): peak = 1971.793 ; gain = 0.000
INFO: [Project 1-111] Unisim Transformation Summary:
  A total of 1075 instances were transformed.
  IOBUF => IOBUF (IBUF, OBUFT): 2 instances
  RAM128X1D => RAM128X1D (MUXF7(x2), RAMD64E(x4)): 53 instances
  RAM16X1D => RAM32X1D (RAMD32(x2)): 4 instances
  RAM32M => RAM32M (RAMD32(x6), RAMS32(x2)): 94 instances
  RAM32X1D => RAM32X1D (RAMD32(x2)): 34 instances
  RAM64M => RAM64M (RAMD64E(x4)): 740 instances
  RAM64X1D => RAM64X1D (RAMD64E(x2)): 148 instances

INFO: [Common 17-83] Releasing license: Synthesis
832 Infos, 256 Warnings, 0 Critical Warnings and 0 Errors encountered.
synth_design completed successfully
synth_design: Time (s): cpu = 00:07:38 ; elapsed = 00:08:10 . Memory (MB): peak = 1971.793 ; gain = 1679.262
INFO: [Common 17-600] The following parameters have non-default value.
general.maxThreads
# assert_zero_dsp SYNTH
WARNING: [Vivado 12-180] No cells matched 'get_cells -hier -filter {REF_NAME =~ DSP48* || PRIMITIVE_TYPE =~ ARITHMETIC.DSP*}'.
SYNTH_DSP48_COUNT=0
# report_utilization -file [file join $report_dir post_synth_utilization.rpt]
# report_timing_summary -file [file join $report_dir post_synth_timing.rpt]
INFO: [Timing 38-35] Done setting XDC timing constraints.
INFO: [Timing 38-2] Deriving generated clocks
INFO: [Timing 38-91] UpdateTimingParams: Speed grade: -1, Delay Type: min_max.
INFO: [Timing 38-191] Multithreading enabled for timing update using a maximum of 16 CPUs
report_timing_summary: Time (s): cpu = 00:00:32 ; elapsed = 00:00:11 . Memory (MB): peak = 1971.793 ; gain = 0.000
# write_checkpoint -force [file join $output_dir post_synth.dcp]
Netlist sorting complete. Time (s): cpu = 00:00:00 ; elapsed = 00:00:00.030 . Memory (MB): peak = 1971.793 ; gain = 0.000
INFO: [Timing 38-480] Writing timing data to binary archive.
Writing placer database...
Writing XDEF routing.
Writing XDEF routing logical nets.
Writing XDEF routing special nets.
Write XDEF Complete: Time (s): cpu = 00:00:01 ; elapsed = 00:00:00.035 . Memory (MB): peak = 1984.805 ; gain = 13.012
INFO: [Common 17-1381] The checkpoint 'D:/loongarch_soc/nh3_soc_dma_touch_demo/output/post_synth.dcp' has been generated.
write_checkpoint: Time (s): cpu = 00:00:13 ; elapsed = 00:00:09 . Memory (MB): peak = 2032.215 ; gain = 60.422
# opt_design
Command: opt_design
Attempting to get a license for feature 'Implementation' and/or device 'xc7a200t'
INFO: [Common 17-349] Got license for feature 'Implementation' and/or device 'xc7a200t'
Running DRC as a precondition to command opt_design

Starting DRC Task
INFO: [DRC 23-27] Running DRC with 16 threads
INFO: [Project 1-461] DRC finished with 0 Errors
INFO: [Project 1-462] Please refer to the DRC report (report_drc) for more information.

Time (s): cpu = 00:00:01 ; elapsed = 00:00:00.548 . Memory (MB): peak = 2055.590 ; gain = 23.375

Starting Cache Timing Information Task
Ending Cache Timing Information Task | Checksum: 1cc748837

Time (s): cpu = 00:00:00 ; elapsed = 00:00:00.014 . Memory (MB): peak = 2055.590 ; gain = 0.000

Starting Logic Optimization Task

Phase 1 Retarget
INFO: [Opt 31-138] Pushed 8 inverter(s) to 8 load pin(s).
INFO: [Opt 31-49] Retargeted 0 cell(s).
Phase 1 Retarget | Checksum: 1d7688555

Time (s): cpu = 00:00:09 ; elapsed = 00:00:04 . Memory (MB): peak = 2150.059 ; gain = 0.215
INFO: [Opt 31-389] Phase Retarget created 17 cells and removed 54 cells

Phase 2 Constant propagation
INFO: [Opt 31-138] Pushed 0 inverter(s) to 0 load pin(s).
Phase 2 Constant propagation | Checksum: 241220fdc

Time (s): cpu = 00:00:09 ; elapsed = 00:00:05 . Memory (MB): peak = 2150.059 ; gain = 0.215
INFO: [Opt 31-389] Phase Constant propagation created 105 cells and removed 117 cells

Phase 3 Sweep
Phase 3 Sweep | Checksum: 19e61870f

Time (s): cpu = 00:00:11 ; elapsed = 00:00:07 . Memory (MB): peak = 2150.059 ; gain = 0.215
INFO: [Opt 31-389] Phase Sweep created 16 cells and removed 524 cells

Phase 4 BUFG optimization
INFO: [Opt 31-1112] Starts optimizing BUFG(s) with a common MMCM/DPLL/XPLL driver.
INFO: [Opt 31-1112] Starts optimizing BUFG(s) with a common driver.
INFO: [Opt 31-1092] Phase BUFG optimization transformed 0 BUFG(s) to MBUFG(s).
Phase 4 BUFG optimization | Checksum: 19e61870f

Time (s): cpu = 00:00:13 ; elapsed = 00:00:09 . Memory (MB): peak = 2150.059 ; gain = 0.215
INFO: [Opt 31-662] Phase BUFG optimization created 0 cells of which 0 are BUFGs and removed 0 cells.

Phase 5 Shift Register Optimization
INFO: [Opt 31-1064] SRL Remap converted 0 SRLs to 0 registers and converted 0 registers of register chains to 0 SRLs
Phase 5 Shift Register Optimization | Checksum: 19e61870f

Time (s): cpu = 00:00:14 ; elapsed = 00:00:10 . Memory (MB): peak = 2150.059 ; gain = 0.215
INFO: [Opt 31-389] Phase Shift Register Optimization created 0 cells and removed 0 cells

Phase 6 Post Processing Netlist
Phase 6 Post Processing Netlist | Checksum: 19e61870f

Time (s): cpu = 00:00:14 ; elapsed = 00:00:10 . Memory (MB): peak = 2150.059 ; gain = 0.215
INFO: [Opt 31-389] Phase Post Processing Netlist created 0 cells and removed 0 cells
Opt_design Change Summary
=========================


-------------------------------------------------------------------------------------------------------------------------
|  Phase                        |  #Cells created  |  #Cells Removed  |  #Constrained objects preventing optimizations  |
-------------------------------------------------------------------------------------------------------------------------
|  Retarget                     |              17  |              54  |                                              0  |
|  Constant propagation         |             105  |             117  |                                              0  |
|  Sweep                        |              16  |             524  |                                              0  |
|  BUFG optimization            |               0  |               0  |                                              0  |
|  Shift Register Optimization  |               0  |               0  |                                              0  |
|  Post Processing Netlist      |               0  |               0  |                                              0  |
-------------------------------------------------------------------------------------------------------------------------



Starting Connectivity Check Task

Time (s): cpu = 00:00:00 ; elapsed = 00:00:00.261 . Memory (MB): peak = 2150.059 ; gain = 0.000
Ending Logic Optimization Task | Checksum: 24afb4405

Time (s): cpu = 00:00:17 ; elapsed = 00:00:12 . Memory (MB): peak = 2150.059 ; gain = 0.215

Starting Power Optimization Task
INFO: [Pwropt 34-132] Skipping clock gating for clocks with a period < 2.00 ns.
INFO: [Timing 38-35] Done setting XDC timing constraints.
INFO: [Physopt 32-619] Estimated Timing Summary | WNS=0.200 | TNS=0.000 |
Running Vector-less Activity Propagation...

Finished Running Vector-less Activity Propagation
INFO: [Pwropt 34-9] Applying IDT optimizations ...
INFO: [Pwropt 34-10] Applying ODC optimizations ...


Starting PowerOpt Patch Enables Task
INFO: [Pwropt 34-162] WRITE_MODE attribute of 0 BRAM(s) out of a total of 279 has been updated to save power. Run report_power_opt to get a complete listing of the BRAMs updated.
INFO: [Pwropt 34-201] Structural ODC has moved 0 WE to EN ports
Number of BRAM Ports augmented: 257 newly gated: 0 Total Ports: 558
Ending PowerOpt Patch Enables Task | Checksum: 1354532d4

Time (s): cpu = 00:00:02 ; elapsed = 00:00:02 . Memory (MB): peak = 3033.402 ; gain = 0.000
Ending Power Optimization Task | Checksum: 1354532d4

Time (s): cpu = 00:01:24 ; elapsed = 00:00:48 . Memory (MB): peak = 3033.402 ; gain = 883.344

Starting Final Cleanup Task

Starting Logic Optimization Task
INFO: [Timing 38-35] Done setting XDC timing constraints.
Ending Logic Optimization Task | Checksum: 227224d2d

Time (s): cpu = 00:00:14 ; elapsed = 00:00:06 . Memory (MB): peak = 3033.402 ; gain = 0.000
Ending Final Cleanup Task | Checksum: 227224d2d

Time (s): cpu = 00:00:17 ; elapsed = 00:00:11 . Memory (MB): peak = 3033.402 ; gain = 0.000

Starting Netlist Obfuscation Task
Netlist sorting complete. Time (s): cpu = 00:00:00 ; elapsed = 00:00:00.029 . Memory (MB): peak = 3033.402 ; gain = 0.000
Ending Netlist Obfuscation Task | Checksum: 227224d2d

Time (s): cpu = 00:00:00 ; elapsed = 00:00:00.029 . Memory (MB): peak = 3033.402 ; gain = 0.000
INFO: [Common 17-83] Releasing license: Implementation
26 Infos, 0 Warnings, 0 Critical Warnings and 0 Errors encountered.
opt_design completed successfully
opt_design: Time (s): cpu = 00:02:02 ; elapsed = 00:01:15 . Memory (MB): peak = 3033.402 ; gain = 1001.188
INFO: [Common 17-600] The following parameters have non-default value.
general.maxThreads
# place_design
Command: place_design
Attempting to get a license for feature 'Implementation' and/or device 'xc7a200t'
INFO: [Common 17-349] Got license for feature 'Implementation' and/or device 'xc7a200t'
INFO: [DRC 23-27] Running DRC with 16 threads
INFO: [Vivado_Tcl 4-198] DRC finished with 0 Errors
INFO: [Vivado_Tcl 4-199] Please refer to the DRC report (report_drc) for more information.
Running DRC as a precondition to command place_design
INFO: [DRC 23-27] Running DRC with 16 threads
WARNING: [DRC CHECK-3] Report rule limit reached: REQP-1839 rule limit reached: 20 violations have been found.
WARNING: [DRC CHECK-3] Report rule limit reached: REQP-1840 rule limit reached: 20 violations have been found.
WARNING: [DRC REQP-1839] RAMB36 async control check: The RAMB36E1 u_soc/u_axi_ram/u_fpga_sram/BRAM_reg_0_0_0 has an input control pin u_soc/u_axi_ram/u_fpga_sram/BRAM_reg_0_0_0/ADDRARDADDR[15] (net: u_soc/u_axi_ram/u_fpga_sram/fpga_sram_addr[15]) which is driven by a register (u_soc/u_axi_ram/u_axi_sram_sp/FSM_sequential_state_q_reg[0]) that has an active asychronous set or reset. This may cause corruption of the memory contents and/or read values when the set/reset is asserted and is not analyzed by the default static timing analysis. It is suggested to eliminate the use of a set/reset to registers driving this RAMB pin or else use a synchronous reset in which the assertion of the reset is timed by default.
WARNING: [DRC REQP-1839] RAMB36 async control check: The RAMB36E1 u_soc/u_axi_ram/u_fpga_sram/BRAM_reg_0_0_0 has an input control pin u_soc/u_axi_ram/u_fpga_sram/BRAM_reg_0_0_0/ADDRARDADDR[15] (net: u_soc/u_axi_ram/u_fpga_sram/fpga_sram_addr[15]) which is driven by a register (u_soc/u_axi_ram/u_axi_sram_sp/FSM_sequential_state_q_reg[1]) that has an active asychronous set or reset. This may cause corruption of the memory contents and/or read values when the set/reset is asserted and is not analyzed by the default static timing analysis. It is suggested to eliminate the use of a set/reset to registers driving this RAMB pin or else use a synchronous reset in which the assertion of the reset is timed by default.
WARNING: [DRC REQP-1839] RAMB36 async control check: The RAMB36E1 u_soc/u_axi_ram/u_fpga_sram/BRAM_reg_0_0_0 has an input control pin u_soc/u_axi_ram/u_fpga_sram/BRAM_reg_0_0_0/ADDRARDADDR[15] (net: u_soc/u_axi_ram/u_fpga_sram/fpga_sram_addr[15]) which is driven by a register (u_soc/u_axi_ram/u_axi_sram_sp/FSM_sequential_state_q_reg[2]) that has an active asychronous set or reset. This may cause corruption of the memory contents and/or read values when the set/reset is asserted and is not analyzed by the default static timing analysis. It is suggested to eliminate the use of a set/reset to registers driving this RAMB pin or else use a synchronous reset in which the assertion of the reset is timed by default.
WARNING: [DRC REQP-1839] RAMB36 async control check: The RAMB36E1 u_soc/u_axi_ram/u_fpga_sram/BRAM_reg_0_0_0 has an input control pin u_soc/u_axi_ram/u_fpga_sram/BRAM_reg_0_0_0/ADDRARDADDR[15] (net: u_soc/u_axi_ram/u_fpga_sram/fpga_sram_addr[15]) which is driven by a register (u_soc/u_axi_ram/u_axi_sram_sp/ax_req_q_addr_reg[10]) that has an active asychronous set or reset. This may cause corruption of the memory contents and/or read values when the set/reset is asserted and is not analyzed by the default static timing analysis. It is suggested to eliminate the use of a set/reset to registers driving this RAMB pin or else use a synchronous reset in which the assertion of the reset is timed by default.
WARNING: [DRC REQP-1839] RAMB36 async control check: The RAMB36E1 u_soc/u_axi_ram/u_fpga_sram/BRAM_reg_0_0_0 has an input control pin u_soc/u_axi_ram/u_fpga_sram/BRAM_reg_0_0_0/ADDRARDADDR[15] (net: u_soc/u_axi_ram/u_fpga_sram/fpga_sram_addr[15]) which is driven by a register (u_soc/u_axi_ram/u_axi_sram_sp/ax_req_q_addr_reg[11]) that has an active asychronous set or reset. This may cause corruption of the memory contents and/or read values when the set/reset is asserted and is not analyzed by the default static timing analysis. It is suggested to eliminate the use of a set/reset to registers driving this RAMB pin or else use a synchronous reset in which the assertion of the reset is timed by default.
WARNING: [DRC REQP-1839] RAMB36 async control check: The RAMB36E1 u_soc/u_axi_ram/u_fpga_sram/BRAM_reg_0_0_0 has an input control pin u_soc/u_axi_ram/u_fpga_sram/BRAM_reg_0_0_0/ADDRARDADDR[15] (net: u_soc/u_axi_ram/u_fpga_sram/fpga_sram_addr[15]) which is driven by a register (u_soc/u_axi_ram/u_axi_sram_sp/ax_req_q_addr_reg[16]) that has an active asychronous set or reset. This may cause corruption of the memory contents and/or read values when the set/reset is asserted and is not analyzed by the default static timing analysis. It is suggested to eliminate the use of a set/reset to registers driving this RAMB pin or else use a synchronous reset in which the assertion of the reset is timed by default.
WARNING: [DRC REQP-1839] RAMB36 async control check: The RAMB36E1 u_soc/u_axi_ram/u_fpga_sram/BRAM_reg_0_0_0 has an input control pin u_soc/u_axi_ram/u_fpga_sram/BRAM_reg_0_0_0/ADDRARDADDR[15] (net: u_soc/u_axi_ram/u_fpga_sram/fpga_sram_addr[15]) which is driven by a register (u_soc/u_axi_ram/u_axi_sram_sp/ax_req_q_addr_reg[17]) that has an active asychronous set or reset. This may cause corruption of the memory contents and/or read values when the set/reset is asserted and is not analyzed by the default static timing analysis. It is suggested to eliminate the use of a set/reset to registers driving this RAMB pin or else use a synchronous reset in which the assertion of the reset is timed by default.
WARNING: [DRC REQP-1839] RAMB36 async control check: The RAMB36E1 u_soc/u_axi_ram/u_fpga_sram/BRAM_reg_0_0_0 has an input control pin u_soc/u_axi_ram/u_fpga_sram/BRAM_reg_0_0_0/ADDRARDADDR[15] (net: u_soc/u_axi_ram/u_fpga_sram/fpga_sram_addr[15]) which is driven by a register (u_soc/u_axi_ram/u_axi_sram_sp/ax_req_q_addr_reg[19]) that has an active asychronous set or reset. This may cause corruption of the memory contents and/or read values when the set/reset is asserted and is not analyzed by the default static timing analysis. It is suggested to eliminate the use of a set/reset to registers driving this RAMB pin or else use a synchronous reset in which the assertion of the reset is timed by default.
WARNING: [DRC REQP-1839] RAMB36 async control check: The RAMB36E1 u_soc/u_axi_ram/u_fpga_sram/BRAM_reg_0_0_0 has an input control pin u_soc/u_axi_ram/u_fpga_sram/BRAM_reg_0_0_0/ADDRARDADDR[15] (net: u_soc/u_axi_ram/u_fpga_sram/fpga_sram_addr[15]) which is driven by a register (u_soc/u_axi_ram/u_axi_sram_sp/ax_req_q_addr_reg[1]) that has an active asychronous set or reset. This may cause corruption of the memory contents and/or read values when the set/reset is asserted and is not analyzed by the default static timing analysis. It is suggested to eliminate the use of a set/reset to registers driving this RAMB pin or else use a synchronous reset in which the assertion of the reset is timed by default.
WARNING: [DRC REQP-1839] RAMB36 async control check: The RAMB36E1 u_soc/u_axi_ram/u_fpga_sram/BRAM_reg_0_0_0 has an input control pin u_soc/u_axi_ram/u_fpga_sram/BRAM_reg_0_0_0/ADDRARDADDR[15] (net: u_soc/u_axi_ram/u_fpga_sram/fpga_sram_addr[15]) which is driven by a register (u_soc/u_axi_ram/u_axi_sram_sp/ax_req_q_addr_reg[20]) that has an active asychronous set or reset. This may cause corruption of the memory contents and/or read values when the set/reset is asserted and is not analyzed by the default static timing analysis. It is suggested to eliminate the use of a set/reset to registers driving this RAMB pin or else use a synchronous reset in which the assertion of the reset is timed by default.
WARNING: [DRC REQP-1839] RAMB36 async control check: The RAMB36E1 u_soc/u_axi_ram/u_fpga_sram/BRAM_reg_0_0_0 has an input control pin u_soc/u_axi_ram/u_fpga_sram/BRAM_reg_0_0_0/ADDRARDADDR[15] (net: u_soc/u_axi_ram/u_fpga_sram/fpga_sram_addr[15]) which is driven by a register (u_soc/u_axi_ram/u_axi_sram_sp/ax_req_q_addr_reg[21]) that has an active asychronous set or reset. This may cause corruption of the memory contents and/or read values when the set/reset is asserted and is not analyzed by the default static timing analysis. It is suggested to eliminate the use of a set/reset to registers driving this RAMB pin or else use a synchronous reset in which the assertion of the reset is timed by default.
WARNING: [DRC REQP-1839] RAMB36 async control check: The RAMB36E1 u_soc/u_axi_ram/u_fpga_sram/BRAM_reg_0_0_0 has an input control pin u_soc/u_axi_ram/u_fpga_sram/BRAM_reg_0_0_0/ADDRARDADDR[15] (net: u_soc/u_axi_ram/u_fpga_sram/fpga_sram_addr[15]) which is driven by a register (u_soc/u_axi_ram/u_axi_sram_sp/ax_req_q_addr_reg[2]) that has an active asychronous set or reset. This may cause corruption of the memory contents and/or read values when the set/reset is asserted and is not analyzed by the default static timing analysis. It is suggested to eliminate the use of a set/reset to registers driving this RAMB pin or else use a synchronous reset in which the assertion of the reset is timed by default.
WARNING: [DRC REQP-1839] RAMB36 async control check: The RAMB36E1 u_soc/u_axi_ram/u_fpga_sram/BRAM_reg_0_0_0 has an input control pin u_soc/u_axi_ram/u_fpga_sram/BRAM_reg_0_0_0/ADDRARDADDR[15] (net: u_soc/u_axi_ram/u_fpga_sram/fpga_sram_addr[15]) which is driven by a register (u_soc/u_axi_ram/u_axi_sram_sp/ax_req_q_addr_reg[3]) that has an active asychronous set or reset. This may cause corruption of the memory contents and/or read values when the set/reset is asserted and is not analyzed by the default static timing analysis. It is suggested to eliminate the use of a set/reset to registers driving this RAMB pin or else use a synchronous reset in which the assertion of the reset is timed by default.
WARNING: [DRC REQP-1839] RAMB36 async control check: The RAMB36E1 u_soc/u_axi_ram/u_fpga_sram/BRAM_reg_0_0_0 has an input control pin u_soc/u_axi_ram/u_fpga_sram/BRAM_reg_0_0_0/ADDRARDADDR[15] (net: u_soc/u_axi_ram/u_fpga_sram/fpga_sram_addr[15]) which is driven by a register (u_soc/u_axi_ram/u_axi_sram_sp/ax_req_q_addr_reg[4]) that has an active asychronous set or reset. This may cause corruption of the memory contents and/or read values when the set/reset is asserted and is not analyzed by the default static timing analysis. It is suggested to eliminate the use of a set/reset to registers driving this RAMB pin or else use a synchronous reset in which the assertion of the reset is timed by default.
WARNING: [DRC REQP-1839] RAMB36 async control check: The RAMB36E1 u_soc/u_axi_ram/u_fpga_sram/BRAM_reg_0_0_0 has an input control pin u_soc/u_axi_ram/u_fpga_sram/BRAM_reg_0_0_0/ADDRARDADDR[15] (net: u_soc/u_axi_ram/u_fpga_sram/fpga_sram_addr[15]) which is driven by a register (u_soc/u_axi_ram/u_axi_sram_sp/ax_req_q_addr_reg[5]) that has an active asychronous set or reset. This may cause corruption of the memory contents and/or read values when the set/reset is asserted and is not analyzed by the default static timing analysis. It is suggested to eliminate the use of a set/reset to registers driving this RAMB pin or else use a synchronous reset in which the assertion of the reset is timed by default.
WARNING: [DRC REQP-1839] RAMB36 async control check: The RAMB36E1 u_soc/u_axi_ram/u_fpga_sram/BRAM_reg_0_0_0 has an input control pin u_soc/u_axi_ram/u_fpga_sram/BRAM_reg_0_0_0/ADDRARDADDR[15] (net: u_soc/u_axi_ram/u_fpga_sram/fpga_sram_addr[15]) which is driven by a register (u_soc/u_axi_ram/u_axi_sram_sp/ax_req_q_addr_reg[7]) that has an active asychronous set or reset. This may cause corruption of the memory contents and/or read values when the set/reset is asserted and is not analyzed by the default static timing analysis. It is suggested to eliminate the use of a set/reset to registers driving this RAMB pin or else use a synchronous reset in which the assertion of the reset is timed by default.
WARNING: [DRC REQP-1839] RAMB36 async control check: The RAMB36E1 u_soc/u_axi_ram/u_fpga_sram/BRAM_reg_0_0_0 has an input control pin u_soc/u_axi_ram/u_fpga_sram/BRAM_reg_0_0_0/ADDRARDADDR[15] (net: u_soc/u_axi_ram/u_fpga_sram/fpga_sram_addr[15]) which is driven by a register (u_soc/u_axi_ram/u_axi_sram_sp/ax_req_q_addr_reg[8]) that has an active asychronous set or reset. This may cause corruption of the memory contents and/or read values when the set/reset is asserted and is not analyzed by the default static timing analysis. It is suggested to eliminate the use of a set/reset to registers driving this RAMB pin or else use a synchronous reset in which the assertion of the reset is timed by default.
WARNING: [DRC REQP-1839] RAMB36 async control check: The RAMB36E1 u_soc/u_axi_ram/u_fpga_sram/BRAM_reg_0_0_0 has an input control pin u_soc/u_axi_ram/u_fpga_sram/BRAM_reg_0_0_0/ADDRARDADDR[15] (net: u_soc/u_axi_ram/u_fpga_sram/fpga_sram_addr[15]) which is driven by a register (u_soc/u_axi_ram/u_axi_sram_sp/ax_req_q_addr_reg[9]) that has an active asychronous set or reset. This may cause corruption of the memory contents and/or read values when the set/reset is asserted and is not analyzed by the default static timing analysis. It is suggested to eliminate the use of a set/reset to registers driving this RAMB pin or else use a synchronous reset in which the assertion of the reset is timed by default.
WARNING: [DRC REQP-1839] RAMB36 async control check: The RAMB36E1 u_soc/u_axi_ram/u_fpga_sram/BRAM_reg_0_0_0 has an input control pin u_soc/u_axi_ram/u_fpga_sram/BRAM_reg_0_0_0/ADDRARDADDR[15] (net: u_soc/u_axi_ram/u_fpga_sram/fpga_sram_addr[15]) which is driven by a register (u_soc/u_axi_ram/u_axi_sram_sp/ax_req_q_burst_reg[0]) that has an active asychronous set or reset. This may cause corruption of the memory contents and/or read values when the set/reset is asserted and is not analyzed by the default static timing analysis. It is suggested to eliminate the use of a set/reset to registers driving this RAMB pin or else use a synchronous reset in which the assertion of the reset is timed by default.
WARNING: [DRC REQP-1839] RAMB36 async control check: The RAMB36E1 u_soc/u_axi_ram/u_fpga_sram/BRAM_reg_0_0_0 has an input control pin u_soc/u_axi_ram/u_fpga_sram/BRAM_reg_0_0_0/ADDRARDADDR[15] (net: u_soc/u_axi_ram/u_fpga_sram/fpga_sram_addr[15]) which is driven by a register (u_soc/u_axi_ram/u_axi_sram_sp/ax_req_q_burst_reg[1]) that has an active asychronous set or reset. This may cause corruption of the memory contents and/or read values when the set/reset is asserted and is not analyzed by the default static timing analysis. It is suggested to eliminate the use of a set/reset to registers driving this RAMB pin or else use a synchronous reset in which the assertion of the reset is timed by default.
WARNING: [DRC REQP-1840] RAMB18 async control check: The RAMB18E1 u_soc/u_cpu/dcache/data_ram_way[0].data_ram_bank[0].u/mem_reg_reg has an input control pin u_soc/u_cpu/dcache/data_ram_way[0].data_ram_bank[0].u/mem_reg_reg/ADDRARDADDR[10] (net: u_soc/u_cpu/dcache/data_ram_way[0].data_ram_bank[0].u/way_bank_addra[0][0]_267[5]) which is driven by a register (u_soc/u_Axi_CDC/rFifo/popCC_addressGen_rValid_reg) that has an active asychronous set or reset. This may cause corruption of the memory contents and/or read values when the set/reset is asserted and is not analyzed by the default static timing analysis. It is suggested to eliminate the use of a set/reset to registers driving this RAMB pin or else use a synchronous reset in which the assertion of the reset is timed by default.
WARNING: [DRC REQP-1840] RAMB18 async control check: The RAMB18E1 u_soc/u_cpu/dcache/data_ram_way[0].data_ram_bank[0].u/mem_reg_reg has an input control pin u_soc/u_cpu/dcache/data_ram_way[0].data_ram_bank[0].u/mem_reg_reg/ADDRARDADDR[11] (net: u_soc/u_cpu/dcache/data_ram_way[0].data_ram_bank[0].u/way_bank_addra[0][0]_267[6]) which is driven by a register (u_soc/u_Axi_CDC/rFifo/popCC_addressGen_rValid_reg) that has an active asychronous set or reset. This may cause corruption of the memory contents and/or read values when the set/reset is asserted and is not analyzed by the default static timing analysis. It is suggested to eliminate the use of a set/reset to registers driving this RAMB pin or else use a synchronous reset in which the assertion of the reset is timed by default.
WARNING: [DRC REQP-1840] RAMB18 async control check: The RAMB18E1 u_soc/u_cpu/dcache/data_ram_way[0].data_ram_bank[0].u/mem_reg_reg has an input control pin u_soc/u_cpu/dcache/data_ram_way[0].data_ram_bank[0].u/mem_reg_reg/ADDRARDADDR[12] (net: u_soc/u_cpu/dcache/data_ram_way[0].data_ram_bank[0].u/way_bank_addra[0][0]_267[7]) which is driven by a register (u_soc/u_Axi_CDC/rFifo/popCC_addressGen_rValid_reg) that has an active asychronous set or reset. This may cause corruption of the memory contents and/or read values when the set/reset is asserted and is not analyzed by the default static timing analysis. It is suggested to eliminate the use of a set/reset to registers driving this RAMB pin or else use a synchronous reset in which the assertion of the reset is timed by default.
WARNING: [DRC REQP-1840] RAMB18 async control check: The RAMB18E1 u_soc/u_cpu/dcache/data_ram_way[0].data_ram_bank[0].u/mem_reg_reg has an input control pin u_soc/u_cpu/dcache/data_ram_way[0].data_ram_bank[0].u/mem_reg_reg/ADDRARDADDR[5] (net: u_soc/u_cpu/dcache/data_ram_way[0].data_ram_bank[0].u/way_bank_addra[0][0]_267[0]) which is driven by a register (u_soc/u_Axi_CDC/rFifo/popCC_addressGen_rValid_reg) that has an active asychronous set or reset. This may cause corruption of the memory contents and/or read values when the set/reset is asserted and is not analyzed by the default static timing analysis. It is suggested to eliminate the use of a set/reset to registers driving this RAMB pin or else use a synchronous reset in which the assertion of the reset is timed by default.
WARNING: [DRC REQP-1840] RAMB18 async control check: The RAMB18E1 u_soc/u_cpu/dcache/data_ram_way[0].data_ram_bank[0].u/mem_reg_reg has an input control pin u_soc/u_cpu/dcache/data_ram_way[0].data_ram_bank[0].u/mem_reg_reg/ADDRARDADDR[6] (net: u_soc/u_cpu/dcache/data_ram_way[0].data_ram_bank[0].u/way_bank_addra[0][0]_267[1]) which is driven by a register (u_soc/u_Axi_CDC/rFifo/popCC_addressGen_rValid_reg) that has an active asychronous set or reset. This may cause corruption of the memory contents and/or read values when the set/reset is asserted and is not analyzed by the default static timing analysis. It is suggested to eliminate the use of a set/reset to registers driving this RAMB pin or else use a synchronous reset in which the assertion of the reset is timed by default.
WARNING: [DRC REQP-1840] RAMB18 async control check: The RAMB18E1 u_soc/u_cpu/dcache/data_ram_way[0].data_ram_bank[0].u/mem_reg_reg has an input control pin u_soc/u_cpu/dcache/data_ram_way[0].data_ram_bank[0].u/mem_reg_reg/ADDRARDADDR[7] (net: u_soc/u_cpu/dcache/data_ram_way[0].data_ram_bank[0].u/way_bank_addra[0][0]_267[2]) which is driven by a register (u_soc/u_Axi_CDC/rFifo/popCC_addressGen_rValid_reg) that has an active asychronous set or reset. This may cause corruption of the memory contents and/or read values when the set/reset is asserted and is not analyzed by the default static timing analysis. It is suggested to eliminate the use of a set/reset to registers driving this RAMB pin or else use a synchronous reset in which the assertion of the reset is timed by default.
WARNING: [DRC REQP-1840] RAMB18 async control check: The RAMB18E1 u_soc/u_cpu/dcache/data_ram_way[0].data_ram_bank[0].u/mem_reg_reg has an input control pin u_soc/u_cpu/dcache/data_ram_way[0].data_ram_bank[0].u/mem_reg_reg/ADDRARDADDR[8] (net: u_soc/u_cpu/dcache/data_ram_way[0].data_ram_bank[0].u/way_bank_addra[0][0]_267[3]) which is driven by a register (u_soc/u_Axi_CDC/rFifo/popCC_addressGen_rValid_reg) that has an active asychronous set or reset. This may cause corruption of the memory contents and/or read values when the set/reset is asserted and is not analyzed by the default static timing analysis. It is suggested to eliminate the use of a set/reset to registers driving this RAMB pin or else use a synchronous reset in which the assertion of the reset is timed by default.
WARNING: [DRC REQP-1840] RAMB18 async control check: The RAMB18E1 u_soc/u_cpu/dcache/data_ram_way[0].data_ram_bank[0].u/mem_reg_reg has an input control pin u_soc/u_cpu/dcache/data_ram_way[0].data_ram_bank[0].u/mem_reg_reg/ADDRARDADDR[9] (net: u_soc/u_cpu/dcache/data_ram_way[0].data_ram_bank[0].u/way_bank_addra[0][0]_267[4]) which is driven by a register (u_soc/u_Axi_CDC/rFifo/popCC_addressGen_rValid_reg) that has an active asychronous set or reset. This may cause corruption of the memory contents and/or read values when the set/reset is asserted and is not analyzed by the default static timing analysis. It is suggested to eliminate the use of a set/reset to registers driving this RAMB pin or else use a synchronous reset in which the assertion of the reset is timed by default.
WARNING: [DRC REQP-1840] RAMB18 async control check: The RAMB18E1 u_soc/u_cpu/dcache/data_ram_way[0].data_ram_bank[0].u/mem_reg_reg has an input control pin u_soc/u_cpu/dcache/data_ram_way[0].data_ram_bank[0].u/mem_reg_reg/ADDRBWRADDR[10] (net: u_soc/u_cpu/dcache/data_ram_way[0].data_ram_bank[0].u/way_bank_addra[0][0]_267[5]) which is driven by a register (u_soc/u_Axi_CDC/rFifo/popCC_addressGen_rValid_reg) that has an active asychronous set or reset. This may cause corruption of the memory contents and/or read values when the set/reset is asserted and is not analyzed by the default static timing analysis. It is suggested to eliminate the use of a set/reset to registers driving this RAMB pin or else use a synchronous reset in which the assertion of the reset is timed by default.
WARNING: [DRC REQP-1840] RAMB18 async control check: The RAMB18E1 u_soc/u_cpu/dcache/data_ram_way[0].data_ram_bank[0].u/mem_reg_reg has an input control pin u_soc/u_cpu/dcache/data_ram_way[0].data_ram_bank[0].u/mem_reg_reg/ADDRBWRADDR[11] (net: u_soc/u_cpu/dcache/data_ram_way[0].data_ram_bank[0].u/way_bank_addra[0][0]_267[6]) which is driven by a register (u_soc/u_Axi_CDC/rFifo/popCC_addressGen_rValid_reg) that has an active asychronous set or reset. This may cause corruption of the memory contents and/or read values when the set/reset is asserted and is not analyzed by the default static timing analysis. It is suggested to eliminate the use of a set/reset to registers driving this RAMB pin or else use a synchronous reset in which the assertion of the reset is timed by default.
WARNING: [DRC REQP-1840] RAMB18 async control check: The RAMB18E1 u_soc/u_cpu/dcache/data_ram_way[0].data_ram_bank[0].u/mem_reg_reg has an input control pin u_soc/u_cpu/dcache/data_ram_way[0].data_ram_bank[0].u/mem_reg_reg/ADDRBWRADDR[12] (net: u_soc/u_cpu/dcache/data_ram_way[0].data_ram_bank[0].u/way_bank_addra[0][0]_267[7]) which is driven by a register (u_soc/u_Axi_CDC/rFifo/popCC_addressGen_rValid_reg) that has an active asychronous set or reset. This may cause corruption of the memory contents and/or read values when the set/reset is asserted and is not analyzed by the default static timing analysis. It is suggested to eliminate the use of a set/reset to registers driving this RAMB pin or else use a synchronous reset in which the assertion of the reset is timed by default.
WARNING: [DRC REQP-1840] RAMB18 async control check: The RAMB18E1 u_soc/u_cpu/dcache/data_ram_way[0].data_ram_bank[0].u/mem_reg_reg has an input control pin u_soc/u_cpu/dcache/data_ram_way[0].data_ram_bank[0].u/mem_reg_reg/ADDRBWRADDR[5] (net: u_soc/u_cpu/dcache/data_ram_way[0].data_ram_bank[0].u/way_bank_addra[0][0]_267[0]) which is driven by a register (u_soc/u_Axi_CDC/rFifo/popCC_addressGen_rValid_reg) that has an active asychronous set or reset. This may cause corruption of the memory contents and/or read values when the set/reset is asserted and is not analyzed by the default static timing analysis. It is suggested to eliminate the use of a set/reset to registers driving this RAMB pin or else use a synchronous reset in which the assertion of the reset is timed by default.
WARNING: [DRC REQP-1840] RAMB18 async control check: The RAMB18E1 u_soc/u_cpu/dcache/data_ram_way[0].data_ram_bank[0].u/mem_reg_reg has an input control pin u_soc/u_cpu/dcache/data_ram_way[0].data_ram_bank[0].u/mem_reg_reg/ADDRBWRADDR[6] (net: u_soc/u_cpu/dcache/data_ram_way[0].data_ram_bank[0].u/way_bank_addra[0][0]_267[1]) which is driven by a register (u_soc/u_Axi_CDC/rFifo/popCC_addressGen_rValid_reg) that has an active asychronous set or reset. This may cause corruption of the memory contents and/or read values when the set/reset is asserted and is not analyzed by the default static timing analysis. It is suggested to eliminate the use of a set/reset to registers driving this RAMB pin or else use a synchronous reset in which the assertion of the reset is timed by default.
WARNING: [DRC REQP-1840] RAMB18 async control check: The RAMB18E1 u_soc/u_cpu/dcache/data_ram_way[0].data_ram_bank[0].u/mem_reg_reg has an input control pin u_soc/u_cpu/dcache/data_ram_way[0].data_ram_bank[0].u/mem_reg_reg/ADDRBWRADDR[7] (net: u_soc/u_cpu/dcache/data_ram_way[0].data_ram_bank[0].u/way_bank_addra[0][0]_267[2]) which is driven by a register (u_soc/u_Axi_CDC/rFifo/popCC_addressGen_rValid_reg) that has an active asychronous set or reset. This may cause corruption of the memory contents and/or read values when the set/reset is asserted and is not analyzed by the default static timing analysis. It is suggested to eliminate the use of a set/reset to registers driving this RAMB pin or else use a synchronous reset in which the assertion of the reset is timed by default.
WARNING: [DRC REQP-1840] RAMB18 async control check: The RAMB18E1 u_soc/u_cpu/dcache/data_ram_way[0].data_ram_bank[0].u/mem_reg_reg has an input control pin u_soc/u_cpu/dcache/data_ram_way[0].data_ram_bank[0].u/mem_reg_reg/ADDRBWRADDR[8] (net: u_soc/u_cpu/dcache/data_ram_way[0].data_ram_bank[0].u/way_bank_addra[0][0]_267[3]) which is driven by a register (u_soc/u_Axi_CDC/rFifo/popCC_addressGen_rValid_reg) that has an active asychronous set or reset. This may cause corruption of the memory contents and/or read values when the set/reset is asserted and is not analyzed by the default static timing analysis. It is suggested to eliminate the use of a set/reset to registers driving this RAMB pin or else use a synchronous reset in which the assertion of the reset is timed by default.
WARNING: [DRC REQP-1840] RAMB18 async control check: The RAMB18E1 u_soc/u_cpu/dcache/data_ram_way[0].data_ram_bank[0].u/mem_reg_reg has an input control pin u_soc/u_cpu/dcache/data_ram_way[0].data_ram_bank[0].u/mem_reg_reg/ADDRBWRADDR[9] (net: u_soc/u_cpu/dcache/data_ram_way[0].data_ram_bank[0].u/way_bank_addra[0][0]_267[4]) which is driven by a register (u_soc/u_Axi_CDC/rFifo/popCC_addressGen_rValid_reg) that has an active asychronous set or reset. This may cause corruption of the memory contents and/or read values when the set/reset is asserted and is not analyzed by the default static timing analysis. It is suggested to eliminate the use of a set/reset to registers driving this RAMB pin or else use a synchronous reset in which the assertion of the reset is timed by default.
WARNING: [DRC REQP-1840] RAMB18 async control check: The RAMB18E1 u_soc/u_cpu/dcache/data_ram_way[0].data_ram_bank[0].u/mem_reg_reg has an input control pin u_soc/u_cpu/dcache/data_ram_way[0].data_ram_bank[0].u/mem_reg_reg/ENARDEN (net: u_soc/u_cpu/dcache/data_ram_way[0].data_ram_bank[0].u/mem_reg_reg_i_1__15_n_0) which is driven by a register (u_soc/u_Axi_CDC/rFifo/popCC_addressGen_rValid_reg) that has an active asychronous set or reset. This may cause corruption of the memory contents and/or read values when the set/reset is asserted and is not analyzed by the default static timing analysis. It is suggested to eliminate the use of a set/reset to registers driving this RAMB pin or else use a synchronous reset in which the assertion of the reset is timed by default.
WARNING: [DRC REQP-1840] RAMB18 async control check: The RAMB18E1 u_soc/u_cpu/dcache/data_ram_way[0].data_ram_bank[0].u/mem_reg_reg has an input control pin u_soc/u_cpu/dcache/data_ram_way[0].data_ram_bank[0].u/mem_reg_reg/ENBWREN (net: u_soc/u_cpu/dcache/data_ram_way[0].data_ram_bank[0].u/mem_reg_reg_i_2__13_n_0) which is driven by a register (u_soc/u_Axi_CDC/rFifo/popCC_addressGen_rValid_reg) that has an active asychronous set or reset. This may cause corruption of the memory contents and/or read values when the set/reset is asserted and is not analyzed by the default static timing analysis. It is suggested to eliminate the use of a set/reset to registers driving this RAMB pin or else use a synchronous reset in which the assertion of the reset is timed by default.
WARNING: [DRC REQP-1840] RAMB18 async control check: The RAMB18E1 u_soc/u_cpu/dcache/data_ram_way[0].data_ram_bank[0].u/mem_reg_reg has an input control pin u_soc/u_cpu/dcache/data_ram_way[0].data_ram_bank[0].u/mem_reg_reg/WEBWE[2] (net: u_soc/u_cpu/dcache/data_ram_way[0].data_ram_bank[0].u/way_bank_wea[0][0]_255[2]) which is driven by a register (u_soc/u_Axi_CDC/rFifo/popCC_addressGen_rValid_reg) that has an active asychronous set or reset. This may cause corruption of the memory contents and/or read values when the set/reset is asserted and is not analyzed by the default static timing analysis. It is suggested to eliminate the use of a set/reset to registers driving this RAMB pin or else use a synchronous reset in which the assertion of the reset is timed by default.
WARNING: [DRC REQP-1840] RAMB18 async control check: The RAMB18E1 u_soc/u_cpu/dcache/data_ram_way[0].data_ram_bank[0].u/mem_reg_reg has an input control pin u_soc/u_cpu/dcache/data_ram_way[0].data_ram_bank[0].u/mem_reg_reg/WEBWE[3] (net: u_soc/u_cpu/dcache/data_ram_way[0].data_ram_bank[0].u/way_bank_wea[0][0]_255[3]) which is driven by a register (u_soc/u_Axi_CDC/rFifo/popCC_addressGen_rValid_reg) that has an active asychronous set or reset. This may cause corruption of the memory contents and/or read values when the set/reset is asserted and is not analyzed by the default static timing analysis. It is suggested to eliminate the use of a set/reset to registers driving this RAMB pin or else use a synchronous reset in which the assertion of the reset is timed by default.
INFO: [Vivado_Tcl 4-198] DRC finished with 0 Errors, 42 Warnings
INFO: [Vivado_Tcl 4-199] Please refer to the DRC report (report_drc) for more information.

Starting Placer Task
INFO: [Place 30-611] Multithreading enabled for place_design using a maximum of 8 CPUs

Phase 1 Placer Initialization

Phase 1.1 Placer Initialization Netlist Sorting
Netlist sorting complete. Time (s): cpu = 00:00:00 ; elapsed = 00:00:00.034 . Memory (MB): peak = 3033.402 ; gain = 0.000
Phase 1.1 Placer Initialization Netlist Sorting | Checksum: 1ab09d7ca

Time (s): cpu = 00:00:00 ; elapsed = 00:00:00.058 . Memory (MB): peak = 3033.402 ; gain = 0.000
Netlist sorting complete. Time (s): cpu = 00:00:00 ; elapsed = 00:00:00.032 . Memory (MB): peak = 3033.402 ; gain = 0.000

Phase 1.2 IO Placement/ Clock Placement/ Build Placer Device
INFO: [Timing 38-35] Done setting XDC timing constraints.
Phase 1.2 IO Placement/ Clock Placement/ Build Placer Device | Checksum: fc9d589e

Time (s): cpu = 00:00:11 ; elapsed = 00:00:05 . Memory (MB): peak = 3033.402 ; gain = 0.000

Phase 1.3 Build Placer Netlist Model
Phase 1.3 Build Placer Netlist Model | Checksum: 16f0e7eff

Time (s): cpu = 00:00:43 ; elapsed = 00:00:20 . Memory (MB): peak = 3033.402 ; gain = 0.000

Phase 1.4 Constrain Clocks/Macros
Phase 1.4 Constrain Clocks/Macros | Checksum: 16f0e7eff

Time (s): cpu = 00:00:44 ; elapsed = 00:00:21 . Memory (MB): peak = 3033.402 ; gain = 0.000
Phase 1 Placer Initialization | Checksum: 16f0e7eff

Time (s): cpu = 00:00:44 ; elapsed = 00:00:21 . Memory (MB): peak = 3033.402 ; gain = 0.000

Phase 2 Global Placement

Phase 2.1 Floorplanning
Phase 2.1 Floorplanning | Checksum: 1aff437c4

Time (s): cpu = 00:00:54 ; elapsed = 00:00:25 . Memory (MB): peak = 3033.402 ; gain = 0.000

Phase 2.2 Global Placement Core

Phase 2.2.1 Physical Synthesis In Placer
INFO: [Physopt 32-1018] Found 2539 candidate LUT instances to create LUTNM shape
INFO: [Physopt 32-775] End 1 Pass. Optimized 1089 nets or cells. Created 1 new cell, deleted 1088 existing cells and moved 0 existing cell
INFO: [Physopt 32-1022] Very high fanout net 'u_soc/u_nh3_axi_slave/u_nh3_cnn_lstm_core/p_1_in4_out[5]' has -through timing constraint at pin '' or its immediate connected net. To preserve -through timing constraint its fanout number considered in optimization is changed from 2016 to 433 and it is not considered a very high fanout net anymore. Please consider modifying/removing the '-through' timing constraint on the net segment or hierarchy pin.
INFO: [Physopt 32-1022] Very high fanout net 'u_soc/u_nh3_axi_slave/u_nh3_cnn_lstm_core/load_idx_reg_n_0_[0]' has -through timing constraint at pin '' or its immediate connected net. To preserve -through timing constraint its fanout number considered in optimization is changed from 1627 to 352 and it is not considered a very high fanout net anymore. Please consider modifying/removing the '-through' timing constraint on the net segment or hierarchy pin.
INFO: [Physopt 32-1022] Very high fanout net 'u_soc/u_nh3_axi_slave/u_nh3_cnn_lstm_core/load_idx_reg_n_0_[1]' has -through timing constraint at pin '' or its immediate connected net. To preserve -through timing constraint its fanout number considered in optimization is changed from 1626 to 351 and it is not considered a very high fanout net anymore. Please consider modifying/removing the '-through' timing constraint on the net segment or hierarchy pin.
INFO: [Physopt 32-1022] Very high fanout net 'u_soc/u_nh3_axi_slave/u_nh3_cnn_lstm_core/load_idx_reg_n_0_[2]' has -through timing constraint at pin '' or its immediate connected net. To preserve -through timing constraint its fanout number considered in optimization is changed from 1626 to 351 and it is not considered a very high fanout net anymore. Please consider modifying/removing the '-through' timing constraint on the net segment or hierarchy pin.
INFO: [Physopt 32-1022] Very high fanout net 'u_soc/u_nh3_axi_slave/u_nh3_cnn_lstm_core/load_idx_reg_n_0_[3]' has -through timing constraint at pin '' or its immediate connected net. To preserve -through timing constraint its fanout number considered in optimization is changed from 1626 to 351 and it is not considered a very high fanout net anymore. Please consider modifying/removing the '-through' timing constraint on the net segment or hierarchy pin.
INFO: [Physopt 32-1022] Very high fanout net 'u_soc/u_nh3_axi_slave/u_nh3_cnn_lstm_core/load_idx_reg_n_0_[4]' has -through timing constraint at pin '' or its immediate connected net. To preserve -through timing constraint its fanout number considered in optimization is changed from 1626 to 351 and it is not considered a very high fanout net anymore. Please consider modifying/removing the '-through' timing constraint on the net segment or hierarchy pin.
INFO: [Physopt 32-1022] Very high fanout net 'u_soc/u_nh3_axi_slave/u_nh3_cnn_lstm_core/load_idx_reg_n_0_[5]' has -through timing constraint at pin '' or its immediate connected net. To preserve -through timing constraint its fanout number considered in optimization is changed from 1626 to 351 and it is not considered a very high fanout net anymore. Please consider modifying/removing the '-through' timing constraint on the net segment or hierarchy pin.
INFO: [Physopt 32-65] No nets found for high-fanout optimization.
INFO: [Physopt 32-232] Optimized 0 net. Created 0 new instance.
INFO: [Physopt 32-775] End 1 Pass. Optimized 0 net or cell. Created 0 new cell, deleted 0 existing cell and moved 0 existing cell
INFO: [Physopt 32-117] Net u_soc/u_axi_ram/u_axi_sram_sp/BRAM_reg_0_0_0_i_75[10] could not be optimized because driver u_soc/u_axi_ram/u_axi_sram_sp/BRAM_reg_0_0_3_i_22 could not be replicated
INFO: [Physopt 32-117] Net u_soc/u_axi_ram/u_axi_sram_sp/req_addr_q_reg[17]_0[10] could not be optimized because driver u_soc/u_axi_ram/u_axi_sram_sp/BRAM_reg_0_0_5_i_6 could not be replicated
INFO: [Physopt 32-117] Net u_soc/u_axi_ram/u_axi_sram_sp/BRAM_reg_0_0_0_i_75[6] could not be optimized because driver u_soc/u_axi_ram/u_axi_sram_sp/BRAM_reg_0_0_3_i_26 could not be replicated
INFO: [Physopt 32-117] Net u_soc/u_axi_ram/u_axi_sram_sp/req_addr_q_reg[17]_0[6] could not be optimized because driver u_soc/u_axi_ram/u_axi_sram_sp/BRAM_reg_0_0_5_i_10 could not be replicated
INFO: [Physopt 32-117] Net u_soc/u_axi_ram/u_axi_sram_sp/ADDRBWRADDR[5] could not be optimized because driver u_soc/u_axi_ram/u_axi_sram_sp/BRAM_reg_0_0_0_i_29 could not be replicated
INFO: [Physopt 32-117] Net u_soc/u_axi_ram/u_axi_sram_sp/ADDRARDADDR[5] could not be optimized because driver u_soc/u_axi_ram/u_axi_sram_sp/BRAM_reg_0_0_3_i_11 could not be replicated
INFO: [Physopt 32-117] Net u_soc/u_axi_ram/u_axi_sram_sp/BRAM_reg_0_0_0_i_75[4] could not be optimized because driver u_soc/u_axi_ram/u_axi_sram_sp/BRAM_reg_0_0_3_i_28 could not be replicated
INFO: [Physopt 32-117] Net u_soc/u_axi_ram/u_axi_sram_sp/req_addr_q_reg[17]_0[4] could not be optimized because driver u_soc/u_axi_ram/u_axi_sram_sp/BRAM_reg_0_0_5_i_12 could not be replicated
INFO: [Physopt 32-117] Net u_soc/u_axi_ram/u_axi_sram_sp/BRAM_reg_0_0_0_i_75_6[6] could not be optimized because driver u_soc/u_axi_ram/u_axi_sram_sp/BRAM_reg_3_0_0_i_26 could not be replicated
INFO: [Physopt 32-117] Net u_soc/u_axi_ram/u_axi_sram_sp/req_addr_q_reg[17]_7[6] could not be optimized because driver u_soc/u_axi_ram/u_axi_sram_sp/BRAM_reg_3_0_2_i_10 could not be replicated
INFO: [Physopt 32-117] Net u_soc/u_axi_ram/u_axi_sram_sp/BRAM_reg_0_0_0_i_75_6[11] could not be optimized because driver u_soc/u_axi_ram/u_axi_sram_sp/BRAM_reg_3_0_0_i_21 could not be replicated
INFO: [Physopt 32-117] Net u_soc/u_axi_ram/u_axi_sram_sp/req_addr_q_reg[17]_7[11] could not be optimized because driver u_soc/u_axi_ram/u_axi_sram_sp/BRAM_reg_3_0_2_i_5 could not be replicated
INFO: [Physopt 32-117] Net u_soc/u_axi_ram/u_axi_sram_sp/BRAM_reg_0_0_0_i_75_6[5] could not be optimized because driver u_soc/u_axi_ram/u_axi_sram_sp/BRAM_reg_3_0_0_i_27 could not be replicated
INFO: [Physopt 32-117] Net u_soc/u_axi_ram/u_axi_sram_sp/req_addr_q_reg[17]_7[5] could not be optimized because driver u_soc/u_axi_ram/u_axi_sram_sp/BRAM_reg_3_0_2_i_11 could not be replicated
INFO: [Physopt 32-117] Net u_soc/u_axi_ram/u_axi_sram_sp/BRAM_reg_0_0_0_i_75[2] could not be optimized because driver u_soc/u_axi_ram/u_axi_sram_sp/BRAM_reg_0_0_3_i_30 could not be replicated
INFO: [Physopt 32-117] Net u_soc/u_axi_ram/u_axi_sram_sp/req_addr_q_reg[17]_0[2] could not be optimized because driver u_soc/u_axi_ram/u_axi_sram_sp/BRAM_reg_0_0_5_i_14 could not be replicated
INFO: [Physopt 32-117] Net u_soc/u_axi_ram/u_axi_sram_sp/BRAM_reg_0_0_0_i_75[13] could not be optimized because driver u_soc/u_axi_ram/u_axi_sram_sp/BRAM_reg_0_0_3_i_19 could not be replicated
INFO: [Physopt 32-117] Net u_soc/u_axi_ram/u_axi_sram_sp/req_addr_q_reg[17]_0[13] could not be optimized because driver u_soc/u_axi_ram/u_axi_sram_sp/BRAM_reg_0_0_5_i_3 could not be replicated
INFO: [Physopt 32-117] Net u_soc/u_axi_ram/u_axi_sram_sp/BRAM_reg_0_0_0_i_75_6[7] could not be optimized because driver u_soc/u_axi_ram/u_axi_sram_sp/BRAM_reg_3_0_0_i_25 could not be replicated
INFO: [Physopt 32-117] Net u_soc/u_axi_ram/u_axi_sram_sp/req_addr_q_reg[17]_7[7] could not be optimized because driver u_soc/u_axi_ram/u_axi_sram_sp/BRAM_reg_3_0_2_i_9 could not be replicated
INFO: [Physopt 32-117] Net u_soc/u_axi_ram/u_axi_sram_sp/BRAM_reg_0_0_0_i_75_6[4] could not be optimized because driver u_soc/u_axi_ram/u_axi_sram_sp/BRAM_reg_3_0_0_i_28 could not be replicated
INFO: [Physopt 32-117] Net u_soc/u_axi_ram/u_axi_sram_sp/req_addr_q_reg[17]_7[4] could not be optimized because driver u_soc/u_axi_ram/u_axi_sram_sp/BRAM_reg_3_0_2_i_12 could not be replicated
INFO: [Physopt 32-117] Net u_soc/u_axi_ram/u_axi_sram_sp/BRAM_reg_0_0_0_i_75[7] could not be optimized because driver u_soc/u_axi_ram/u_axi_sram_sp/BRAM_reg_0_0_3_i_25 could not be replicated
INFO: [Physopt 32-117] Net u_soc/u_axi_ram/u_axi_sram_sp/req_addr_q_reg[17]_0[7] could not be optimized because driver u_soc/u_axi_ram/u_axi_sram_sp/BRAM_reg_0_0_5_i_9 could not be replicated
INFO: [Physopt 32-117] Net u_soc/u_axi_ram/u_axi_sram_sp/BRAM_reg_0_0_0_i_75_2[7] could not be optimized because driver u_soc/u_axi_ram/u_axi_sram_sp/BRAM_reg_1_0_4_i_9 could not be replicated
INFO: [Physopt 32-117] Net u_soc/u_axi_ram/u_axi_sram_sp/req_addr_q_reg[17]_3[7] could not be optimized because driver u_soc/u_axi_ram/u_axi_sram_sp/BRAM_reg_1_0_5_i_9 could not be replicated
INFO: [Physopt 32-117] Net u_soc/u_axi_ram/u_axi_sram_sp/BRAM_reg_0_0_0_i_75_7[8] could not be optimized because driver u_soc/u_axi_ram/u_axi_sram_sp/BRAM_reg_3_0_3_i_8 could not be replicated
INFO: [Physopt 32-117] Net u_soc/u_axi_ram/u_axi_sram_sp/req_addr_q_reg[17]_8[8] could not be optimized because driver u_soc/u_axi_ram/u_axi_sram_sp/BRAM_reg_3_0_5_i_8 could not be replicated
INFO: [Physopt 32-117] Net u_soc/u_axi_ram/u_axi_sram_sp/ADDRBWRADDR[6] could not be optimized because driver u_soc/u_axi_ram/u_axi_sram_sp/BRAM_reg_0_0_0_i_28 could not be replicated
INFO: [Physopt 32-117] Net u_soc/u_axi_ram/u_axi_sram_sp/ADDRARDADDR[6] could not be optimized because driver u_soc/u_axi_ram/u_axi_sram_sp/BRAM_reg_0_0_3_i_10 could not be replicated
INFO: [Physopt 32-117] Net u_soc/u_axi_ram/u_axi_sram_sp/BRAM_reg_0_0_0_i_75_6[12] could not be optimized because driver u_soc/u_axi_ram/u_axi_sram_sp/BRAM_reg_3_0_0_i_20 could not be replicated
INFO: [Physopt 32-117] Net u_soc/u_axi_ram/u_axi_sram_sp/req_addr_q_reg[17]_7[12] could not be optimized because driver u_soc/u_axi_ram/u_axi_sram_sp/BRAM_reg_3_0_2_i_4 could not be replicated
INFO: [Physopt 32-117] Net u_soc/u_axi_ram/u_axi_sram_sp/BRAM_reg_0_0_0_i_75[5] could not be optimized because driver u_soc/u_axi_ram/u_axi_sram_sp/BRAM_reg_0_0_3_i_27 could not be replicated
INFO: [Physopt 32-117] Net u_soc/u_axi_ram/u_axi_sram_sp/req_addr_q_reg[17]_0[5] could not be optimized because driver u_soc/u_axi_ram/u_axi_sram_sp/BRAM_reg_0_0_5_i_11 could not be replicated
INFO: [Physopt 32-117] Net u_soc/u_axi_ram/u_axi_sram_sp/BRAM_reg_0_0_0_i_75[12] could not be optimized because driver u_soc/u_axi_ram/u_axi_sram_sp/BRAM_reg_0_0_3_i_20 could not be replicated
INFO: [Physopt 32-117] Net u_soc/u_axi_ram/u_axi_sram_sp/req_addr_q_reg[17]_0[12] could not be optimized because driver u_soc/u_axi_ram/u_axi_sram_sp/BRAM_reg_0_0_5_i_4 could not be replicated
INFO: [Physopt 32-117] Net u_soc/u_axi_ram/u_axi_sram_sp/BRAM_reg_0_0_0_i_75_6[13] could not be optimized because driver u_soc/u_axi_ram/u_axi_sram_sp/BRAM_reg_3_0_0_i_19 could not be replicated
INFO: [Physopt 32-117] Net u_soc/u_axi_ram/u_axi_sram_sp/req_addr_q_reg[17]_7[13] could not be optimized because driver u_soc/u_axi_ram/u_axi_sram_sp/BRAM_reg_3_0_2_i_3 could not be replicated
INFO: [Physopt 32-117] Net u_soc/u_axi_ram/u_axi_sram_sp/BRAM_reg_0_0_0_i_75[3] could not be optimized because driver u_soc/u_axi_ram/u_axi_sram_sp/BRAM_reg_0_0_3_i_29 could not be replicated
INFO: [Physopt 32-117] Net u_soc/u_axi_ram/u_axi_sram_sp/req_addr_q_reg[17]_0[3] could not be optimized because driver u_soc/u_axi_ram/u_axi_sram_sp/BRAM_reg_0_0_5_i_13 could not be replicated
INFO: [Physopt 32-117] Net u_soc/u_axi_ram/u_axi_sram_sp/BRAM_reg_0_0_0_i_75[11] could not be optimized because driver u_soc/u_axi_ram/u_axi_sram_sp/BRAM_reg_0_0_3_i_21 could not be replicated
INFO: [Physopt 32-117] Net u_soc/u_axi_ram/u_axi_sram_sp/req_addr_q_reg[17]_0[11] could not be optimized because driver u_soc/u_axi_ram/u_axi_sram_sp/BRAM_reg_0_0_5_i_5 could not be replicated
INFO: [Physopt 32-117] Net u_soc/u_axi_ram/u_axi_sram_sp/ADDRBWRADDR[1] could not be optimized because driver u_soc/u_axi_ram/u_axi_sram_sp/BRAM_reg_0_0_0_i_33 could not be replicated
INFO: [Physopt 32-117] Net u_soc/u_axi_ram/u_axi_sram_sp/ADDRARDADDR[1] could not be optimized because driver u_soc/u_axi_ram/u_axi_sram_sp/BRAM_reg_0_0_3_i_15 could not be replicated
INFO: [Physopt 32-117] Net u_soc/u_axi_ram/u_axi_sram_sp/BRAM_reg_0_0_0_i_75_2[2] could not be optimized because driver u_soc/u_axi_ram/u_axi_sram_sp/BRAM_reg_1_0_4_i_14 could not be replicated
INFO: [Physopt 32-117] Net u_soc/u_axi_ram/u_axi_sram_sp/req_addr_q_reg[17]_3[2] could not be optimized because driver u_soc/u_axi_ram/u_axi_sram_sp/BRAM_reg_1_0_5_i_14 could not be replicated
INFO: [Physopt 32-117] Net u_soc/u_axi_ram/u_axi_sram_sp/BRAM_reg_0_0_0_i_75[8] could not be optimized because driver u_soc/u_axi_ram/u_axi_sram_sp/BRAM_reg_0_0_3_i_24 could not be replicated
INFO: [Physopt 32-117] Net u_soc/u_axi_ram/u_axi_sram_sp/req_addr_q_reg[17]_0[8] could not be optimized because driver u_soc/u_axi_ram/u_axi_sram_sp/BRAM_reg_0_0_5_i_8 could not be replicated
INFO: [Physopt 32-117] Net u_soc/u_axi_ram/u_axi_sram_sp/BRAM_reg_0_0_0_i_75[1] could not be optimized because driver u_soc/u_axi_ram/u_axi_sram_sp/BRAM_reg_0_0_3_i_31 could not be replicated
INFO: [Physopt 32-117] Net u_soc/u_axi_ram/u_axi_sram_sp/req_addr_q_reg[17]_0[1] could not be optimized because driver u_soc/u_axi_ram/u_axi_sram_sp/BRAM_reg_0_0_5_i_15 could not be replicated
INFO: [Physopt 32-117] Net u_soc/u_axi_ram/u_axi_sram_sp/ADDRBWRADDR[2] could not be optimized because driver u_soc/u_axi_ram/u_axi_sram_sp/BRAM_reg_0_0_0_i_32 could not be replicated
INFO: [Physopt 32-117] Net u_soc/u_axi_ram/u_axi_sram_sp/ADDRARDADDR[2] could not be optimized because driver u_soc/u_axi_ram/u_axi_sram_sp/BRAM_reg_0_0_3_i_14 could not be replicated
INFO: [Physopt 32-117] Net u_soc/u_axi_ram/u_axi_sram_sp/BRAM_reg_0_0_0_i_75_2[8] could not be optimized because driver u_soc/u_axi_ram/u_axi_sram_sp/BRAM_reg_1_0_4_i_8 could not be replicated
INFO: [Physopt 32-117] Net u_soc/u_axi_ram/u_axi_sram_sp/req_addr_q_reg[17]_3[8] could not be optimized because driver u_soc/u_axi_ram/u_axi_sram_sp/BRAM_reg_1_0_5_i_8 could not be replicated
INFO: [Physopt 32-117] Net u_soc/u_axi_ram/u_axi_sram_sp/BRAM_reg_0_0_0_i_75_6[10] could not be optimized because driver u_soc/u_axi_ram/u_axi_sram_sp/BRAM_reg_3_0_0_i_22 could not be replicated
INFO: [Physopt 32-117] Net u_soc/u_axi_ram/u_axi_sram_sp/req_addr_q_reg[17]_7[10] could not be optimized because driver u_soc/u_axi_ram/u_axi_sram_sp/BRAM_reg_3_0_2_i_6 could not be replicated
INFO: [Physopt 32-117] Net u_soc/u_axi_ram/u_axi_sram_sp/ADDRBWRADDR[7] could not be optimized because driver u_soc/u_axi_ram/u_axi_sram_sp/BRAM_reg_0_0_0_i_27 could not be replicated
INFO: [Physopt 32-117] Net u_soc/u_axi_ram/u_axi_sram_sp/ADDRARDADDR[7] could not be optimized because driver u_soc/u_axi_ram/u_axi_sram_sp/BRAM_reg_0_0_3_i_9 could not be replicated
INFO: [Physopt 32-117] Net u_soc/u_axi_ram/u_axi_sram_sp/ADDRBWRADDR[0] could not be optimized because driver u_soc/u_axi_ram/u_axi_sram_sp/BRAM_reg_0_0_0_i_34 could not be replicated
INFO: [Physopt 32-117] Net u_soc/u_axi_ram/u_axi_sram_sp/ADDRARDADDR[0] could not be optimized because driver u_soc/u_axi_ram/u_axi_sram_sp/BRAM_reg_0_0_3_i_16 could not be replicated
INFO: [Physopt 32-117] Net u_soc/u_axi_ram/u_axi_sram_sp/BRAM_reg_0_0_0_i_75_7[9] could not be optimized because driver u_soc/u_axi_ram/u_axi_sram_sp/BRAM_reg_3_0_3_i_7 could not be replicated
INFO: [Physopt 32-117] Net u_soc/u_axi_ram/u_axi_sram_sp/req_addr_q_reg[17]_8[9] could not be optimized because driver u_soc/u_axi_ram/u_axi_sram_sp/BRAM_reg_3_0_5_i_7 could not be replicated
INFO: [Physopt 32-117] Net u_soc/u_axi_ram/u_axi_sram_sp/ADDRBWRADDR[15] could not be optimized because driver u_soc/u_axi_ram/u_axi_sram_sp/BRAM_reg_0_0_0_i_19 could not be replicated
INFO: [Physopt 32-117] Net u_soc/u_axi_ram/u_axi_sram_sp/ADDRARDADDR[15] could not be optimized because driver u_soc/u_axi_ram/u_axi_sram_sp/BRAM_reg_0_0_3_i_1 could not be replicated
INFO: [Physopt 32-117] Net u_soc/u_axi_ram/u_axi_sram_sp/mem_wstrb_reg[3]_14[0] could not be optimized because driver u_soc/u_axi_ram/u_axi_sram_sp/BRAM_reg_2_6_0_i_1 could not be replicated
INFO: [Physopt 32-117] Net u_soc/u_axi_ram/u_axi_sram_sp/ADDRBWRADDR[10] could not be optimized because driver u_soc/u_axi_ram/u_axi_sram_sp/BRAM_reg_0_0_0_i_24 could not be replicated
INFO: [Physopt 32-117] Net u_soc/u_axi_ram/u_axi_sram_sp/ADDRARDADDR[10] could not be optimized because driver u_soc/u_axi_ram/u_axi_sram_sp/BRAM_reg_0_0_3_i_6 could not be replicated
INFO: [Physopt 32-117] Net u_soc/u_axi_ram/u_axi_sram_sp/BRAM_reg_0_0_0_i_75_3[0] could not be optimized because driver u_soc/u_axi_ram/u_axi_sram_sp/BRAM_reg_1_0_7_i_16 could not be replicated
INFO: [Physopt 32-117] Net u_soc/u_axi_ram/u_axi_sram_sp/req_addr_q_reg[17]_4[0] could not be optimized because driver u_soc/u_axi_ram/u_axi_sram_sp/BRAM_reg_2_0_0_i_16 could not be replicated
INFO: [Physopt 32-117] Net u_soc/u_axi_ram/u_axi_sram_sp/mem_wstrb_reg[3][0] could not be optimized because driver u_soc/u_axi_ram/u_axi_sram_sp/BRAM_reg_3_7_2_i_1 could not be replicated
INFO: [Physopt 32-117] Net u_soc/u_axi_ram/u_axi_sram_sp/BRAM_reg_0_0_0_i_75[9] could not be optimized because driver u_soc/u_axi_ram/u_axi_sram_sp/BRAM_reg_0_0_3_i_23 could not be replicated
INFO: [Physopt 32-117] Net u_soc/u_axi_ram/u_axi_sram_sp/req_addr_q_reg[17]_0[9] could not be optimized because driver u_soc/u_axi_ram/u_axi_sram_sp/BRAM_reg_0_0_5_i_7 could not be replicated
INFO: [Physopt 32-117] Net u_soc/u_axi_ram/u_axi_sram_sp/BRAM_reg_0_0_0_i_75_2[0] could not be optimized because driver u_soc/u_axi_ram/u_axi_sram_sp/BRAM_reg_1_0_4_i_16 could not be replicated
INFO: [Physopt 32-117] Net u_soc/u_axi_ram/u_axi_sram_sp/req_addr_q_reg[17]_3[0] could not be optimized because driver u_soc/u_axi_ram/u_axi_sram_sp/BRAM_reg_1_0_5_i_16 could not be replicated
INFO: [Physopt 32-68] No nets found for critical-cell optimization.
INFO: [Physopt 32-232] Optimized 0 net. Created 0 new instance.
INFO: [Physopt 32-775] End 1 Pass. Optimized 0 net or cell. Created 0 new cell, deleted 0 existing cell and moved 0 existing cell
INFO: [Physopt 32-456] No candidate cells for DSP register optimization found in the design.
INFO: [Physopt 32-775] End 2 Pass. Optimized 0 net or cell. Created 0 new cell, deleted 0 existing cell and moved 0 existing cell
INFO: [Physopt 32-775] End 1 Pass. Optimized 0 net or cell. Created 0 new cell, deleted 0 existing cell and moved 0 existing cell
INFO: [Physopt 32-677] No candidate cells for Shift Register optimization found in the design
INFO: [Physopt 32-775] End 1 Pass. Optimized 0 net or cell. Created 0 new cell, deleted 0 existing cell and moved 0 existing cell
INFO: [Physopt 32-526] No candidate cells for BRAM register optimization found in the design
INFO: [Physopt 32-775] End 1 Pass. Optimized 0 net or cell. Created 0 new cell, deleted 0 existing cell and moved 0 existing cell
INFO: [Physopt 32-949] No candidate nets found for HD net replication
INFO: [Physopt 32-775] End 1 Pass. Optimized 0 net or cell. Created 0 new cell, deleted 0 existing cell and moved 0 existing cell
Netlist sorting complete. Time (s): cpu = 00:00:00 ; elapsed = 00:00:00.040 . Memory (MB): peak = 3033.402 ; gain = 0.000

Summary of Physical Synthesis Optimizations
============================================


-----------------------------------------------------------------------------------------------------------------------------------------------------------
|  Optimization                                     |  Added Cells  |  Removed Cells  |  Optimized Cells/Nets  |  Dont Touch  |  Iterations  |  Elapsed   |
-----------------------------------------------------------------------------------------------------------------------------------------------------------
|  LUT Combining                                    |            1  |           1088  |                  1089  |           0  |           1  |  00:00:10  |
|  Very High Fanout                                 |            0  |              0  |                     0  |           0  |           1  |  00:00:00  |
|  Critical Cell                                    |            0  |              0  |                     0  |           0  |           1  |  00:00:00  |
|  DSP Register                                     |            0  |              0  |                     0  |           0  |           1  |  00:00:00  |
|  Shift Register to Pipeline                       |            0  |              0  |                     0  |           0  |           1  |  00:00:00  |
|  Shift Register                                   |            0  |              0  |                     0  |           0  |           1  |  00:00:00  |
|  BRAM Register                                    |            0  |              0  |                     0  |           0  |           1  |  00:00:00  |
|  Dynamic/Static Region Interface Net Replication  |            0  |              0  |                     0  |           0  |           1  |  00:00:00  |
|  Total                                            |            1  |           1088  |                  1089  |           0  |           8  |  00:00:11  |
-----------------------------------------------------------------------------------------------------------------------------------------------------------


Phase 2.2.1 Physical Synthesis In Placer | Checksum: f20b1cb8

Time (s): cpu = 00:03:44 ; elapsed = 00:01:46 . Memory (MB): peak = 3033.402 ; gain = 0.000
Phase 2.2 Global Placement Core | Checksum: 1796ed82a

Time (s): cpu = 00:04:00 ; elapsed = 00:01:55 . Memory (MB): peak = 3033.402 ; gain = 0.000
Phase 2 Global Placement | Checksum: 1796ed82a

Time (s): cpu = 00:04:01 ; elapsed = 00:01:55 . Memory (MB): peak = 3033.402 ; gain = 0.000

Phase 3 Detail Placement

Phase 3.1 Commit Multi Column Macros
Phase 3.1 Commit Multi Column Macros | Checksum: 1c8342fc7

Time (s): cpu = 00:04:16 ; elapsed = 00:02:01 . Memory (MB): peak = 3033.402 ; gain = 0.000

Phase 3.2 Commit Most Macros & LUTRAMs
Phase 3.2 Commit Most Macros & LUTRAMs | Checksum: b16185be

Time (s): cpu = 00:04:41 ; elapsed = 00:02:14 . Memory (MB): peak = 3033.402 ; gain = 0.000

Phase 3.3 Area Swap Optimization
Phase 3.3 Area Swap Optimization | Checksum: 10d4df76a

Time (s): cpu = 00:04:43 ; elapsed = 00:02:15 . Memory (MB): peak = 3033.402 ; gain = 0.000

Phase 3.4 Pipeline Register Optimization
Phase 3.4 Pipeline Register Optimization | Checksum: c81279cd

Time (s): cpu = 00:04:43 ; elapsed = 00:02:15 . Memory (MB): peak = 3033.402 ; gain = 0.000

Phase 3.5 Fast Optimization
Phase 3.5 Fast Optimization | Checksum: fb8289df

Time (s): cpu = 00:05:06 ; elapsed = 00:02:27 . Memory (MB): peak = 3033.402 ; gain = 0.000

Phase 3.6 Small Shape Detail Placement
Phase 3.6 Small Shape Detail Placement | Checksum: 18ef5ba45

Time (s): cpu = 00:05:27 ; elapsed = 00:02:45 . Memory (MB): peak = 3033.402 ; gain = 0.000

Phase 3.7 Re-assign LUT pins
Phase 3.7 Re-assign LUT pins | Checksum: f73d4baa

Time (s): cpu = 00:05:31 ; elapsed = 00:02:49 . Memory (MB): peak = 3033.402 ; gain = 0.000

Phase 3.8 Pipeline Register Optimization
Phase 3.8 Pipeline Register Optimization | Checksum: c3a3c6c3

Time (s): cpu = 00:05:31 ; elapsed = 00:02:49 . Memory (MB): peak = 3033.402 ; gain = 0.000

Phase 3.9 Fast Optimization
Phase 3.9 Fast Optimization | Checksum: 194bddcc8

Time (s): cpu = 00:06:04 ; elapsed = 00:03:06 . Memory (MB): peak = 3033.402 ; gain = 0.000
Phase 3 Detail Placement | Checksum: 194bddcc8

Time (s): cpu = 00:06:04 ; elapsed = 00:03:07 . Memory (MB): peak = 3033.402 ; gain = 0.000

Phase 4 Post Placement Optimization and Clean-Up

Phase 4.1 Post Commit Optimization
INFO: [Timing 38-35] Done setting XDC timing constraints.

Phase 4.1.1 Post Placement Optimization
Post Placement Optimization Initialization | Checksum: 194412155

Phase 4.1.1.1 BUFG Insertion
INFO: [Place 46-33] Processed net u_soc/pll_clk.u_rst_sys/SR[0], BUFG insertion was skipped due to placement/routing conflicts.
INFO: [Place 46-33] Processed net u_lcd/u_writer/FPGA_RSTn_in, BUFG insertion was skipped due to placement/routing conflicts.
INFO: [Place 46-56] BUFG insertion identified 2 candidate nets. Inserted BUFG: 0, Replicated BUFG Driver: 0, Skipped due to Placement/Routing Conflicts: 2, Skipped due to Timing Degradation: 0, Skipped due to Illegal Netlist: 0.
Phase 4.1.1.1 BUFG Insertion | Checksum: 194412155

Time (s): cpu = 00:06:41 ; elapsed = 00:03:18 . Memory (MB): peak = 3033.402 ; gain = 0.000
INFO: [Place 30-746] Post Placement Timing Summary WNS=0.203. For the most accurate timing information please run report_timing.
Phase 4.1.1 Post Placement Optimization | Checksum: 14d12e02d

Time (s): cpu = 00:07:22 ; elapsed = 00:03:34 . Memory (MB): peak = 3033.402 ; gain = 0.000
Phase 4.1 Post Commit Optimization | Checksum: 14d12e02d

Time (s): cpu = 00:07:22 ; elapsed = 00:03:35 . Memory (MB): peak = 3033.402 ; gain = 0.000

Phase 4.2 Post Placement Cleanup
Phase 4.2 Post Placement Cleanup | Checksum: 14d12e02d

Time (s): cpu = 00:07:24 ; elapsed = 00:03:36 . Memory (MB): peak = 3033.402 ; gain = 0.000

Phase 4.3 Placer Reporting
Phase 4.3 Placer Reporting | Checksum: 14d12e02d

Time (s): cpu = 00:07:24 ; elapsed = 00:03:36 . Memory (MB): peak = 3033.402 ; gain = 0.000

Phase 4.4 Final Placement Cleanup
Netlist sorting complete. Time (s): cpu = 00:00:00 ; elapsed = 00:00:00.039 . Memory (MB): peak = 3033.402 ; gain = 0.000
Phase 4.4 Final Placement Cleanup | Checksum: 194e1b197

Time (s): cpu = 00:07:25 ; elapsed = 00:03:37 . Memory (MB): peak = 3033.402 ; gain = 0.000
Phase 4 Post Placement Optimization and Clean-Up | Checksum: 194e1b197

Time (s): cpu = 00:07:25 ; elapsed = 00:03:37 . Memory (MB): peak = 3033.402 ; gain = 0.000
Ending Placer Task | Checksum: e2e95c76

Time (s): cpu = 00:07:25 ; elapsed = 00:03:37 . Memory (MB): peak = 3033.402 ; gain = 0.000
INFO: [Common 17-83] Releasing license: Implementation
113 Infos, 42 Warnings, 0 Critical Warnings and 0 Errors encountered.
place_design completed successfully
place_design: Time (s): cpu = 00:07:31 ; elapsed = 00:03:41 . Memory (MB): peak = 3033.402 ; gain = 0.000
INFO: [Common 17-600] The following parameters have non-default value.
general.maxThreads
# phys_opt_design
Command: phys_opt_design
Attempting to get a license for feature 'Implementation' and/or device 'xc7a200t'
INFO: [Common 17-349] Got license for feature 'Implementation' and/or device 'xc7a200t'
Netlist sorting complete. Time (s): cpu = 00:00:00 ; elapsed = 00:00:00.031 . Memory (MB): peak = 3033.402 ; gain = 0.000

Starting Physical Synthesis Task

Phase 1 Physical Synthesis Initialization
INFO: [Physopt 32-721] Multithreading enabled for phys_opt_design using a maximum of 16 CPUs
INFO: [Physopt 32-619] Estimated Timing Summary | WNS=0.203 | TNS=0.000 |
Phase 1 Physical Synthesis Initialization | Checksum: 17b409e6d

Time (s): cpu = 00:00:34 ; elapsed = 00:00:08 . Memory (MB): peak = 3033.402 ; gain = 0.000
INFO: [Physopt 32-619] Estimated Timing Summary | WNS=0.203 | TNS=0.000 |

Phase 2 DSP Register Optimization
INFO: [Physopt 32-670] No setup violation found.  DSP Register Optimization was not performed.
Phase 2 DSP Register Optimization | Checksum: 17b409e6d

Time (s): cpu = 00:00:35 ; elapsed = 00:00:09 . Memory (MB): peak = 3033.402 ; gain = 0.000

Phase 3 Critical Path Optimization
INFO: [Physopt 32-619] Estimated Timing Summary | WNS=0.203 | TNS=0.000 |
INFO: [Physopt 32-619] Estimated Timing Summary | WNS=0.203 | TNS=0.000 |
Phase 3 Critical Path Optimization | Checksum: 17b409e6d

Time (s): cpu = 00:00:36 ; elapsed = 00:00:09 . Memory (MB): peak = 3033.402 ; gain = 0.000
Netlist sorting complete. Time (s): cpu = 00:00:00 ; elapsed = 00:00:00.032 . Memory (MB): peak = 3033.402 ; gain = 0.000
INFO: [Physopt 32-603] Post Physical Optimization Timing Summary | WNS=0.203 | TNS=0.000 |

Summary of Physical Synthesis Optimizations
============================================


-------------------------------------------------------------------------------------------------------------------------------------------------------------
|  Optimization   |  WNS Gain (ns)  |  TNS Gain (ns)  |  Added Cells  |  Removed Cells  |  Optimized Cells/Nets  |  Dont Touch  |  Iterations  |  Elapsed   |
-------------------------------------------------------------------------------------------------------------------------------------------------------------
|  DSP Register   |          0.000  |          0.000  |            0  |              0  |                     0  |           0  |           0  |  00:00:00  |
|  Critical Path  |          0.000  |          0.000  |            0  |              0  |                     0  |           0  |           1  |  00:00:00  |
|  Total          |          0.000  |          0.000  |            0  |              0  |                     0  |           0  |           1  |  00:00:00  |
-------------------------------------------------------------------------------------------------------------------------------------------------------------


Netlist sorting complete. Time (s): cpu = 00:00:00 ; elapsed = 00:00:00.030 . Memory (MB): peak = 3033.402 ; gain = 0.000
Ending Physical Synthesis Task | Checksum: 17b409e6d

Time (s): cpu = 00:00:36 ; elapsed = 00:00:09 . Memory (MB): peak = 3033.402 ; gain = 0.000
INFO: [Common 17-83] Releasing license: Implementation
9 Infos, 0 Warnings, 0 Critical Warnings and 0 Errors encountered.
phys_opt_design completed successfully
phys_opt_design: Time (s): cpu = 00:01:15 ; elapsed = 00:00:17 . Memory (MB): peak = 3033.402 ; gain = 0.000
INFO: [Common 17-600] The following parameters have non-default value.
general.maxThreads
# report_timing_summary -file [file join $report_dir post_place_timing.rpt]
INFO: [Timing 38-91] UpdateTimingParams: Speed grade: -1, Delay Type: min_max.
INFO: [Timing 38-191] Multithreading enabled for timing update using a maximum of 16 CPUs
report_timing_summary: Time (s): cpu = 00:00:35 ; elapsed = 00:00:07 . Memory (MB): peak = 3033.402 ; gain = 0.000
# write_checkpoint -force [file join $output_dir post_place.dcp]
Netlist sorting complete. Time (s): cpu = 00:00:00 ; elapsed = 00:00:00.029 . Memory (MB): peak = 3033.402 ; gain = 0.000
INFO: [Timing 38-480] Writing timing data to binary archive.
Writing placer database...
Writing XDEF routing.
Writing XDEF routing logical nets.
Writing XDEF routing special nets.
Write XDEF Complete: Time (s): cpu = 00:00:12 ; elapsed = 00:00:04 . Memory (MB): peak = 3033.402 ; gain = 0.000
INFO: [Common 17-1381] The checkpoint 'D:/loongarch_soc/nh3_soc_dma_touch_demo/output/post_place.dcp' has been generated.
write_checkpoint: Time (s): cpu = 00:00:16 ; elapsed = 00:00:10 . Memory (MB): peak = 3033.402 ; gain = 0.000
# route_design
Command: route_design
Attempting to get a license for feature 'Implementation' and/or device 'xc7a200t'
INFO: [Common 17-349] Got license for feature 'Implementation' and/or device 'xc7a200t'
Running DRC as a precondition to command route_design
INFO: [DRC 23-27] Running DRC with 16 threads
INFO: [Vivado_Tcl 4-198] DRC finished with 0 Errors
INFO: [Vivado_Tcl 4-199] Please refer to the DRC report (report_drc) for more information.


Starting Routing Task
INFO: [Route 35-254] Multithreading enabled for route_design using a maximum of 8 CPUs
Checksum: PlaceDB: 68456aa7 ConstDB: 0 ShapeSum: e0f09052 RouteDB: 0

Phase 1 Build RT Design
Phase 1 Build RT Design | Checksum: 673bd0de

Time (s): cpu = 00:00:50 ; elapsed = 00:00:37 . Memory (MB): peak = 3033.402 ; gain = 0.000
Post Restoration Checksum: NetGraph: 33ceafab NumContArr: 336d2133 Constraints: 0 Timing: 0

Phase 2 Router Initialization

Phase 2.1 Create Timer
Phase 2.1 Create Timer | Checksum: 673bd0de

Time (s): cpu = 00:00:51 ; elapsed = 00:00:38 . Memory (MB): peak = 3033.402 ; gain = 0.000

Phase 2.2 Fix Topology Constraints
Phase 2.2 Fix Topology Constraints | Checksum: 673bd0de

Time (s): cpu = 00:00:52 ; elapsed = 00:00:39 . Memory (MB): peak = 3033.402 ; gain = 0.000

Phase 2.3 Pre Route Cleanup
Phase 2.3 Pre Route Cleanup | Checksum: 673bd0de

Time (s): cpu = 00:00:52 ; elapsed = 00:00:39 . Memory (MB): peak = 3033.402 ; gain = 0.000
 Number of Nodes with overlaps = 0

Phase 2.4 Update Timing
Phase 2.4 Update Timing | Checksum: c92035b4

Time (s): cpu = 00:01:38 ; elapsed = 00:01:00 . Memory (MB): peak = 3033.402 ; gain = 0.000
INFO: [Route 35-416] Intermediate Timing Summary | WNS=0.233  | TNS=0.000  | WHS=-0.398 | THS=-275.077|

Phase 2 Router Initialization | Checksum: fb5ab9b0

Time (s): cpu = 00:02:01 ; elapsed = 00:01:07 . Memory (MB): peak = 3033.402 ; gain = 0.000

Router Utilization Summary
  Global Vertical Routing Utilization    = 0 %
  Global Horizontal Routing Utilization  = 0 %
  Routable Net Status*
  *Does not include unroutable nets such as driverless and loadless.
  Run report_route_status for detailed report.
  Number of Failed Nets               = 65276
    (Failed Nets is the sum of unrouted and partially routed nets)
  Number of Unrouted Nets             = 65275
  Number of Partially Routed Nets     = 1
  Number of Node Overlaps             = 0


Phase 3 Initial Routing
Phase 3 Initial Routing | Checksum: c89d3374

Time (s): cpu = 00:04:47 ; elapsed = 00:01:48 . Memory (MB): peak = 3259.344 ; gain = 225.941
INFO: [Route 35-580] Design has 1 pins with tight setup and hold constraints.

The top 5 pins with tight setup and hold constraints:

+--------------------------+--------------------------+----------------------------------------------------------------------------------------------------------+
|       Launch Clock       |      Capture Clock       |                                                 Pin                                                      |
+--------------------------+--------------------------+----------------------------------------------------------------------------------------------------------+
|              sys_clk_raw |              cpu_clk_raw |                                                                      u_soc/u_cpu/u_csr/csr_estat_reg[2]/D|
+--------------------------+--------------------------+----------------------------------------------------------------------------------------------------------+

File with complete list of pins: tight_setup_hold_pins.txt


Phase 4 Rip-up And Reroute

Phase 4.1 Global Iteration 0
 Number of Nodes with overlaps = 27515
 Number of Nodes with overlaps = 6771
 Number of Nodes with overlaps = 2120
 Number of Nodes with overlaps = 914
 Number of Nodes with overlaps = 333
 Number of Nodes with overlaps = 41
 Number of Nodes with overlaps = 7
 Number of Nodes with overlaps = 5
 Number of Nodes with overlaps = 0
INFO: [Route 35-416] Intermediate Timing Summary | WNS=0.171  | TNS=0.000  | WHS=N/A    | THS=N/A    |

Phase 4.1 Global Iteration 0 | Checksum: 1db6c8922

Time (s): cpu = 00:09:13 ; elapsed = 00:04:02 . Memory (MB): peak = 3259.344 ; gain = 225.941
Phase 4 Rip-up And Reroute | Checksum: 1db6c8922

Time (s): cpu = 00:09:13 ; elapsed = 00:04:02 . Memory (MB): peak = 3259.344 ; gain = 225.941

Phase 5 Delay and Skew Optimization

Phase 5.1 Delay CleanUp

Phase 5.1.1 Update Timing
Phase 5.1.1 Update Timing | Checksum: 16224e854

Time (s): cpu = 00:09:23 ; elapsed = 00:04:04 . Memory (MB): peak = 3259.344 ; gain = 225.941
INFO: [Route 35-416] Intermediate Timing Summary | WNS=0.171  | TNS=0.000  | WHS=N/A    | THS=N/A    |

Phase 5.1 Delay CleanUp | Checksum: 16224e854

Time (s): cpu = 00:09:24 ; elapsed = 00:04:05 . Memory (MB): peak = 3259.344 ; gain = 225.941

Phase 5.2 Clock Skew Optimization
Phase 5.2 Clock Skew Optimization | Checksum: 16224e854

Time (s): cpu = 00:09:24 ; elapsed = 00:04:05 . Memory (MB): peak = 3259.344 ; gain = 225.941
Phase 5 Delay and Skew Optimization | Checksum: 16224e854

Time (s): cpu = 00:09:24 ; elapsed = 00:04:05 . Memory (MB): peak = 3259.344 ; gain = 225.941

Phase 6 Post Hold Fix

Phase 6.1 Hold Fix Iter

Phase 6.1.1 Update Timing
Phase 6.1.1 Update Timing | Checksum: 20b6f45c8

Time (s): cpu = 00:09:36 ; elapsed = 00:04:08 . Memory (MB): peak = 3259.344 ; gain = 225.941
INFO: [Route 35-416] Intermediate Timing Summary | WNS=0.171  | TNS=0.000  | WHS=0.015  | THS=0.000  |

Phase 6.1 Hold Fix Iter | Checksum: 24e6a9c83

Time (s): cpu = 00:09:36 ; elapsed = 00:04:09 . Memory (MB): peak = 3259.344 ; gain = 225.941
Phase 6 Post Hold Fix | Checksum: 24e6a9c83

Time (s): cpu = 00:09:36 ; elapsed = 00:04:09 . Memory (MB): peak = 3259.344 ; gain = 225.941

Phase 7 Route finalize

Router Utilization Summary
  Global Vertical Routing Utilization    = 12.9789 %
  Global Horizontal Routing Utilization  = 14.9586 %
  Routable Net Status*
  *Does not include unroutable nets such as driverless and loadless.
  Run report_route_status for detailed report.
  Number of Failed Nets               = 0
    (Failed Nets is the sum of unrouted and partially routed nets)
  Number of Unrouted Nets             = 0
  Number of Partially Routed Nets     = 0
  Number of Node Overlaps             = 0

Phase 7 Route finalize | Checksum: 1d3932c4f

Time (s): cpu = 00:09:37 ; elapsed = 00:04:10 . Memory (MB): peak = 3259.344 ; gain = 225.941

Phase 8 Verifying routed nets

 Verification completed successfully
Phase 8 Verifying routed nets | Checksum: 1d3932c4f

Time (s): cpu = 00:09:38 ; elapsed = 00:04:10 . Memory (MB): peak = 3259.344 ; gain = 225.941

Phase 9 Depositing Routes
Phase 9 Depositing Routes | Checksum: 25bf54967

Time (s): cpu = 00:09:45 ; elapsed = 00:04:18 . Memory (MB): peak = 3259.344 ; gain = 225.941

Phase 10 Post Router Timing
INFO: [Route 35-57] Estimated Timing Summary | WNS=0.171  | TNS=0.000  | WHS=0.015  | THS=0.000  |

INFO: [Route 35-327] The final timing numbers are based on the router estimated timing analysis. For a complete and accurate timing signoff, please run report_timing_summary.
Phase 10 Post Router Timing | Checksum: 25bf54967

Time (s): cpu = 00:09:46 ; elapsed = 00:04:19 . Memory (MB): peak = 3259.344 ; gain = 225.941
INFO: [Route 35-16] Router Completed Successfully

Time (s): cpu = 00:09:46 ; elapsed = 00:04:19 . Memory (MB): peak = 3259.344 ; gain = 225.941

Routing Is Done.
INFO: [Common 17-83] Releasing license: Implementation
14 Infos, 0 Warnings, 0 Critical Warnings and 0 Errors encountered.
route_design completed successfully
route_design: Time (s): cpu = 00:09:53 ; elapsed = 00:04:23 . Memory (MB): peak = 3259.344 ; gain = 225.941
INFO: [Common 17-600] The following parameters have non-default value.
general.maxThreads
# assert_zero_dsp ROUTED
WARNING: [Vivado 12-180] No cells matched 'get_cells -hier -filter {REF_NAME =~ DSP48* || PRIMITIVE_TYPE =~ ARITHMETIC.DSP*}'.
ROUTED_DSP48_COUNT=0
# report_utilization -file [file join $report_dir post_route_utilization.rpt]
# report_timing_summary -file [file join $report_dir post_route_timing.rpt]
INFO: [Timing 38-91] UpdateTimingParams: Speed grade: -1, Delay Type: min_max.
INFO: [Timing 38-191] Multithreading enabled for timing update using a maximum of 16 CPUs
report_timing_summary: Time (s): cpu = 00:00:42 ; elapsed = 00:00:09 . Memory (MB): peak = 3259.344 ; gain = 0.000
# report_drc -file [file join $report_dir post_route_drc.rpt]
Command: report_drc -file D:/loongarch_soc/nh3_soc_dma_touch_demo/reports/post_route_drc.rpt
INFO: [IP_Flow 19-234] Refreshing IP repositories
INFO: [IP_Flow 19-1704] No user IP repositories specified
INFO: [IP_Flow 19-2313] Loaded Vivado IP repository 'D:/Xilinx/Vivado/2019.2/data/ip'.
INFO: [DRC 23-27] Running DRC with 16 threads
INFO: [Coretcl 2-168] The results of DRC are in file D:/loongarch_soc/nh3_soc_dma_touch_demo/reports/post_route_drc.rpt.
report_drc completed successfully
report_drc: Time (s): cpu = 00:00:21 ; elapsed = 00:00:07 . Memory (MB): peak = 3259.344 ; gain = 0.000
# report_route_status -file [file join $report_dir post_route_status.rpt]
# report_clock_utilization -file [file join $report_dir clock_utilization.rpt]
# write_checkpoint -force [file join $output_dir post_route.dcp]
Netlist sorting complete. Time (s): cpu = 00:00:00 ; elapsed = 00:00:00.045 . Memory (MB): peak = 3259.344 ; gain = 0.000
INFO: [Timing 38-480] Writing timing data to binary archive.
Writing placer database...
Writing XDEF routing.
Writing XDEF routing logical nets.
Writing XDEF routing special nets.
Write XDEF Complete: Time (s): cpu = 00:00:18 ; elapsed = 00:00:07 . Memory (MB): peak = 3259.344 ; gain = 0.000
INFO: [Common 17-1381] The checkpoint 'D:/loongarch_soc/nh3_soc_dma_touch_demo/output/post_route.dcp' has been generated.
write_checkpoint: Time (s): cpu = 00:00:22 ; elapsed = 00:00:11 . Memory (MB): peak = 3259.344 ; gain = 0.000
# set drc_errors [get_drc_violations -quiet -filter {SEVERITY == Error}]
# set drc_critical [get_drc_violations -quiet -filter {SEVERITY == {Critical Warning}}]
# puts "FINAL_DRC_ERROR_COUNT=[llength $drc_errors]"
FINAL_DRC_ERROR_COUNT=0
# puts "FINAL_DRC_CRITICAL_WARNING_COUNT=[llength $drc_critical]"
FINAL_DRC_CRITICAL_WARNING_COUNT=0
# if {[llength $drc_errors] != 0 || [llength $drc_critical] != 0} {
#     error "implementation has blocking DRC violations"
# }
# set final_wns [get_property SLACK [get_timing_paths -delay_type max -max_paths 1]]
# set final_whs [get_property SLACK [get_timing_paths -delay_type min -max_paths 1]]
# puts "WNS=$final_wns"
WNS=0.170
# puts "WHS=$final_whs"
WHS=0.015
# if {$final_wns < 0.0 || $final_whs < 0.0} {
#     error "implementation does not meet timing: WNS=$final_wns WHS=$final_whs"
# }
# set bit_file [file join $output_dir nh3_demo_soc_dma_tft_touch.bit]
# write_bitstream -force $bit_file
Command: write_bitstream -force D:/loongarch_soc/nh3_soc_dma_touch_demo/output/nh3_demo_soc_dma_tft_touch.bit
Attempting to get a license for feature 'Implementation' and/or device 'xc7a200t'
INFO: [Common 17-349] Got license for feature 'Implementation' and/or device 'xc7a200t'
Running DRC as a precondition to command write_bitstream
INFO: [IP_Flow 19-1839] IP Catalog is up to date.
INFO: [DRC 23-27] Running DRC with 16 threads
WARNING: [DRC CHECK-3] Report rule limit reached: REQP-1839 rule limit reached: 20 violations have been found.
WARNING: [DRC CHECK-3] Report rule limit reached: REQP-1840 rule limit reached: 20 violations have been found.
WARNING: [DRC CHECK-3] Report rule limit reached: REQP-1840 rule limit reached: 20 violations have been found.
WARNING: [DRC IOSR-1] IOB set reset sharing: IO FPGA_SW[0] connects to flops which have these u_lcd/u_writer/FPGA_RSTn_in, and u_soc/pll_clk.u_rst_sys/SR[0] set/reset signals.  For optimal IOB flop packing there should be only one set/reset signal coming into the IOB.
WARNING: [DRC IOSR-1] IOB set reset sharing: IO FPGA_SW[1] connects to flops which have these u_lcd/u_writer/FPGA_RSTn_in, and u_soc/pll_clk.u_rst_sys/SR[0] set/reset signals.  For optimal IOB flop packing there should be only one set/reset signal coming into the IOB.
WARNING: [DRC IOSR-1] IOB set reset sharing: IO FPGA_SW[2] connects to flops which have these u_lcd/u_writer/FPGA_RSTn_in, and u_soc/pll_clk.u_rst_sys/SR[0] set/reset signals.  For optimal IOB flop packing there should be only one set/reset signal coming into the IOB.
WARNING: [DRC IOSR-1] IOB set reset sharing: IO FPGA_SW[3] connects to flops which have these u_lcd/u_writer/FPGA_RSTn_in, and u_soc/pll_clk.u_rst_sys/SR[0] set/reset signals.  For optimal IOB flop packing there should be only one set/reset signal coming into the IOB.
WARNING: [DRC IOSR-1] IOB set reset sharing: IO FPGA_SW[4] connects to flops which have these u_lcd/u_writer/FPGA_RSTn_in, and u_soc/pll_clk.u_rst_sys/SR[0] set/reset signals.  For optimal IOB flop packing there should be only one set/reset signal coming into the IOB.
WARNING: [DRC IOSR-1] IOB set reset sharing: IO FPGA_SW[5] connects to flops which have these u_lcd/u_writer/FPGA_RSTn_in, and u_soc/pll_clk.u_rst_sys/SR[0] set/reset signals.  For optimal IOB flop packing there should be only one set/reset signal coming into the IOB.
WARNING: [DRC IOSR-1] IOB set reset sharing: IO FPGA_SW[6] connects to flops which have these u_lcd/u_writer/FPGA_RSTn_in, and u_soc/pll_clk.u_rst_sys/SR[0] set/reset signals.  For optimal IOB flop packing there should be only one set/reset signal coming into the IOB.
WARNING: [DRC IOSR-1] IOB set reset sharing: IO FPGA_SW[7] connects to flops which have these u_lcd/u_writer/FPGA_RSTn_in, and u_soc/pll_clk.u_rst_sys/SR[0] set/reset signals.  For optimal IOB flop packing there should be only one set/reset signal coming into the IOB.
WARNING: [DRC REQP-1839] RAMB36 async control check: The RAMB36E1 u_soc/u_axi_ram/u_fpga_sram/BRAM_reg_0_0_0 has an input control pin u_soc/u_axi_ram/u_fpga_sram/BRAM_reg_0_0_0/ADDRARDADDR[15] (net: u_soc/u_axi_ram/u_fpga_sram/fpga_sram_addr[15]) which is driven by a register (u_soc/u_axi_ram/u_axi_sram_sp/FSM_sequential_state_q_reg[0]) that has an active asychronous set or reset. This may cause corruption of the memory contents and/or read values when the set/reset is asserted and is not analyzed by the default static timing analysis. It is suggested to eliminate the use of a set/reset to registers driving this RAMB pin or else use a synchronous reset in which the assertion of the reset is timed by default.
WARNING: [DRC REQP-1839] RAMB36 async control check: The RAMB36E1 u_soc/u_axi_ram/u_fpga_sram/BRAM_reg_0_0_0 has an input control pin u_soc/u_axi_ram/u_fpga_sram/BRAM_reg_0_0_0/ADDRARDADDR[15] (net: u_soc/u_axi_ram/u_fpga_sram/fpga_sram_addr[15]) which is driven by a register (u_soc/u_axi_ram/u_axi_sram_sp/FSM_sequential_state_q_reg[1]) that has an active asychronous set or reset. This may cause corruption of the memory contents and/or read values when the set/reset is asserted and is not analyzed by the default static timing analysis. It is suggested to eliminate the use of a set/reset to registers driving this RAMB pin or else use a synchronous reset in which the assertion of the reset is timed by default.
WARNING: [DRC REQP-1839] RAMB36 async control check: The RAMB36E1 u_soc/u_axi_ram/u_fpga_sram/BRAM_reg_0_0_0 has an input control pin u_soc/u_axi_ram/u_fpga_sram/BRAM_reg_0_0_0/ADDRARDADDR[15] (net: u_soc/u_axi_ram/u_fpga_sram/fpga_sram_addr[15]) which is driven by a register (u_soc/u_axi_ram/u_axi_sram_sp/FSM_sequential_state_q_reg[2]) that has an active asychronous set or reset. This may cause corruption of the memory contents and/or read values when the set/reset is asserted and is not analyzed by the default static timing analysis. It is suggested to eliminate the use of a set/reset to registers driving this RAMB pin or else use a synchronous reset in which the assertion of the reset is timed by default.
WARNING: [DRC REQP-1839] RAMB36 async control check: The RAMB36E1 u_soc/u_axi_ram/u_fpga_sram/BRAM_reg_0_0_0 has an input control pin u_soc/u_axi_ram/u_fpga_sram/BRAM_reg_0_0_0/ADDRARDADDR[15] (net: u_soc/u_axi_ram/u_fpga_sram/fpga_sram_addr[15]) which is driven by a register (u_soc/u_axi_ram/u_axi_sram_sp/ax_req_q_addr_reg[10]) that has an active asychronous set or reset. This may cause corruption of the memory contents and/or read values when the set/reset is asserted and is not analyzed by the default static timing analysis. It is suggested to eliminate the use of a set/reset to registers driving this RAMB pin or else use a synchronous reset in which the assertion of the reset is timed by default.
WARNING: [DRC REQP-1839] RAMB36 async control check: The RAMB36E1 u_soc/u_axi_ram/u_fpga_sram/BRAM_reg_0_0_0 has an input control pin u_soc/u_axi_ram/u_fpga_sram/BRAM_reg_0_0_0/ADDRARDADDR[15] (net: u_soc/u_axi_ram/u_fpga_sram/fpga_sram_addr[15]) which is driven by a register (u_soc/u_axi_ram/u_axi_sram_sp/ax_req_q_addr_reg[11]) that has an active asychronous set or reset. This may cause corruption of the memory contents and/or read values when the set/reset is asserted and is not analyzed by the default static timing analysis. It is suggested to eliminate the use of a set/reset to registers driving this RAMB pin or else use a synchronous reset in which the assertion of the reset is timed by default.
WARNING: [DRC REQP-1839] RAMB36 async control check: The RAMB36E1 u_soc/u_axi_ram/u_fpga_sram/BRAM_reg_0_0_0 has an input control pin u_soc/u_axi_ram/u_fpga_sram/BRAM_reg_0_0_0/ADDRARDADDR[15] (net: u_soc/u_axi_ram/u_fpga_sram/fpga_sram_addr[15]) which is driven by a register (u_soc/u_axi_ram/u_axi_sram_sp/ax_req_q_addr_reg[16]) that has an active asychronous set or reset. This may cause corruption of the memory contents and/or read values when the set/reset is asserted and is not analyzed by the default static timing analysis. It is suggested to eliminate the use of a set/reset to registers driving this RAMB pin or else use a synchronous reset in which the assertion of the reset is timed by default.
WARNING: [DRC REQP-1839] RAMB36 async control check: The RAMB36E1 u_soc/u_axi_ram/u_fpga_sram/BRAM_reg_0_0_0 has an input control pin u_soc/u_axi_ram/u_fpga_sram/BRAM_reg_0_0_0/ADDRARDADDR[15] (net: u_soc/u_axi_ram/u_fpga_sram/fpga_sram_addr[15]) which is driven by a register (u_soc/u_axi_ram/u_axi_sram_sp/ax_req_q_addr_reg[17]) that has an active asychronous set or reset. This may cause corruption of the memory contents and/or read values when the set/reset is asserted and is not analyzed by the default static timing analysis. It is suggested to eliminate the use of a set/reset to registers driving this RAMB pin or else use a synchronous reset in which the assertion of the reset is timed by default.
WARNING: [DRC REQP-1839] RAMB36 async control check: The RAMB36E1 u_soc/u_axi_ram/u_fpga_sram/BRAM_reg_0_0_0 has an input control pin u_soc/u_axi_ram/u_fpga_sram/BRAM_reg_0_0_0/ADDRARDADDR[15] (net: u_soc/u_axi_ram/u_fpga_sram/fpga_sram_addr[15]) which is driven by a register (u_soc/u_axi_ram/u_axi_sram_sp/ax_req_q_addr_reg[19]) that has an active asychronous set or reset. This may cause corruption of the memory contents and/or read values when the set/reset is asserted and is not analyzed by the default static timing analysis. It is suggested to eliminate the use of a set/reset to registers driving this RAMB pin or else use a synchronous reset in which the assertion of the reset is timed by default.
WARNING: [DRC REQP-1839] RAMB36 async control check: The RAMB36E1 u_soc/u_axi_ram/u_fpga_sram/BRAM_reg_0_0_0 has an input control pin u_soc/u_axi_ram/u_fpga_sram/BRAM_reg_0_0_0/ADDRARDADDR[15] (net: u_soc/u_axi_ram/u_fpga_sram/fpga_sram_addr[15]) which is driven by a register (u_soc/u_axi_ram/u_axi_sram_sp/ax_req_q_addr_reg[1]) that has an active asychronous set or reset. This may cause corruption of the memory contents and/or read values when the set/reset is asserted and is not analyzed by the default static timing analysis. It is suggested to eliminate the use of a set/reset to registers driving this RAMB pin or else use a synchronous reset in which the assertion of the reset is timed by default.
WARNING: [DRC REQP-1839] RAMB36 async control check: The RAMB36E1 u_soc/u_axi_ram/u_fpga_sram/BRAM_reg_0_0_0 has an input control pin u_soc/u_axi_ram/u_fpga_sram/BRAM_reg_0_0_0/ADDRARDADDR[15] (net: u_soc/u_axi_ram/u_fpga_sram/fpga_sram_addr[15]) which is driven by a register (u_soc/u_axi_ram/u_axi_sram_sp/ax_req_q_addr_reg[20]) that has an active asychronous set or reset. This may cause corruption of the memory contents and/or read values when the set/reset is asserted and is not analyzed by the default static timing analysis. It is suggested to eliminate the use of a set/reset to registers driving this RAMB pin or else use a synchronous reset in which the assertion of the reset is timed by default.
WARNING: [DRC REQP-1839] RAMB36 async control check: The RAMB36E1 u_soc/u_axi_ram/u_fpga_sram/BRAM_reg_0_0_0 has an input control pin u_soc/u_axi_ram/u_fpga_sram/BRAM_reg_0_0_0/ADDRARDADDR[15] (net: u_soc/u_axi_ram/u_fpga_sram/fpga_sram_addr[15]) which is driven by a register (u_soc/u_axi_ram/u_axi_sram_sp/ax_req_q_addr_reg[21]) that has an active asychronous set or reset. This may cause corruption of the memory contents and/or read values when the set/reset is asserted and is not analyzed by the default static timing analysis. It is suggested to eliminate the use of a set/reset to registers driving this RAMB pin or else use a synchronous reset in which the assertion of the reset is timed by default.
WARNING: [DRC REQP-1839] RAMB36 async control check: The RAMB36E1 u_soc/u_axi_ram/u_fpga_sram/BRAM_reg_0_0_0 has an input control pin u_soc/u_axi_ram/u_fpga_sram/BRAM_reg_0_0_0/ADDRARDADDR[15] (net: u_soc/u_axi_ram/u_fpga_sram/fpga_sram_addr[15]) which is driven by a register (u_soc/u_axi_ram/u_axi_sram_sp/ax_req_q_addr_reg[2]) that has an active asychronous set or reset. This may cause corruption of the memory contents and/or read values when the set/reset is asserted and is not analyzed by the default static timing analysis. It is suggested to eliminate the use of a set/reset to registers driving this RAMB pin or else use a synchronous reset in which the assertion of the reset is timed by default.
WARNING: [DRC REQP-1839] RAMB36 async control check: The RAMB36E1 u_soc/u_axi_ram/u_fpga_sram/BRAM_reg_0_0_0 has an input control pin u_soc/u_axi_ram/u_fpga_sram/BRAM_reg_0_0_0/ADDRARDADDR[15] (net: u_soc/u_axi_ram/u_fpga_sram/fpga_sram_addr[15]) which is driven by a register (u_soc/u_axi_ram/u_axi_sram_sp/ax_req_q_addr_reg[3]) that has an active asychronous set or reset. This may cause corruption of the memory contents and/or read values when the set/reset is asserted and is not analyzed by the default static timing analysis. It is suggested to eliminate the use of a set/reset to registers driving this RAMB pin or else use a synchronous reset in which the assertion of the reset is timed by default.
WARNING: [DRC REQP-1839] RAMB36 async control check: The RAMB36E1 u_soc/u_axi_ram/u_fpga_sram/BRAM_reg_0_0_0 has an input control pin u_soc/u_axi_ram/u_fpga_sram/BRAM_reg_0_0_0/ADDRARDADDR[15] (net: u_soc/u_axi_ram/u_fpga_sram/fpga_sram_addr[15]) which is driven by a register (u_soc/u_axi_ram/u_axi_sram_sp/ax_req_q_addr_reg[4]) that has an active asychronous set or reset. This may cause corruption of the memory contents and/or read values when the set/reset is asserted and is not analyzed by the default static timing analysis. It is suggested to eliminate the use of a set/reset to registers driving this RAMB pin or else use a synchronous reset in which the assertion of the reset is timed by default.
WARNING: [DRC REQP-1839] RAMB36 async control check: The RAMB36E1 u_soc/u_axi_ram/u_fpga_sram/BRAM_reg_0_0_0 has an input control pin u_soc/u_axi_ram/u_fpga_sram/BRAM_reg_0_0_0/ADDRARDADDR[15] (net: u_soc/u_axi_ram/u_fpga_sram/fpga_sram_addr[15]) which is driven by a register (u_soc/u_axi_ram/u_axi_sram_sp/ax_req_q_addr_reg[5]) that has an active asychronous set or reset. This may cause corruption of the memory contents and/or read values when the set/reset is asserted and is not analyzed by the default static timing analysis. It is suggested to eliminate the use of a set/reset to registers driving this RAMB pin or else use a synchronous reset in which the assertion of the reset is timed by default.
WARNING: [DRC REQP-1839] RAMB36 async control check: The RAMB36E1 u_soc/u_axi_ram/u_fpga_sram/BRAM_reg_0_0_0 has an input control pin u_soc/u_axi_ram/u_fpga_sram/BRAM_reg_0_0_0/ADDRARDADDR[15] (net: u_soc/u_axi_ram/u_fpga_sram/fpga_sram_addr[15]) which is driven by a register (u_soc/u_axi_ram/u_axi_sram_sp/ax_req_q_addr_reg[7]) that has an active asychronous set or reset. This may cause corruption of the memory contents and/or read values when the set/reset is asserted and is not analyzed by the default static timing analysis. It is suggested to eliminate the use of a set/reset to registers driving this RAMB pin or else use a synchronous reset in which the assertion of the reset is timed by default.
WARNING: [DRC REQP-1839] RAMB36 async control check: The RAMB36E1 u_soc/u_axi_ram/u_fpga_sram/BRAM_reg_0_0_0 has an input control pin u_soc/u_axi_ram/u_fpga_sram/BRAM_reg_0_0_0/ADDRARDADDR[15] (net: u_soc/u_axi_ram/u_fpga_sram/fpga_sram_addr[15]) which is driven by a register (u_soc/u_axi_ram/u_axi_sram_sp/ax_req_q_addr_reg[8]) that has an active asychronous set or reset. This may cause corruption of the memory contents and/or read values when the set/reset is asserted and is not analyzed by the default static timing analysis. It is suggested to eliminate the use of a set/reset to registers driving this RAMB pin or else use a synchronous reset in which the assertion of the reset is timed by default.
WARNING: [DRC REQP-1839] RAMB36 async control check: The RAMB36E1 u_soc/u_axi_ram/u_fpga_sram/BRAM_reg_0_0_0 has an input control pin u_soc/u_axi_ram/u_fpga_sram/BRAM_reg_0_0_0/ADDRARDADDR[15] (net: u_soc/u_axi_ram/u_fpga_sram/fpga_sram_addr[15]) which is driven by a register (u_soc/u_axi_ram/u_axi_sram_sp/ax_req_q_addr_reg[9]) that has an active asychronous set or reset. This may cause corruption of the memory contents and/or read values when the set/reset is asserted and is not analyzed by the default static timing analysis. It is suggested to eliminate the use of a set/reset to registers driving this RAMB pin or else use a synchronous reset in which the assertion of the reset is timed by default.
WARNING: [DRC REQP-1839] RAMB36 async control check: The RAMB36E1 u_soc/u_axi_ram/u_fpga_sram/BRAM_reg_0_0_0 has an input control pin u_soc/u_axi_ram/u_fpga_sram/BRAM_reg_0_0_0/ADDRARDADDR[15] (net: u_soc/u_axi_ram/u_fpga_sram/fpga_sram_addr[15]) which is driven by a register (u_soc/u_axi_ram/u_axi_sram_sp/ax_req_q_burst_reg[0]) that has an active asychronous set or reset. This may cause corruption of the memory contents and/or read values when the set/reset is asserted and is not analyzed by the default static timing analysis. It is suggested to eliminate the use of a set/reset to registers driving this RAMB pin or else use a synchronous reset in which the assertion of the reset is timed by default.
WARNING: [DRC REQP-1839] RAMB36 async control check: The RAMB36E1 u_soc/u_axi_ram/u_fpga_sram/BRAM_reg_0_0_0 has an input control pin u_soc/u_axi_ram/u_fpga_sram/BRAM_reg_0_0_0/ADDRARDADDR[15] (net: u_soc/u_axi_ram/u_fpga_sram/fpga_sram_addr[15]) which is driven by a register (u_soc/u_axi_ram/u_axi_sram_sp/ax_req_q_burst_reg[1]) that has an active asychronous set or reset. This may cause corruption of the memory contents and/or read values when the set/reset is asserted and is not analyzed by the default static timing analysis. It is suggested to eliminate the use of a set/reset to registers driving this RAMB pin or else use a synchronous reset in which the assertion of the reset is timed by default.
WARNING: [DRC REQP-1840] RAMB18 async control check: The RAMB18E1 u_soc/u_cpu/icache/data_ram_way[0].data_ram_bank[2].u/mem_reg_reg has an input control pin u_soc/u_cpu/icache/data_ram_way[0].data_ram_bank[2].u/mem_reg_reg/ADDRARDADDR[10] (net: u_soc/u_cpu/icache/data_ram_way[0].data_ram_bank[2].u/ADDRBWRADDR[5]) which is driven by a register (u_soc/u_Axi_CDC/rFifo/popCC_addressGen_rValid_reg) that has an active asychronous set or reset. This may cause corruption of the memory contents and/or read values when the set/reset is asserted and is not analyzed by the default static timing analysis. It is suggested to eliminate the use of a set/reset to registers driving this RAMB pin or else use a synchronous reset in which the assertion of the reset is timed by default.
WARNING: [DRC REQP-1840] RAMB18 async control check: The RAMB18E1 u_soc/u_cpu/icache/data_ram_way[0].data_ram_bank[2].u/mem_reg_reg has an input control pin u_soc/u_cpu/icache/data_ram_way[0].data_ram_bank[2].u/mem_reg_reg/ADDRARDADDR[11] (net: u_soc/u_cpu/icache/data_ram_way[0].data_ram_bank[2].u/ADDRBWRADDR[6]) which is driven by a register (u_soc/u_Axi_CDC/rFifo/popCC_addressGen_rValid_reg) that has an active asychronous set or reset. This may cause corruption of the memory contents and/or read values when the set/reset is asserted and is not analyzed by the default static timing analysis. It is suggested to eliminate the use of a set/reset to registers driving this RAMB pin or else use a synchronous reset in which the assertion of the reset is timed by default.
WARNING: [DRC REQP-1840] RAMB18 async control check: The RAMB18E1 u_soc/u_cpu/icache/data_ram_way[0].data_ram_bank[2].u/mem_reg_reg has an input control pin u_soc/u_cpu/icache/data_ram_way[0].data_ram_bank[2].u/mem_reg_reg/ADDRARDADDR[12] (net: u_soc/u_cpu/icache/data_ram_way[0].data_ram_bank[2].u/ADDRBWRADDR[7]) which is driven by a register (u_soc/u_Axi_CDC/rFifo/popCC_addressGen_rValid_reg) that has an active asychronous set or reset. This may cause corruption of the memory contents and/or read values when the set/reset is asserted and is not analyzed by the default static timing analysis. It is suggested to eliminate the use of a set/reset to registers driving this RAMB pin or else use a synchronous reset in which the assertion of the reset is timed by default.
WARNING: [DRC REQP-1840] RAMB18 async control check: The RAMB18E1 u_soc/u_cpu/icache/data_ram_way[0].data_ram_bank[2].u/mem_reg_reg has an input control pin u_soc/u_cpu/icache/data_ram_way[0].data_ram_bank[2].u/mem_reg_reg/ADDRARDADDR[5] (net: u_soc/u_cpu/icache/data_ram_way[0].data_ram_bank[2].u/ADDRBWRADDR[0]) which is driven by a register (u_soc/u_Axi_CDC/rFifo/popCC_addressGen_rValid_reg) that has an active asychronous set or reset. This may cause corruption of the memory contents and/or read values when the set/reset is asserted and is not analyzed by the default static timing analysis. It is suggested to eliminate the use of a set/reset to registers driving this RAMB pin or else use a synchronous reset in which the assertion of the reset is timed by default.
WARNING: [DRC REQP-1840] RAMB18 async control check: The RAMB18E1 u_soc/u_cpu/icache/data_ram_way[0].data_ram_bank[2].u/mem_reg_reg has an input control pin u_soc/u_cpu/icache/data_ram_way[0].data_ram_bank[2].u/mem_reg_reg/ADDRARDADDR[6] (net: u_soc/u_cpu/icache/data_ram_way[0].data_ram_bank[2].u/ADDRBWRADDR[1]) which is driven by a register (u_soc/u_Axi_CDC/rFifo/popCC_addressGen_rValid_reg) that has an active asychronous set or reset. This may cause corruption of the memory contents and/or read values when the set/reset is asserted and is not analyzed by the default static timing analysis. It is suggested to eliminate the use of a set/reset to registers driving this RAMB pin or else use a synchronous reset in which the assertion of the reset is timed by default.
WARNING: [DRC REQP-1840] RAMB18 async control check: The RAMB18E1 u_soc/u_cpu/icache/data_ram_way[0].data_ram_bank[2].u/mem_reg_reg has an input control pin u_soc/u_cpu/icache/data_ram_way[0].data_ram_bank[2].u/mem_reg_reg/ADDRARDADDR[7] (net: u_soc/u_cpu/icache/data_ram_way[0].data_ram_bank[2].u/ADDRBWRADDR[2]) which is driven by a register (u_soc/u_Axi_CDC/rFifo/popCC_addressGen_rValid_reg) that has an active asychronous set or reset. This may cause corruption of the memory contents and/or read values when the set/reset is asserted and is not analyzed by the default static timing analysis. It is suggested to eliminate the use of a set/reset to registers driving this RAMB pin or else use a synchronous reset in which the assertion of the reset is timed by default.
WARNING: [DRC REQP-1840] RAMB18 async control check: The RAMB18E1 u_soc/u_cpu/icache/data_ram_way[0].data_ram_bank[2].u/mem_reg_reg has an input control pin u_soc/u_cpu/icache/data_ram_way[0].data_ram_bank[2].u/mem_reg_reg/ADDRARDADDR[8] (net: u_soc/u_cpu/icache/data_ram_way[0].data_ram_bank[2].u/ADDRBWRADDR[3]) which is driven by a register (u_soc/u_Axi_CDC/rFifo/popCC_addressGen_rValid_reg) that has an active asychronous set or reset. This may cause corruption of the memory contents and/or read values when the set/reset is asserted and is not analyzed by the default static timing analysis. It is suggested to eliminate the use of a set/reset to registers driving this RAMB pin or else use a synchronous reset in which the assertion of the reset is timed by default.
WARNING: [DRC REQP-1840] RAMB18 async control check: The RAMB18E1 u_soc/u_cpu/icache/data_ram_way[0].data_ram_bank[2].u/mem_reg_reg has an input control pin u_soc/u_cpu/icache/data_ram_way[0].data_ram_bank[2].u/mem_reg_reg/ADDRARDADDR[9] (net: u_soc/u_cpu/icache/data_ram_way[0].data_ram_bank[2].u/ADDRBWRADDR[4]) which is driven by a register (u_soc/u_Axi_CDC/rFifo/popCC_addressGen_rValid_reg) that has an active asychronous set or reset. This may cause corruption of the memory contents and/or read values when the set/reset is asserted and is not analyzed by the default static timing analysis. It is suggested to eliminate the use of a set/reset to registers driving this RAMB pin or else use a synchronous reset in which the assertion of the reset is timed by default.
WARNING: [DRC REQP-1840] RAMB18 async control check: The RAMB18E1 u_soc/u_cpu/icache/data_ram_way[0].data_ram_bank[2].u/mem_reg_reg has an input control pin u_soc/u_cpu/icache/data_ram_way[0].data_ram_bank[2].u/mem_reg_reg/ADDRBWRADDR[10] (net: u_soc/u_cpu/icache/data_ram_way[0].data_ram_bank[2].u/ADDRBWRADDR[5]) which is driven by a register (u_soc/u_Axi_CDC/rFifo/popCC_addressGen_rValid_reg) that has an active asychronous set or reset. This may cause corruption of the memory contents and/or read values when the set/reset is asserted and is not analyzed by the default static timing analysis. It is suggested to eliminate the use of a set/reset to registers driving this RAMB pin or else use a synchronous reset in which the assertion of the reset is timed by default.
WARNING: [DRC REQP-1840] RAMB18 async control check: The RAMB18E1 u_soc/u_cpu/icache/data_ram_way[0].data_ram_bank[2].u/mem_reg_reg has an input control pin u_soc/u_cpu/icache/data_ram_way[0].data_ram_bank[2].u/mem_reg_reg/ADDRBWRADDR[11] (net: u_soc/u_cpu/icache/data_ram_way[0].data_ram_bank[2].u/ADDRBWRADDR[6]) which is driven by a register (u_soc/u_Axi_CDC/rFifo/popCC_addressGen_rValid_reg) that has an active asychronous set or reset. This may cause corruption of the memory contents and/or read values when the set/reset is asserted and is not analyzed by the default static timing analysis. It is suggested to eliminate the use of a set/reset to registers driving this RAMB pin or else use a synchronous reset in which the assertion of the reset is timed by default.
WARNING: [DRC REQP-1840] RAMB18 async control check: The RAMB18E1 u_soc/u_cpu/icache/data_ram_way[0].data_ram_bank[2].u/mem_reg_reg has an input control pin u_soc/u_cpu/icache/data_ram_way[0].data_ram_bank[2].u/mem_reg_reg/ADDRBWRADDR[12] (net: u_soc/u_cpu/icache/data_ram_way[0].data_ram_bank[2].u/ADDRBWRADDR[7]) which is driven by a register (u_soc/u_Axi_CDC/rFifo/popCC_addressGen_rValid_reg) that has an active asychronous set or reset. This may cause corruption of the memory contents and/or read values when the set/reset is asserted and is not analyzed by the default static timing analysis. It is suggested to eliminate the use of a set/reset to registers driving this RAMB pin or else use a synchronous reset in which the assertion of the reset is timed by default.
WARNING: [DRC REQP-1840] RAMB18 async control check: The RAMB18E1 u_soc/u_cpu/icache/data_ram_way[0].data_ram_bank[2].u/mem_reg_reg has an input control pin u_soc/u_cpu/icache/data_ram_way[0].data_ram_bank[2].u/mem_reg_reg/ADDRBWRADDR[5] (net: u_soc/u_cpu/icache/data_ram_way[0].data_ram_bank[2].u/ADDRBWRADDR[0]) which is driven by a register (u_soc/u_Axi_CDC/rFifo/popCC_addressGen_rValid_reg) that has an active asychronous set or reset. This may cause corruption of the memory contents and/or read values when the set/reset is asserted and is not analyzed by the default static timing analysis. It is suggested to eliminate the use of a set/reset to registers driving this RAMB pin or else use a synchronous reset in which the assertion of the reset is timed by default.
WARNING: [DRC REQP-1840] RAMB18 async control check: The RAMB18E1 u_soc/u_cpu/icache/data_ram_way[0].data_ram_bank[2].u/mem_reg_reg has an input control pin u_soc/u_cpu/icache/data_ram_way[0].data_ram_bank[2].u/mem_reg_reg/ADDRBWRADDR[6] (net: u_soc/u_cpu/icache/data_ram_way[0].data_ram_bank[2].u/ADDRBWRADDR[1]) which is driven by a register (u_soc/u_Axi_CDC/rFifo/popCC_addressGen_rValid_reg) that has an active asychronous set or reset. This may cause corruption of the memory contents and/or read values when the set/reset is asserted and is not analyzed by the default static timing analysis. It is suggested to eliminate the use of a set/reset to registers driving this RAMB pin or else use a synchronous reset in which the assertion of the reset is timed by default.
WARNING: [DRC REQP-1840] RAMB18 async control check: The RAMB18E1 u_soc/u_cpu/icache/data_ram_way[0].data_ram_bank[2].u/mem_reg_reg has an input control pin u_soc/u_cpu/icache/data_ram_way[0].data_ram_bank[2].u/mem_reg_reg/ADDRBWRADDR[7] (net: u_soc/u_cpu/icache/data_ram_way[0].data_ram_bank[2].u/ADDRBWRADDR[2]) which is driven by a register (u_soc/u_Axi_CDC/rFifo/popCC_addressGen_rValid_reg) that has an active asychronous set or reset. This may cause corruption of the memory contents and/or read values when the set/reset is asserted and is not analyzed by the default static timing analysis. It is suggested to eliminate the use of a set/reset to registers driving this RAMB pin or else use a synchronous reset in which the assertion of the reset is timed by default.
WARNING: [DRC REQP-1840] RAMB18 async control check: The RAMB18E1 u_soc/u_cpu/icache/data_ram_way[0].data_ram_bank[2].u/mem_reg_reg has an input control pin u_soc/u_cpu/icache/data_ram_way[0].data_ram_bank[2].u/mem_reg_reg/ADDRBWRADDR[8] (net: u_soc/u_cpu/icache/data_ram_way[0].data_ram_bank[2].u/ADDRBWRADDR[3]) which is driven by a register (u_soc/u_Axi_CDC/rFifo/popCC_addressGen_rValid_reg) that has an active asychronous set or reset. This may cause corruption of the memory contents and/or read values when the set/reset is asserted and is not analyzed by the default static timing analysis. It is suggested to eliminate the use of a set/reset to registers driving this RAMB pin or else use a synchronous reset in which the assertion of the reset is timed by default.
WARNING: [DRC REQP-1840] RAMB18 async control check: The RAMB18E1 u_soc/u_cpu/icache/data_ram_way[0].data_ram_bank[2].u/mem_reg_reg has an input control pin u_soc/u_cpu/icache/data_ram_way[0].data_ram_bank[2].u/mem_reg_reg/ADDRBWRADDR[9] (net: u_soc/u_cpu/icache/data_ram_way[0].data_ram_bank[2].u/ADDRBWRADDR[4]) which is driven by a register (u_soc/u_Axi_CDC/rFifo/popCC_addressGen_rValid_reg) that has an active asychronous set or reset. This may cause corruption of the memory contents and/or read values when the set/reset is asserted and is not analyzed by the default static timing analysis. It is suggested to eliminate the use of a set/reset to registers driving this RAMB pin or else use a synchronous reset in which the assertion of the reset is timed by default.
WARNING: [DRC REQP-1840] RAMB18 async control check: The RAMB18E1 u_soc/u_cpu/icache/data_ram_way[0].data_ram_bank[2].u/mem_reg_reg has an input control pin u_soc/u_cpu/icache/data_ram_way[0].data_ram_bank[2].u/mem_reg_reg/ENARDEN (net: u_soc/u_cpu/icache/data_ram_way[0].data_ram_bank[2].u/mem_reg_reg_i_1__5_n_0) which is driven by a register (u_soc/u_Axi_CDC/rFifo/popCC_addressGen_rValid_reg) that has an active asychronous set or reset. This may cause corruption of the memory contents and/or read values when the set/reset is asserted and is not analyzed by the default static timing analysis. It is suggested to eliminate the use of a set/reset to registers driving this RAMB pin or else use a synchronous reset in which the assertion of the reset is timed by default.
WARNING: [DRC REQP-1840] RAMB18 async control check: The RAMB18E1 u_soc/u_cpu/icache/data_ram_way[0].data_ram_bank[2].u/mem_reg_reg has an input control pin u_soc/u_cpu/icache/data_ram_way[0].data_ram_bank[2].u/mem_reg_reg/ENBWREN (net: u_soc/u_cpu/icache/data_ram_way[0].data_ram_bank[2].u/mem_reg_reg_i_2__3_n_0) which is driven by a register (u_soc/u_Axi_CDC/rFifo/popCC_addressGen_rValid_reg) that has an active asychronous set or reset. This may cause corruption of the memory contents and/or read values when the set/reset is asserted and is not analyzed by the default static timing analysis. It is suggested to eliminate the use of a set/reset to registers driving this RAMB pin or else use a synchronous reset in which the assertion of the reset is timed by default.
WARNING: [DRC REQP-1840] RAMB18 async control check: The RAMB18E1 u_soc/u_cpu/icache/data_ram_way[0].data_ram_bank[2].u/mem_reg_reg has an input control pin u_soc/u_cpu/icache/data_ram_way[0].data_ram_bank[2].u/mem_reg_reg/WEBWE[2] (net: u_soc/u_cpu/icache/data_ram_way[0].data_ram_bank[2].u/way_bank_wea[0][2]0) which is driven by a register (u_soc/u_Axi_CDC/rFifo/popCC_addressGen_rValid_reg) that has an active asychronous set or reset. This may cause corruption of the memory contents and/or read values when the set/reset is asserted and is not analyzed by the default static timing analysis. It is suggested to eliminate the use of a set/reset to registers driving this RAMB pin or else use a synchronous reset in which the assertion of the reset is timed by default.
WARNING: [DRC REQP-1840] RAMB18 async control check: The RAMB18E1 u_soc/u_cpu/icache/data_ram_way[0].data_ram_bank[2].u/mem_reg_reg has an input control pin u_soc/u_cpu/icache/data_ram_way[0].data_ram_bank[2].u/mem_reg_reg/WEBWE[3] (net: u_soc/u_cpu/icache/data_ram_way[0].data_ram_bank[2].u/way_bank_wea[0][2]0) which is driven by a register (u_soc/u_Axi_CDC/rFifo/popCC_addressGen_rValid_reg) that has an active asychronous set or reset. This may cause corruption of the memory contents and/or read values when the set/reset is asserted and is not analyzed by the default static timing analysis. It is suggested to eliminate the use of a set/reset to registers driving this RAMB pin or else use a synchronous reset in which the assertion of the reset is timed by default.
INFO: [Vivado 12-3199] DRC finished with 0 Errors, 51 Warnings
INFO: [Vivado 12-3200] Please refer to the DRC report (report_drc) for more information.
INFO: [Designutils 20-2272] Running write_bitstream with 8 threads.
Loading data files...
Loading site data...
Loading route data...
Processing options...
Creating bitmap...
Creating bitstream...
Bitstream compression saved 27479584 bits.
Writing bitstream D:/loongarch_soc/nh3_soc_dma_touch_demo/output/nh3_demo_soc_dma_tft_touch.bit...
INFO: [Vivado 12-1842] Bitgen Completed Successfully.
INFO: [Project 1-120] WebTalk data collection is mandatory when using a WebPACK part without a full Vivado license. To see the specific WebTalk data collected for your design, open the usage_statistics_webtalk.html or usage_statistics_webtalk.xml file in the implementation directory.
CRITICAL WARNING: [Common 17-570] Unable to write the webtalk settings file.  Please check that the appropriate environment variable (APPDATA or HOME) is properly set.
CRITICAL WARNING: [Common 17-570] Unable to write the webtalk settings file.  Please check that the appropriate environment variable (APPDATA or HOME) is properly set.
INFO: [Common 17-83] Releasing license: Implementation
9 Infos, 51 Warnings, 2 Critical Warnings and 0 Errors encountered.
write_bitstream completed successfully
write_bitstream: Time (s): cpu = 00:01:20 ; elapsed = 00:00:32 . Memory (MB): peak = 3536.316 ; gain = 276.973
# puts "BITSTREAM=$bit_file"
BITSTREAM=D:/loongarch_soc/nh3_soc_dma_touch_demo/output/nh3_demo_soc_dma_tft_touch.bit
# puts "FPGA_PART=[get_property PART [current_project]]"
FPGA_PART=xc7a200tfbg676-1
# close_project
INFO: [Common 17-206] Exiting Vivado at Mon Jul 20 20:19:55 2026...
